user_id,posts,total_eng,mean_eng,mean_likes,follower_count,country,language,account_created,engagement_rate,age_days_at_start,power_creator,high_volume_low_yield,quiet_performer,casual
user_00evmn72,10,31302.0,3130.2,2298.4444444444443,28265.0,South Africa,hi,2023-03-28,1.1074473730762426,400,False,True,False,False
user_01hav2yk,6,16095.0,2682.5,1182.0,14971.0,Spain,es,2023-11-20,1.0750784850711375,163,False,False,False,True
user_01mu2x1s,7,36019.0,5145.571428571428,3532.0,25887.0,Canada,es,2023-11-02,1.391393363464287,181,False,False,False,False
user_0281t7ll,11,24754.0,2250.3636363636365,1361.111111111111,20201.0,United States,de,2023-07-30,1.2253848819365378,276,False,True,False,False
user_02sm9ly7,7,22771.0,3253.0,1824.0,48317.0,South Korea,ru,2023-10-12,0.47128339921766665,202,False,False,False,True
user_04aagjp1,9,31757.0,3528.5555555555557,2363.25,19180.0,Brazil,de,2023-10-31,1.6557351407716372,183,False,False,False,False
user_056jjlrt,4,19484.0,4871.0,3312.25,41352.0,,ja,2023-01-16,0.4711743083768621,471,False,False,True,False
user_057ka83m,8,35293.0,4411.625,3214.5714285714284,17153.0,United Kingdom,zh,2023-02-11,2.057540954934997,445,False,False,False,False
user_06v0exkg,11,39329.0,3575.3636363636365,2216.7,552.0,Spain,zh,2023-05-20,71.2481884057971,347,False,True,False,False
user_084pfdpp,3,9149.0,3049.6666666666665,2569.5,33781.0,Australia,ar,2023-02-11,0.2708327166158491,445,False,False,False,True
user_086yixlz,6,19372.0,3228.6666666666665,1989.6666666666667,36105.0,France,ar,2023-04-29,0.5365461847389559,368,False,False,False,True
user_096zrz0x,7,33052.0,4721.714285714285,3500.714285714286,44273.0,China,ru,2023-09-30,0.7465498159148917,214,False,False,False,False
user_0aacyvtz,11,45616.0,4146.909090909091,2882.9,1452.0,Italy,ru,2023-01-19,31.415977961432507,468,True,False,False,False
user_0bjcdj9t,8,31879.0,3984.875,2749.285714285714,40001.0,Japan,pt,2023-07-31,0.7969550761230969,275,False,False,False,False
user_0c5vu9wm,4,14484.0,3621.0,2292.3333333333335,43214.0,Nigeria,ru,2023-09-27,0.3351691581431943,217,False,False,False,False
user_0digod7y,6,22834.0,3805.6666666666665,2601.6666666666665,27536.0,Egypt,ar,2023-07-31,0.8292417199302731,275,False,False,False,False
user_0e2how9t,6,28429.0,4738.166666666667,3693.2,23563.0,Australia,hi,2023-09-03,1.2065102066799644,241,False,False,False,False
user_0eufcipi,7,18726.0,2675.1428571428573,2265.75,27089.0,China,pt,2023-08-18,0.6912769020635683,257,False,False,False,True
user_0fraxbyo,8,20662.0,2582.75,1709.8,15607.0,Australia,es,2023-11-30,1.3238931248798615,153,False,False,False,False
user_0irp4abu,13,48989.0,3768.3846153846152,3240.5,44206.0,Canada,hi,2023-12-14,1.1081979821743655,139,False,False,False,False
user_0j0vawcx,8,30085.0,3760.625,2400.25,16446.0,United States,ja,2023-08-20,1.8293201994405934,255,False,False,False,False
user_0j9a7ict,5,16821.0,3364.2,2594.6666666666665,23031.0,China,de,2023-12-01,0.7303634232121923,152,False,False,False,True
user_0jp66e6p,8,28826.0,3603.25,2278.0,21437.0,Brazil,es,2023-06-21,1.3446844241265103,315,False,False,False,False
user_0lbnqegj,7,23862.0,3408.8571428571427,2008.6,6358.0,Japan,ru,2023-03-30,3.7530670022019503,398,False,False,False,True
user_0nzzm3ff,4,15095.0,3773.75,2668.75,16757.0,Germany,es,2023-01-25,0.9008175687772274,462,False,False,False,False
user_0o5ujsl6,10,23623.0,2362.3,1692.6,48064.0,Japan,en,2023-04-17,0.49149051264980026,380,False,True,False,False
user_0osqp2dw,6,24599.0,4099.833333333333,3125.6,6432.0,United States,hi,2023-03-20,3.824471393034826,408,False,False,False,False
user_0ovhak73,11,35275.0,3206.818181818182,1900.1,32045.0,United States,hi,2023-12-15,1.1007957559681698,138,False,True,False,False
user_0q1hamqb,5,14144.0,2828.8,2324.0,14670.0,Australia,ru,2023-06-03,0.9641445126107703,333,False,False,False,True
user_0q7j2ayv,3,8172.0,2724.0,1201.6666666666667,23427.0,Brazil,pt,2023-01-17,0.34882827506723013,470,False,False,False,True
user_0riqrfz9,2,6496.0,3248.0,2436.5,12825.0,UAE,fr,2023-05-01,0.5065107212475634,366,False,False,False,True
user_0rnh8g2o,7,33537.0,4791.0,2845.0,41241.0,China,ru,2023-08-31,0.8131956063141049,244,False,False,False,False
user_0snf4coc,14,54457.0,3889.785714285714,2477.9285714285716,42927.0,Brazil,de,2023-07-27,1.268595522631444,279,False,False,False,False
user_0tn4l0qh,8,19925.0,2490.625,1813.0,26141.0,UAE,de,2023-08-22,0.762212616196779,253,False,False,False,False
user_0v6j8dal,12,37705.0,3142.0833333333335,2659.25,33723.0,United States,ru,2023-10-12,1.1180796489043086,202,False,True,False,False
user_0x2s6pho,7,20869.0,2981.285714285714,3396.5,26993.0,China,ja,2023-05-28,0.7731263660949135,339,False,False,False,True
user_0xdo28q7,6,21114.0,3519.0,1874.2,21353.0,Canada,ja,2023-06-20,0.9888071933686133,316,False,False,False,True
user_0xl8jeow,3,5550.0,1850.0,1016.0,24454.0,UAE,pt,2023-02-14,0.22695673509446307,442,False,False,False,True
user_0xmoolhz,9,33686.0,3742.8888888888887,2481.0,34501.0,United States,zh,2023-05-05,0.9763774963044549,362,False,False,False,False
user_0xtn0q1z,7,28057.0,4008.1428571428573,2622.714285714286,4956.0,Mexico,zh,2023-02-13,5.661218724778047,443,False,False,False,False
user_0z594tjp,6,21913.0,3652.1666666666665,3069.8,36674.0,France,zh,2023-02-25,0.5975077711730381,431,False,False,False,False
user_119tublg,5,16704.0,3340.8,2482.25,26429.0,Germany,zh,2023-11-02,0.6320329940595558,181,False,False,False,True
user_11phoejb,9,39925.0,4436.111111111111,3127.3333333333335,37944.0,South Korea,es,2023-06-02,1.0522085178157286,334,False,False,False,False
user_13595b5a,6,22435.0,3739.1666666666665,1730.0,28095.0,India,es,2023-02-14,0.798540665598861,442,False,False,False,False
user_140m58n3,5,16614.0,3322.8,1382.2,28999.0,Japan,fr,2023-06-10,0.5729163074588779,326,False,False,False,True
user_1461f2hf,5,21865.0,4373.0,3228.0,44644.0,Nigeria,ar,2023-03-18,0.48976346205537136,410,False,False,True,False
user_14ibkds2,10,43450.0,4345.0,2663.3,7361.0,,ar,2023-06-26,5.902730607254449,310,True,False,False,False
user_14r9qzdz,9,40708.0,4523.111111111111,3468.625,16489.0,Spain,ar,2023-04-07,2.468797380071563,390,False,False,False,False
user_15fd58cq,6,23986.0,3997.6666666666665,2804.4,16272.0,France,de,2023-08-14,1.4740658800393314,261,False,False,False,False
user_15i5qfz3,4,15127.0,3781.75,1816.75,6975.0,Japan,ja,2023-04-01,2.1687455197132617,396,False,False,False,False
user_15lozcpe,4,17211.0,4302.75,2544.0,44345.0,Mexico,zh,2023-07-28,0.3881159093471643,278,False,False,True,False
user_168r2uhp,9,30048.0,3338.6666666666665,2363.3333333333335,11610.0,United States,ja,2023-02-07,2.5881136950904393,449,False,False,False,False
user_16e488cy,7,17011.0,2430.1428571428573,2164.25,30617.0,Spain,hi,2023-01-19,0.5556063624783617,468,False,False,False,True
user_17homyqe,6,23413.0,3902.1666666666665,3566.25,4887.0,Canada,en,2023-07-27,4.790873746674851,279,False,False,False,False
user_17wg6hsy,5,12254.0,2450.8,1258.0,19199.0,Nigeria,pt,2023-10-27,0.6382624095004948,187,False,False,False,True
user_1cz5m9ov,5,14626.0,2925.2,2164.3333333333335,18267.0,China,hi,2023-01-19,0.800678819729567,468,False,False,False,True
user_1d3vq03j,8,43448.0,5431.0,3577.875,5068.0,Japan,hi,2023-06-19,8.573007103393843,317,False,False,False,False
user_1depqq3s,6,26689.0,4448.166666666667,3244.0,22365.0,Canada,fr,2023-09-19,1.1933378046054102,225,False,False,False,False
user_1dor4ub9,8,20284.0,2535.5,1909.0,3948.0,Australia,ru,2023-05-20,5.137791286727457,347,False,False,False,False
user_1egrs2d8,6,26697.0,4449.5,2621.0,17538.0,Australia,ja,2023-08-13,1.5222374273007184,262,False,False,False,False
user_1fg1p9nd,3,12707.0,4235.666666666667,2596.3333333333335,28852.0,India,de,2023-11-30,0.44042007486482737,153,False,False,True,False
user_1gol317c,3,13762.0,4587.333333333333,3718.6666666666665,10814.0,China,ru,2023-06-04,1.2726095801738486,332,False,False,True,False
user_1idhro2x,8,13657.0,1707.125,851.5,22564.0,,es,2023-05-26,0.6052561602552738,341,False,False,False,False
user_1in5bvdf,7,31828.0,4546.857142857143,2973.1428571428573,7749.0,,ar,2023-09-16,4.107368692734546,228,False,False,False,False
user_1nt0zhsu,4,7270.0,1817.5,379.6666666666667,45771.0,Canada,ru,2023-10-24,0.15883419632518406,190,False,False,False,True
user_1ol09hyk,7,30417.0,4345.285714285715,2938.714285714286,42907.0,Australia,ru,2023-10-11,0.708905306826392,203,False,False,False,False
user_1q9s4tw9,5,15113.0,3022.6,2014.75,29011.0,Germany,ja,2023-02-18,0.5209403329771466,438,False,False,False,True
user_1qiu13dr,8,30547.0,3818.375,3001.5714285714284,32906.0,Italy,fr,2023-05-14,0.928310946331976,353,False,False,False,False
user_1qpr9tga,7,34757.0,4965.285714285715,4015.8333333333335,31853.0,UAE,pt,2023-06-03,1.0911688067058047,333,False,False,False,False
user_1r0kftmv,8,25813.0,3226.625,3010.6,5380.0,United States,ru,2023-06-11,4.797955390334573,325,False,False,False,False
user_1rcpzj4g,8,15899.0,1987.375,2226.0,40768.0,Japan,ar,2023-02-03,0.38998724489795916,453,False,False,False,False
user_1s351pwn,8,21563.0,2695.375,2184.1428571428573,13971.0,Mexico,es,2023-04-15,1.5434113520864647,382,False,False,False,False
user_1tqy94o2,4,12978.0,3244.5,1415.0,28391.0,France,hi,2023-04-25,0.4571166919094079,372,False,False,False,True
user_1tx7gaza,4,8857.0,2214.25,1337.3333333333333,41034.0,Canada,ru,2023-01-02,0.21584539650046303,485,False,False,False,True
user_1txxsoau,6,21793.0,3632.1666666666665,2473.4,17465.0,UAE,ru,2023-05-01,1.2478099055253364,366,False,False,False,False
user_1uapaxtp,9,25083.0,2787.0,1509.142857142857,36015.0,Egypt,de,2023-10-16,0.6964598084131611,198,False,False,False,False
user_1ufvqzqz,5,19882.0,3976.4,2427.6,40348.0,United Kingdom,ru,2023-06-12,0.4927629622286111,324,False,False,False,False
user_1ug2c6v8,10,33480.0,3348.0,2593.125,30337.0,India,hi,2023-12-12,1.1036028611926032,141,False,True,False,False
user_1xh81tt1,4,11825.0,2956.25,1619.75,12104.0,Brazil,en,2023-10-25,0.9769497686715135,189,False,False,False,True
user_1ywmiv7e,8,30162.0,3770.25,2746.285714285714,41615.0,United Kingdom,de,2023-12-15,0.7247867355520846,138,False,False,False,False
user_20v16n7o,4,13398.0,3349.5,2552.6666666666665,35772.0,Japan,es,2023-06-23,0.37453874538745385,313,False,False,False,True
user_217ifsky,3,11405.0,3801.6666666666665,2513.3333333333335,45783.0,UAE,ja,2023-11-21,0.24910993163401263,162,False,False,False,False
user_21t39k1j,10,26232.0,2623.2,2249.2,41573.0,France,en,2023-11-13,0.6309864575565872,170,False,True,False,False
user_21xbx95a,6,11166.0,1861.0,1468.5,37334.0,UAE,es,2023-01-28,0.2990839449295548,459,False,False,False,True
user_22etnc8h,10,26074.0,2607.4,1639.625,41143.0,Germany,de,2023-02-10,0.6337408550664755,446,False,True,False,False
user_2413uvvt,8,29165.0,3645.625,2923.0,18809.0,,es,2023-05-25,1.5505874847147643,342,False,False,False,False
user_248wgev4,6,23967.0,3994.5,2185.0,9888.0,Japan,zh,2023-03-16,2.4238470873786406,412,False,False,False,False
user_24wzfb8b,14,53039.0,3788.5,2381.3333333333335,38633.0,Spain,zh,2023-02-27,1.3728936401522014,429,False,False,False,False
user_2515g13o,6,22002.0,3667.0,2640.5,25991.0,Australia,fr,2023-12-05,0.8465237966988572,148,False,False,False,False
user_261d32en,5,26413.0,5282.6,3501.6,12160.0,South Korea,es,2023-01-15,2.1721217105263158,472,False,False,True,False
user_26vqb3hm,5,18803.0,3760.6,2423.4,8736.0,Germany,en,2023-11-10,2.1523580586080584,173,False,False,False,False
user_27aje6ur,8,15748.0,1968.5,785.6666666666666,15671.0,Germany,hi,2023-08-08,1.0049135345542721,267,False,False,False,False
user_27gl0vx8,5,14147.0,2829.4,2415.3333333333335,39885.0,China,zh,2023-12-19,0.3546947473987715,134,False,False,False,True
user_282w0ezf,4,13388.0,3347.0,1631.0,34203.0,Germany,fr,2023-10-18,0.39142765254509837,196,False,False,False,True
user_29wn0kte,3,9723.0,3241.0,1398.0,24106.0,China,es,2023-05-07,0.40334356591719905,360,False,False,False,True
user_2a5282v7,8,32703.0,4087.875,3009.1428571428573,18564.0,Canada,hi,2023-10-13,1.7616354234001292,201,False,False,False,False
user_2a9bu71t,3,5141.0,1713.6666666666667,504.5,20046.0,United States,fr,2023-08-15,0.25646014167414943,260,False,False,False,True
user_2bd09win,10,36953.0,3695.3,2584.25,11965.0,Italy,en,2023-08-10,3.088424571667363,265,False,False,False,False
user_2bqhmzq3,9,32518.0,3613.1111111111113,2367.125,30207.0,Italy,pt,2023-10-08,1.0765054457576058,206,False,False,False,False
user_2c5wzose,2,13091.0,6545.5,4492.0,28647.0,Nigeria,zh,2023-07-21,0.45697629769260306,285,False,False,True,False
user_2cw1ku4n,6,23937.0,3989.5,2910.2,21168.0,Japan,fr,2023-09-03,1.130810657596372,241,False,False,False,False
user_2ecys8dy,8,20407.0,2550.875,1754.6666666666667,34991.0,,ru,2023-08-30,0.5832071103998171,245,False,False,False,False
user_2ezvg796,7,20524.0,2932.0,1861.1666666666667,34913.0,India,ja,2023-09-15,0.5878612551198694,229,False,False,False,True
user_2f0wwm7k,6,17418.0,2903.0,2260.25,38582.0,Brazil,ja,2023-02-20,0.451454045928153,436,False,False,False,True
user_2kmgah02,10,33953.0,3395.3,2448.1111111111113,49291.0,United States,en,2023-04-15,0.6888275750136942,382,False,True,False,False
user_2kpx7bq7,6,20547.0,3424.5,2575.2,1954.0,United Kingdom,zh,2023-08-02,10.515353121801432,273,False,False,False,True
user_2lslaaod,9,38556.0,4284.0,3763.8333333333335,7105.0,France,pt,2023-07-10,5.4266009852216746,296,False,False,False,False
user_2pjp6tpj,2,6584.0,3292.0,2424.0,44592.0,Brazil,de,2023-03-30,0.1476498026551848,398,False,False,False,True
user_2rs485d7,7,28574.0,4082.0,2931.0,37090.0,Australia,hi,2023-07-15,0.7703963332434618,291,False,False,False,False
user_2s55cc9o,8,35167.0,4395.875,2908.375,33673.0,Australia,ja,2023-01-15,1.0443678911887864,472,False,False,False,False
user_2suxlz6r,8,32832.0,4104.0,2803.75,24550.0,Canada,de,2023-06-26,1.3373523421588596,310,False,False,False,False
user_2sz5870k,9,42468.0,4718.666666666667,3777.375,22469.0,France,ar,2023-08-14,1.8900707641639591,261,False,False,False,False
user_2tbdto09,2,12001.0,6000.5,3554.0,15224.0,Australia,es,2023-01-17,0.7882947976878613,470,False,False,True,False
user_2te8mebn,6,20278.0,3379.6666666666665,2452.0,8398.0,France,fr,2023-09-07,2.414622529173613,237,False,False,False,True
user_2u0k09bc,7,35055.0,5007.857142857143,3334.4285714285716,11290.0,Egypt,zh,2023-05-25,3.104960141718335,342,False,False,False,False
user_2wy1g2f0,6,31785.0,5297.5,3455.8333333333335,5197.0,United Kingdom,en,2023-02-19,6.116028477968059,437,False,False,False,False
user_2y7586xm,8,30102.0,3762.75,2604.0,19874.0,United States,hi,2023-04-02,1.5146422461507498,395,False,False,False,False
user_2ytzut7i,12,52863.0,4405.25,2975.909090909091,17064.0,India,fr,2023-12-03,3.097925457102672,150,True,False,False,False
user_30jx467t,3,8033.0,2677.6666666666665,1576.0,26128.0,Brazil,zh,2023-03-16,0.30744794856093083,412,False,False,False,True
user_31qdm3s9,10,44199.0,4419.9,2677.5555555555557,33635.0,Brazil,pt,2023-12-06,1.3140775977404489,147,True,False,False,False
user_32g9y8pw,8,33512.0,4189.0,2934.714285714286,1876.0,China,ja,2023-08-18,17.863539445628998,257,False,False,False,False
user_3318o2cp,3,15558.0,5186.0,3212.3333333333335,2374.0,Egypt,zh,2023-07-01,6.553496208930076,305,False,False,True,False
user_34epscp1,5,20639.0,4127.8,2288.6,8767.0,Mexico,zh,2023-05-03,2.3541690430021673,364,False,False,True,False
user_34h6otv1,6,24130.0,4021.6666666666665,2949.6666666666665,825.0,India,hi,2023-09-01,29.24848484848485,243,False,False,False,False
user_34p96r93,8,18464.0,2308.0,1452.0,40540.0,Japan,ru,2023-03-22,0.4554514060187469,406,False,False,False,False
user_35tibb0k,9,25019.0,2779.8888888888887,1715.142857142857,24318.0,China,hi,2023-05-28,1.0288263837486635,339,False,False,False,False
user_36v8f0yz,11,41455.0,3768.6363636363635,2187.909090909091,11654.0,Mexico,zh,2023-04-26,3.5571477604256048,371,False,False,False,False
user_37dj1hp7,9,37651.0,4183.444444444444,2597.777777777778,28253.0,UAE,fr,2023-08-11,1.3326372420627899,264,False,False,False,False
user_37efz59m,7,22677.0,3239.5714285714284,3042.5,43780.0,,pt,2023-09-02,0.517976244860667,242,False,False,False,True
user_38xako3d,4,17219.0,4304.75,2257.25,26614.0,South Africa,en,2023-05-20,0.6469903058540618,347,False,False,True,False
user_3bumtqzs,9,36390.0,4043.3333333333335,2984.625,23677.0,Germany,ar,2023-06-18,1.536934577860371,318,False,False,False,False
user_3cp9v5hy,8,27482.0,3435.25,2445.4285714285716,11273.0,South Africa,de,2023-05-26,2.437860374345782,341,False,False,False,False
user_3dxz5ulg,11,38801.0,3527.3636363636365,2181.5,24698.0,Germany,pt,2023-10-07,1.571017896185926,207,False,True,False,False
user_3e6vbpgy,11,35652.0,3241.090909090909,2559.8571428571427,25969.0,India,ar,2023-02-26,1.3728676498902537,430,False,True,False,False
user_3ec3xlij,6,20501.0,3416.8333333333335,2834.25,42106.0,India,ar,2023-10-20,0.48689022942098514,194,False,False,False,True
user_3fjv1ho7,3,7308.0,2436.0,2338.0,23418.0,Brazil,ru,2023-09-17,0.31206764027671025,227,False,False,False,True
user_3g7d4564,3,11282.0,3760.6666666666665,2393.6666666666665,36459.0,South Africa,pt,2023-12-27,0.30944348446199843,126,False,False,False,False
user_3j8m535e,10,37826.0,3782.6,2985.4285714285716,24336.0,Japan,ar,2023-06-28,1.5543228139381986,308,False,False,False,False
user_3jedn9am,9,31936.0,3548.4444444444443,2746.5714285714284,29196.0,China,pt,2023-01-21,1.0938484723934785,466,False,False,False,False
user_3jxx3h3w,13,50768.0,3905.230769230769,2633.8333333333335,35570.0,United Kingdom,ru,2023-10-28,1.427270171492831,186,False,False,False,False
user_3k0yqpvo,4,12092.0,3023.0,2667.0,247.0,Japan,es,2023-12-14,48.955465587044536,139,False,False,False,True
user_3l8kzask,9,23570.0,2618.8888888888887,1323.4285714285713,11009.0,South Korea,es,2023-09-10,2.140975565446453,234,False,False,False,False
user_3m0fddpp,8,33829.0,4228.625,2868.5,327.0,Canada,fr,2023-03-01,103.4525993883792,427,False,False,False,False
user_3nei5tio,6,16696.0,2782.6666666666665,2310.75,27945.0,Italy,ja,2023-06-06,0.5974592950438361,330,False,False,False,True
user_3o7w66o2,7,22264.0,3180.5714285714284,3124.75,49944.0,Germany,ja,2023-11-28,0.44577927278551976,155,False,False,False,True
user_3obvzmc6,2,9744.0,4872.0,3901.5,40810.0,South Africa,es,2023-05-02,0.23876500857632932,365,False,False,True,False
user_3pd2fily,6,23115.0,3852.5,2753.6,3536.0,Italy,pt,2023-04-22,6.537047511312217,375,False,False,False,False
user_3rnkw0w0,6,18131.0,3021.8333333333335,2141.4,16930.0,United Kingdom,en,2023-08-30,1.070939161252215,245,False,False,False,True
user_3u7xgcuc,5,23659.0,4731.8,3137.6,11332.0,Italy,fr,2023-10-06,2.0878044475820685,208,False,False,True,False
user_3uo85im0,7,27158.0,3879.714285714286,2383.5714285714284,36466.0,United States,hi,2023-04-12,0.7447485328799429,385,False,False,False,False
user_3v5bmc1w,8,26368.0,3296.0,1674.625,45585.0,South Africa,ar,2023-11-22,0.5784358889985741,161,False,False,False,False
user_3wi6ruy5,7,18091.0,2584.4285714285716,1453.5,28743.0,South Korea,zh,2023-09-29,0.6294054204501965,215,False,False,False,True
user_3xgp44s2,10,35405.0,3540.5,1937.2,11935.0,China,es,2023-09-19,2.9664851277754503,225,False,True,False,False
user_3y9hmsqu,10,30739.0,3073.9,2087.625,4352.0,Nigeria,fr,2023-05-28,7.063189338235294,339,False,True,False,False
user_3ycqpch5,7,27581.0,3940.1428571428573,2467.1428571428573,14024.0,United States,ru,2023-07-06,1.9666999429549343,300,False,False,False,False
user_3yu3mkxs,4,11966.0,2991.5,1720.6666666666667,7564.0,Japan,pt,2023-07-19,1.5819672131147542,287,False,False,False,True
user_3zzvv8vp,12,55195.0,4599.583333333333,3276.25,42908.0,United States,ru,2023-05-23,1.2863568565302508,344,True,False,False,False
user_40dkmjju,3,11880.0,3960.0,2403.6666666666665,24631.0,India,ru,2023-09-15,0.4823190288660631,229,False,False,False,False
user_42iz424k,9,32990.0,3665.5555555555557,2737.625,15154.0,Brazil,hi,2023-08-30,2.176982974792134,245,False,False,False,False
user_44c2rr04,5,11265.0,2253.0,1303.6666666666667,33035.0,India,ar,2023-10-26,0.3410019676101105,188,False,False,False,True
user_44damk88,2,6582.0,3291.0,2307.0,16377.0,,zh,2023-09-14,0.40190511082615865,230,False,False,False,True
user_44de7ixg,8,25417.0,3177.125,2289.5714285714284,41901.0,United States,hi,2023-03-13,0.6065965012768192,415,False,False,False,False
user_44h4xl31,8,36331.0,4541.375,2818.625,48691.0,United States,ru,2023-11-12,0.7461543201002239,171,False,False,False,False
user_45oah4w1,2,5464.0,2732.0,930.0,43306.0,Japan,hi,2023-09-25,0.12617189304022539,219,False,False,False,True
user_45yefmlp,10,39660.0,3966.0,3141.125,37589.0,France,en,2023-10-22,1.055095905717098,192,False,False,False,False
user_46nz84dw,7,27962.0,3994.5714285714284,2726.8571428571427,15483.0,Spain,ja,2023-09-28,1.8059807530840277,216,False,False,False,False
user_47o2zlmp,5,10954.0,2190.8,1759.6666666666667,9632.0,Japan,pt,2023-10-22,1.1372508305647842,192,False,False,False,True
user_488o0j8b,6,23079.0,3846.5,2312.8,33551.0,Australia,en,2023-07-06,0.687878155643647,300,False,False,False,False
user_498vaurf,5,18002.0,3600.4,2686.6666666666665,39939.0,UAE,zh,2023-02-24,0.45073737449610657,432,False,False,False,True
user_49claaw8,8,35775.0,4471.875,3277.5714285714284,36636.0,Italy,de,2023-10-22,0.9764985260399607,192,False,False,False,False
user_49plobvw,11,37044.0,3367.6363636363635,1851.0,8470.0,China,es,2023-04-06,4.373553719008265,391,False,True,False,False
user_4a0layyx,8,23596.0,2949.5,2103.6666666666665,39364.0,South Africa,zh,2023-04-04,0.5994309521390102,393,False,False,False,False
user_4aitv3ib,5,23876.0,4775.2,3241.4,47961.0,Brazil,ja,2023-06-25,0.49782114634807445,311,False,False,True,False
user_4ald4jkl,5,14026.0,2805.2,1439.4,45703.0,China,pt,2023-06-27,0.30689451458328776,309,False,False,False,True
user_4bgfq7v1,10,30124.0,3012.4,1982.0,22396.0,Italy,ar,2023-03-17,1.3450616181460975,411,False,True,False,False
user_4f8e57uf,4,12496.0,3124.0,1864.3333333333333,38172.0,France,de,2023-07-28,0.3273603688567536,278,False,False,False,True
user_4f8xfwc5,6,19604.0,3267.3333333333335,1945.2,14834.0,China,ja,2023-03-23,1.3215585816367803,405,False,False,False,True
user_4glw6rrj,7,22694.0,3242.0,2480.2,6004.0,Mexico,ar,2023-11-17,3.77981345769487,166,False,False,False,True
user_4h2i9jla,6,24943.0,4157.166666666667,2675.8,37825.0,United States,pt,2023-12-10,0.6594315928618638,143,False,False,False,False
user_4h468qeh,6,26442.0,4407.0,2748.3333333333335,31209.0,Germany,ru,2023-09-25,0.8472555993463424,219,False,False,False,False
user_4i8oqswh,12,41452.0,3454.3333333333335,2071.2727272727275,8760.0,India,fr,2023-05-09,4.731963470319634,358,False,True,False,False
user_4irinnz8,6,25786.0,4297.666666666667,2539.3333333333335,38751.0,United States,ru,2023-06-02,0.6654279889551238,334,False,False,False,False
user_4jixdawy,7,23300.0,3328.5714285714284,2339.1666666666665,3507.0,Spain,pt,2023-01-01,6.643855146849159,486,False,False,False,True
user_4k5n0jkk,7,31329.0,4475.571428571428,2838.5,9309.0,Germany,pt,2023-11-17,3.365452787624879,166,False,False,False,False
user_4kq6t8bb,6,18071.0,3011.8333333333335,2099.0,38929.0,South Korea,en,2023-05-08,0.46420406380847185,359,False,False,False,True
user_4mf7je2u,5,12016.0,2403.2,1571.0,36544.0,South Korea,es,2023-12-29,0.3288091068301226,124,False,False,False,True
user_4mu1c80o,6,26798.0,4466.333333333333,2409.0,11711.0,United States,fr,2023-05-13,2.2882759798480063,354,False,False,False,False
user_4ne7qun0,5,16713.0,3342.6,2738.0,48020.0,Italy,pt,2023-04-09,0.34804248229904206,388,False,False,False,True
user_4o1z3322,2,6646.0,3323.0,3111.0,48982.0,Japan,ar,2023-08-22,0.13568249561063248,253,False,False,False,True
user_4ofue7ij,5,20732.0,4146.4,3233.0,25917.0,Canada,hi,2023-04-01,0.7999382644596211,396,False,False,True,False
user_4ol58cyf,5,20210.0,4042.0,2548.5,22618.0,France,fr,2023-12-24,0.8935361216730038,129,False,False,False,False
user_4oo5d5h3,8,31549.0,3943.625,2574.285714285714,13017.0,Brazil,ja,2023-04-14,2.423676730429438,383,False,False,False,False
user_4osioctr,2,7485.0,3742.5,4229.0,4284.0,Spain,ja,2023-05-27,1.7471988795518207,340,False,False,False,False
user_4si1kva2,5,19090.0,3818.0,3361.25,48682.0,South Africa,ar,2023-10-08,0.3921367240458486,206,False,False,False,False
user_4snqim59,8,26774.0,3346.75,2274.8571428571427,20152.0,France,pt,2023-07-03,1.3286026200873362,303,False,False,False,False
user_4tziovr6,4,18600.0,4650.0,3975.3333333333335,7972.0,Brazil,zh,2023-01-27,2.333166081284496,460,False,False,True,False
user_4vtz5fph,5,16467.0,3293.4,1920.6,4310.0,Germany,de,2023-05-22,3.8206496519721576,345,False,False,False,True
user_4wra4ou1,7,26901.0,3843.0,2635.5,6822.0,Egypt,es,2023-10-29,3.9432717678100264,185,False,False,False,False
user_4wv36fuu,9,36136.0,4015.1111111111113,2689.5,23582.0,Japan,fr,2023-03-31,1.5323551861589348,397,False,False,False,False
user_4wxjuaif,7,23033.0,3290.4285714285716,2263.0,39522.0,United States,en,2023-12-27,0.5827893325236577,126,False,False,False,True
user_4xle01hd,6,25415.0,4235.833333333333,2748.1666666666665,9516.0,France,ar,2023-05-05,2.670765027322404,362,False,False,False,False
user_4y5xrp4d,7,28563.0,4080.4285714285716,2026.7142857142858,18904.0,Brazil,ar,2023-07-02,1.5109500634786288,304,False,False,False,False
user_4zp9ao9r,7,25039.0,3577.0,1827.2857142857142,11678.0,Germany,de,2023-05-25,2.1441171433464636,342,False,False,False,True
user_51vr42t3,10,33320.0,3332.0,2301.714285714286,26761.0,Japan,ja,2023-08-04,1.2450954747580434,271,False,True,False,False
user_52k9e623,2,4456.0,2228.0,1400.0,23441.0,Italy,ja,2023-05-23,0.19009427925429803,344,False,False,False,True
user_52mjcujd,6,27244.0,4540.666666666667,2860.6666666666665,20543.0,United States,en,2023-12-25,1.3261938373168476,128,False,False,False,False
user_52nwb0a6,9,32258.0,3584.222222222222,2900.4285714285716,17113.0,Australia,pt,2023-10-31,1.884999707824461,183,False,False,False,False
user_52uwmqq1,4,14925.0,3731.25,3078.3333333333335,19204.0,United States,es,2023-12-11,0.7771818371172672,142,False,False,False,False
user_54ebzr3z,8,23980.0,2997.5,2067.8333333333335,606.0,United Kingdom,zh,2023-08-30,39.57095709570957,245,False,False,False,False
user_54fu8vw0,7,29251.0,4178.714285714285,4096.25,19805.0,India,hi,2023-01-05,1.4769502650845745,482,False,False,False,False
user_56ztj4ej,8,21439.0,2679.875,2147.5,33410.0,,zh,2023-01-20,0.6416941035618079,467,False,False,False,False
user_57r6dkm6,4,16467.0,4116.75,3100.6666666666665,6699.0,Canada,hi,2023-01-19,2.458128078817734,468,False,False,True,False
user_5805b7s5,7,32287.0,4612.428571428572,3380.0,29193.0,Japan,de,2023-07-29,1.1059843113075052,277,False,False,False,False
user_58if8cys,4,16005.0,4001.25,2201.75,12998.0,Spain,ar,2023-12-10,1.2313432835820894,143,False,False,False,False
user_58rc29a2,9,35057.0,3895.222222222222,2572.375,29379.0,Germany,fr,2023-09-28,1.193267299771946,216,False,False,False,False
user_59i5fn0m,8,35934.0,4491.75,2931.125,37251.0,India,en,2023-12-10,0.9646452444229685,143,False,False,False,False
user_5a2qumkk,7,18719.0,2674.1428571428573,2898.0,45960.0,Spain,es,2023-04-06,0.40728894691035683,391,False,False,False,True
user_5bifiovr,10,38566.0,3856.6,2730.5555555555557,44077.0,South Africa,zh,2023-05-11,0.874968804591964,356,False,False,False,False
user_5c73xjvg,4,17741.0,4435.25,3065.75,33817.0,Germany,fr,2023-03-18,0.524617795783186,410,False,False,True,False
user_5cvmwjfa,6,17713.0,2952.1666666666665,1791.3333333333333,38237.0,South Korea,ru,2023-04-06,0.46324240918482096,391,False,False,False,True
user_5cycq2el,2,7578.0,3789.0,2384.0,37223.0,Germany,hi,2023-07-26,0.20358380571152246,280,False,False,False,False
user_5dciucw4,5,24038.0,4807.6,2779.6,19889.0,,fr,2023-12-21,1.2086077731409322,132,False,False,True,False
user_5e327fyv,3,6592.0,2197.3333333333335,1555.5,14216.0,China,en,2023-03-27,0.4637028700056275,401,False,False,False,True
user_5e47gk4r,9,20875.0,2319.4444444444443,1615.1666666666667,41079.0,Italy,en,2023-12-31,0.5081671900484432,122,False,False,False,False
user_5exkshy7,7,29124.0,4160.571428571428,2720.0,43729.0,Brazil,ja,2023-09-19,0.6660111139061035,225,False,False,False,False
user_5g45dehl,6,18890.0,3148.3333333333335,2303.8,26719.0,Brazil,ar,2023-01-14,0.7069875369587185,473,False,False,False,True
user_5gi9jn4u,7,32251.0,4607.285714285715,3145.4285714285716,16464.0,,en,2023-08-09,1.958879980563654,266,False,False,False,False
user_5gxidbb7,7,21032.0,3004.5714285714284,3035.0,37766.0,United States,pt,2023-12-14,0.5569030344754541,139,False,False,False,True
user_5hllls25,5,16904.0,3380.8,1818.6,44839.0,United States,en,2023-07-18,0.3769932424897968,288,False,False,False,True
user_5idgm0pl,10,32801.0,3280.1,2015.6,19110.0,United Kingdom,fr,2023-04-21,1.7164311878597593,376,False,True,False,False
user_5ifruk1b,6,27186.0,4531.0,3098.5,3442.0,United States,de,2023-11-15,7.898314933178384,168,False,False,False,False
user_5jgxm2om,4,21975.0,5493.75,3858.25,37353.0,Mexico,en,2023-12-27,0.5883061601477793,126,False,False,True,False
user_5jnvufdb,4,15495.0,3873.75,2876.0,47808.0,India,de,2023-11-28,0.3241089357429719,155,False,False,False,False
user_5jzr83cf,5,15837.0,3167.4,3004.3333333333335,28802.0,Australia,ja,2023-09-30,0.5498576487743907,214,False,False,False,True
user_5k81svok,12,44614.0,3717.8333333333335,3063.4444444444443,8124.0,Italy,de,2023-08-19,5.4916297390448054,256,False,False,False,False
user_5l88n5x2,3,11791.0,3930.3333333333335,2123.0,8779.0,Japan,ru,2023-08-16,1.3430914682765691,259,False,False,False,False
user_5l9nw5ja,12,35885.0,2990.4166666666665,1906.5555555555557,11777.0,Italy,hi,2023-05-07,3.0470408423197757,360,False,True,False,False
user_5lj3201e,9,31870.0,3541.1111111111113,2370.5,42837.0,South Korea,pt,2023-09-07,0.7439830053458458,237,False,False,False,False
user_5lmyv131,4,14158.0,3539.5,2834.6666666666665,10443.0,Canada,de,2023-10-29,1.355740687541894,185,False,False,False,True
user_5n6jz0q7,7,27273.0,3896.1428571428573,2421.8571428571427,21262.0,,es,2023-10-19,1.2827109397046375,195,False,False,False,False
user_5oe5t3js,9,40344.0,4482.666666666667,2962.1111111111113,3151.0,United Kingdom,ja,2023-02-08,12.80355442716598,448,False,False,False,False
user_5r58l1kr,9,40461.0,4495.666666666667,2773.625,23520.0,Japan,zh,2023-09-13,1.720280612244898,231,False,False,False,False
user_5s9ifp0y,10,51089.0,5108.9,3771.3333333333335,28412.0,Spain,hi,2023-10-29,1.7981486695762354,185,True,False,False,False
user_5t2f5iez,7,23393.0,3341.8571428571427,2498.8333333333335,29412.0,India,en,2023-07-15,0.7953556371549028,291,False,False,False,True
user_5t7flftu,7,28678.0,4096.857142857143,2474.0,24133.0,China,ru,2023-09-06,1.1883313305432395,238,False,False,False,False
user_5td0e1us,2,7032.0,3516.0,1163.5,6747.0,,en,2023-02-14,1.0422409959982215,442,False,False,False,True
user_5ucdzep1,10,37615.0,3761.5,2529.1111111111113,40859.0,Brazil,de,2023-05-28,0.9206050074646956,339,False,False,False,False
user_5udnicb6,5,16649.0,3329.8,1875.4,21862.0,China,pt,2023-01-25,0.7615497209770378,462,False,False,False,True
user_5v4ez5kc,5,25589.0,5117.8,3397.2,7011.0,Mexico,fr,2023-09-06,3.649835972043931,238,False,False,True,False
user_5wc8pv88,4,15189.0,3797.25,2036.75,39341.0,,zh,2023-12-08,0.3860857629445108,145,False,False,False,False
user_5wmdl0y4,6,15673.0,2612.1666666666665,1813.75,49404.0,UAE,hi,2023-07-11,0.3172415189053518,295,False,False,False,True
user_60qt3bld,2,9202.0,4601.0,2531.5,39963.0,Canada,hi,2023-01-10,0.2302629932687736,477,False,False,True,False
user_60ypl1q4,7,27407.0,3915.285714285714,2826.8571428571427,44700.0,United States,hi,2023-05-12,0.6131319910514541,355,False,False,False,False
user_61lc4emm,8,28133.0,3516.625,2227.875,23052.0,Germany,pt,2023-11-09,1.2204147145583897,174,False,False,False,False
user_634lriof,11,55342.0,5031.090909090909,3326.2727272727275,12327.0,United Kingdom,ja,2023-01-21,4.489494605337876,466,True,False,False,False
user_63jwqml9,7,31554.0,4507.714285714285,3397.3333333333335,25724.0,United States,en,2023-06-09,1.226636603949619,327,False,False,False,False
user_63zia51r,3,5638.0,1879.3333333333333,1080.5,15126.0,China,hi,2023-07-02,0.3727356868967341,304,False,False,False,True
user_653h4bmg,12,42985.0,3582.0833333333335,2490.1,38484.0,Germany,de,2023-07-11,1.1169576967051242,295,False,True,False,False
user_65x8ekq5,11,26231.0,2384.6363636363635,988.8571428571429,11582.0,Canada,ru,2023-05-07,2.2648074598514936,360,False,True,False,False
user_668nidxi,4,15765.0,3941.25,2143.75,17277.0,Brazil,pt,2023-07-24,0.9124848063899983,282,False,False,False,False
user_66dni3rx,6,18526.0,3087.6666666666665,2561.0,2893.0,United Kingdom,en,2023-08-08,6.403733148980297,267,False,False,False,True
user_67hyf45u,7,32737.0,4676.714285714285,3225.3333333333335,898.0,Canada,de,2023-04-05,36.4554565701559,392,False,False,False,False
user_681nimaz,5,15051.0,3010.2,2517.3333333333335,25239.0,India,ru,2023-07-15,0.5963389991679544,291,False,False,False,True
user_68enpikx,15,57816.0,3854.4,3225.5454545454545,9364.0,United States,en,2023-07-26,6.1742844938060655,280,False,False,False,False
user_69szlmwo,7,32030.0,4575.714285714285,2964.285714285714,15267.0,United States,zh,2023-11-05,2.097989126874959,178,False,False,False,False
user_6am6m4he,6,20141.0,3356.8333333333335,2473.2,42340.0,Italy,ru,2023-12-29,0.4756967406707605,124,False,False,False,True
user_6aqnsm4k,7,25151.0,3593.0,2261.285714285714,18647.0,United States,ar,2023-11-19,1.3487960529843943,164,False,False,False,True
user_6e99lerx,11,40101.0,3645.5454545454545,2337.3,25366.0,Germany,zh,2023-06-09,1.5808956871402664,327,False,False,False,False
user_6f3gl5ci,2,10615.0,5307.5,2998.0,11240.0,United States,fr,2023-11-16,0.9443950177935944,167,False,False,True,False
user_6fijt4ks,11,37348.0,3395.2727272727275,2488.5555555555557,44023.0,France,hi,2023-02-28,0.8483747132180905,428,False,True,False,False
user_6foacnhi,7,17822.0,2546.0,2153.6666666666665,48467.0,China,es,2023-04-17,0.36771411475849547,380,False,False,False,True
user_6ftbnlhg,6,25345.0,4224.166666666667,2824.1666666666665,42376.0,South Korea,ru,2023-04-22,0.5980979799886729,375,False,False,False,False
user_6gy6nrlo,5,18262.0,3652.4,1844.8,17618.0,India,hi,2023-04-25,1.0365535248041775,372,False,False,False,False
user_6jacneh7,7,28938.0,4134.0,2633.0,32844.0,China,ja,2023-05-29,0.881074168797954,338,False,False,False,False
user_6k3wfv03,4,16587.0,4146.75,3595.3333333333335,13185.0,Mexico,es,2023-06-09,1.2580204778156996,327,False,False,True,False
user_6kjv32kv,7,19697.0,2813.8571428571427,1809.8,15858.0,United States,de,2023-01-30,1.2420860133686467,457,False,False,False,True
user_6ky50rd4,9,27842.0,3093.5555555555557,1821.1666666666667,42295.0,Australia,de,2023-01-31,0.6582811206998463,456,False,False,False,False
user_6laec67f,5,20019.0,4003.8,2841.5,6536.0,United States,es,2023-06-16,3.0628824969400243,320,False,False,False,False
user_6lk9bh8q,8,21862.0,2732.75,1649.7142857142858,30992.0,South Africa,ru,2023-04-18,0.7054078471863707,379,False,False,False,False
user_6mon7624,3,7898.0,2632.6666666666665,3172.0,26804.0,UAE,ja,2023-06-13,0.29465751380390987,323,False,False,False,True
user_6p4r01di,3,10513.0,3504.3333333333335,1931.0,41418.0,China,hi,2023-02-07,0.2538268385726013,449,False,False,False,True
user_6q691qyw,4,12385.0,3096.25,2524.0,44759.0,South Africa,de,2023-02-22,0.27670412654438215,434,False,False,False,True
user_6q9v2e5a,5,17588.0,3517.6,3121.5,35445.0,Italy,pt,2023-01-07,0.49620538863027225,480,False,False,False,True
user_6qlz8pe6,2,6889.0,3444.5,1694.5,17169.0,Italy,fr,2023-10-01,0.40124643252373465,213,False,False,False,True
user_6qudu5ws,6,24200.0,4033.3333333333335,3043.8,44906.0,Germany,en,2023-03-18,0.53890348728455,410,False,False,False,False
user_6sfxy8pg,4,17008.0,4252.0,2765.0,20348.0,Egypt,ru,2023-08-12,0.8358561037939847,263,False,False,True,False
user_6w7t1ijr,7,26561.0,3794.4285714285716,2504.3333333333335,27442.0,Italy,en,2023-08-14,0.9678959259529188,261,False,False,False,False
user_6wra58f7,11,40943.0,3722.090909090909,2269.3,4953.0,South Africa,en,2023-12-29,8.26630325055522,124,False,False,False,False
user_6xvmxfyf,10,35843.0,3584.3,2526.375,7470.0,Australia,de,2023-11-27,4.798259705488621,156,False,True,False,False
user_707p97km,5,14184.0,2836.8,1751.8,3039.0,France,es,2023-09-08,4.667324777887463,236,False,False,False,True
user_716l1rz5,13,55724.0,4286.461538461538,2577.5,41236.0,Mexico,zh,2023-09-06,1.3513434862741294,238,True,False,False,False
user_718ipw64,8,33263.0,4157.875,2956.75,46870.0,Japan,es,2023-04-16,0.7096863665457649,381,False,False,False,False
user_71fmq8vv,3,6299.0,2099.6666666666665,,30746.0,France,hi,2023-07-24,0.20487217849476355,282,False,False,False,True
user_72satzpm,2,4376.0,2188.0,1069.0,45295.0,Japan,fr,2023-11-07,0.09661110497847444,176,False,False,False,True
user_732cckxx,9,34218.0,3802.0,3482.1666666666665,44573.0,Japan,ja,2023-07-30,0.7676844726628228,276,False,False,False,False
user_739k0164,8,31696.0,3962.0,2526.875,13285.0,Italy,fr,2023-02-16,2.3858487015430936,440,False,False,False,False
user_73jr6imn,5,23613.0,4722.6,2488.2,7267.0,Germany,ru,2023-08-13,3.249346360258704,262,False,False,True,False
user_74hhbvxk,8,24112.0,3014.0,1502.0,45091.0,South Africa,hi,2023-08-04,0.5347408573773037,271,False,False,False,False
user_74ipdtjp,10,31973.0,3197.3,1562.5555555555557,42718.0,Japan,fr,2023-04-01,0.7484666885153799,396,False,True,False,False
user_74ri5vbc,15,49162.0,3277.4666666666667,2496.909090909091,24934.0,United States,hi,2023-09-23,1.9716852490575119,221,False,True,False,False
user_750rlmnw,11,42884.0,3898.5454545454545,2677.8,20546.0,India,pt,2023-09-03,2.0872189233914145,241,False,False,False,False
user_778m0v2w,4,13868.0,3467.0,2299.5,36094.0,Canada,hi,2023-11-18,0.3842189837646146,165,False,False,False,True
user_77m315jj,8,29038.0,3629.75,2681.3333333333335,30293.0,Germany,en,2023-01-06,0.9585712870960288,481,False,False,False,False
user_790dw1c4,10,31539.0,3153.9,2339.5,31515.0,Canada,ru,2023-07-23,1.0007615421227987,283,False,True,False,False
user_7ai9sd8e,5,13914.0,2782.8,1833.8,8361.0,Germany,fr,2023-05-20,1.6641550053821312,347,False,False,False,True
user_7apw5kiv,7,19364.0,2766.285714285714,1432.142857142857,17878.0,Australia,ru,2023-01-16,1.0831189171048217,471,False,False,False,True
user_7b09zod9,6,19476.0,3246.0,2251.0,23147.0,Germany,ru,2023-06-17,0.8414049336847108,319,False,False,False,True
user_7ca0d2ca,12,43630.0,3635.8333333333335,2610.0,49154.0,Canada,hi,2023-05-24,0.8876185051064003,343,False,False,False,False
user_7ccsgn39,2,9494.0,4747.0,3208.0,23684.0,Spain,zh,2023-07-06,0.40086134098969767,300,False,False,True,False
user_7ctvaq92,5,18803.0,3760.6,2457.25,40739.0,China,de,2023-06-23,0.4615479025012887,313,False,False,False,False
user_7djuqed1,6,15911.0,2651.8333333333335,1439.1666666666667,26907.0,China,zh,2023-03-11,0.5913331103430334,417,False,False,False,True
user_7e3umebc,9,35232.0,3914.6666666666665,2515.6666666666665,7547.0,Spain,zh,2023-06-09,4.668345037763349,327,False,False,False,False
user_7fzzash4,4,10790.0,2697.5,2086.0,15535.0,Italy,ar,2023-07-11,0.694560669456067,295,False,False,False,True
user_7gm44p81,3,12723.0,4241.0,3320.0,1960.0,Canada,fr,2023-07-02,6.491326530612245,304,False,False,True,False
user_7jn7qu75,7,23017.0,3288.1428571428573,2781.6,25306.0,Australia,ja,2023-07-14,0.9095471429700466,292,False,False,False,True
user_7jzfhdtm,10,30172.0,3017.2,1835.3333333333333,44500.0,India,zh,2023-09-22,0.6780224719101123,222,False,True,False,False
user_7kpmi03n,9,36037.0,4004.1111111111113,3077.285714285714,13017.0,Australia,ru,2023-11-02,2.7684566336329417,181,False,False,False,False
user_7m4jcssq,6,17328.0,2888.0,2060.75,1114.0,Italy,hi,2023-02-26,15.55475763016158,430,False,False,False,True
user_7m4u5drn,4,10845.0,2711.25,726.3333333333334,40653.0,Brazil,pt,2023-02-20,0.2667699800752712,436,False,False,False,True
user_7nemrhnp,10,38799.0,3879.9,2674.222222222222,33408.0,Japan,ar,2023-08-21,1.1613685344827587,254,False,False,False,False
user_7nf5hu9v,8,31304.0,3913.0,2709.5714285714284,45013.0,China,ar,2023-07-11,0.6954435385333126,295,False,False,False,False
user_7qv6le3v,10,27097.0,2709.7,1817.625,48814.0,Spain,hi,2023-12-21,0.5551071413938624,132,False,True,False,False
user_7qyvw1tf,7,28035.0,4005.0,2213.1428571428573,17660.0,United States,fr,2023-10-13,1.5874858437146093,201,False,False,False,False
user_7rdiojrn,5,12741.0,2548.2,1035.5,40870.0,India,ja,2023-12-17,0.3117445559089797,136,False,False,False,True
user_7selb7kr,7,25078.0,3582.5714285714284,2359.3333333333335,28542.0,Brazil,de,2023-11-18,0.8786349940438651,165,False,False,False,True
user_7t2gp59a,2,9638.0,4819.0,2749.0,37446.0,Germany,zh,2023-11-05,0.25738396624472576,178,False,False,True,False
user_7ttenau3,3,6878.0,2292.6666666666665,861.3333333333334,37288.0,Italy,pt,2023-12-10,0.18445612529500108,143,False,False,False,True
user_7tzoxyvz,10,32641.0,3264.1,2188.5714285714284,29119.0,France,en,2023-04-01,1.120951955767712,396,False,True,False,False
user_7vp5lq28,5,16476.0,3295.2,2583.0,27066.0,Mexico,es,2023-12-21,0.608734205275992,132,False,False,False,True
user_7vpwoqp2,7,28789.0,4112.714285714285,2511.0,18406.0,South Korea,zh,2023-09-14,1.5641095295012495,230,False,False,False,False
user_7vqtuvea,8,29308.0,3663.5,2510.1428571428573,29183.0,Italy,fr,2023-04-29,1.0042833156289621,368,False,False,False,False
user_7walmm9o,9,37970.0,4218.888888888889,3139.25,40824.0,Canada,ar,2023-07-25,0.930090143053106,281,False,False,False,False
user_7xmgfrdi,6,27004.0,4500.666666666667,2774.3333333333335,7428.0,South Korea,en,2023-08-07,3.635433494884222,268,False,False,False,False
user_7ydlrbx2,5,21171.0,4234.2,3014.75,10358.0,South Africa,ar,2023-06-20,2.0439273991117974,316,False,False,True,False
user_7ynl9cyw,10,31991.0,3199.1,1946.4444444444443,24437.0,United Kingdom,es,2023-04-07,1.309121414248885,390,False,True,False,False
user_7zljw927,7,20102.0,2871.714285714286,2513.5,15964.0,Nigeria,ar,2023-06-19,1.259208218491606,317,False,False,False,True
user_813rh2sb,6,21543.0,3590.5,2269.4,16274.0,Mexico,de,2023-04-18,1.3237679734545902,379,False,False,False,True
user_81otnxj4,7,25766.0,3680.8571428571427,2433.4285714285716,35715.0,South Africa,de,2023-06-08,0.7214335713285734,328,False,False,False,False
user_839fxdlb,5,25537.0,5107.4,3306.4,15843.0,Mexico,ar,2023-05-05,1.6118790633087168,362,False,False,True,False
user_84886kht,8,21188.0,2648.5,2318.8,17475.0,Egypt,ja,2023-06-30,1.2124749642346209,306,False,False,False,False
user_84k7x6zn,11,42960.0,3905.4545454545455,3306.0,49736.0,Spain,ja,2023-10-23,0.8637606562650796,191,False,False,False,False
user_85468fb8,5,20407.0,4081.4,2367.8,16049.0,India,pt,2023-09-22,1.271543398342576,222,False,False,False,False
user_86lxvpfg,5,20368.0,4073.6,3387.25,12675.0,Nigeria,pt,2023-01-06,1.6069428007889546,481,False,False,False,False
user_86o3waw2,7,25979.0,3711.285714285714,3190.2,23964.0,France,zh,2023-07-16,1.0840844600233683,290,False,False,False,False
user_8776jund,11,49524.0,4502.181818181818,3366.1111111111113,21147.0,India,en,2023-03-07,2.341892467016598,421,True,False,False,False
user_87kc1g6d,10,31033.0,3103.3,2532.0,7238.0,United States,hi,2023-05-05,4.287510361978447,362,False,True,False,False
user_89lof2wj,5,19011.0,3802.2,2637.5,12147.0,India,fr,2023-09-26,1.5650777969869103,218,False,False,False,False
user_8ana73xc,3,11248.0,3749.3333333333335,3538.5,28463.0,United States,pt,2023-04-23,0.3951797069880195,374,False,False,False,False
user_8az9uasg,9,23528.0,2614.222222222222,2069.8571428571427,6263.0,Egypt,zh,2023-10-24,3.7566661344403642,190,False,False,False,False
user_8bcte4x2,11,46381.0,4216.454545454545,2450.909090909091,46936.0,Brazil,ja,2023-10-31,0.9881753877620589,183,True,False,False,False
user_8bslqcpy,9,33982.0,3775.777777777778,2680.0,2241.0,Spain,ru,2023-10-26,15.163766175814368,188,False,False,False,False
user_8c2t4hs8,5,16608.0,3321.6,2415.6666666666665,7988.0,Italy,es,2023-02-01,2.0791186780170254,455,False,False,False,True
user_8c6s6m9l,6,18949.0,3158.1666666666665,3121.25,45852.0,South Africa,fr,2023-05-27,0.4132644159469598,340,False,False,False,True
user_8cnur462,5,14287.0,2857.4,1383.3333333333333,2916.0,Australia,es,2023-06-22,4.899519890260631,314,False,False,False,True
user_8css3app,6,16766.0,2794.3333333333335,1970.0,24506.0,United States,en,2023-01-27,0.6841589814739247,460,False,False,False,True
user_8euzbrz1,7,26051.0,3721.5714285714284,3110.0,25029.0,Spain,de,2023-12-29,1.0408326341443925,124,False,False,False,False
user_8gk2so0l,9,35551.0,3950.1111111111113,3328.4285714285716,44235.0,Australia,hi,2023-11-03,0.8036848649259636,180,False,False,False,False
user_8h6gfa0x,6,14784.0,2464.0,1623.5,14596.0,Canada,es,2023-10-11,1.0128802411619622,203,False,False,False,True
user_8hlbgldx,2,3359.0,1679.5,107.5,13905.0,Canada,ru,2023-06-01,0.24156778137360663,335,False,False,False,True
user_8hs083wf,5,11973.0,2394.6,1112.0,36208.0,Mexico,ja,2023-11-26,0.3306727794962439,157,False,False,False,True
user_8hwimj2y,4,14380.0,3595.0,1875.25,34130.0,Spain,hi,2023-07-09,0.42133020802812776,297,False,False,False,True
user_8i81i0p7,7,27664.0,3952.0,3483.2,49518.0,United States,en,2023-01-02,0.5586655357647724,485,False,False,False,False
user_8js3zac5,6,27083.0,4513.833333333333,2905.0,16218.0,Spain,ru,2023-03-15,1.6699346405228759,413,False,False,False,False
user_8ko1uayz,8,26789.0,3348.625,2196.285714285714,26642.0,India,ar,2023-10-16,1.0055176037834996,198,False,False,False,False
user_8l7rv5oe,5,16073.0,3214.6,1682.0,48345.0,Canada,ru,2023-07-04,0.3324645775157721,302,False,False,False,True
user_8nvzxsuj,7,24928.0,3561.1428571428573,2250.8333333333335,36383.0,Canada,es,2023-12-03,0.6851551548800264,150,False,False,False,True
user_8o6sps0v,4,10556.0,2639.0,1827.6666666666667,11740.0,United States,ja,2023-02-27,0.8991482112436116,429,False,False,False,True
user_8relh62l,6,20627.0,3437.8333333333335,1788.8333333333333,1151.0,Germany,zh,2023-08-19,17.920938314509122,256,False,False,False,True
user_8rtb88jl,9,35050.0,3894.4444444444443,3102.5,15053.0,Mexico,ru,2023-07-23,2.328439513718196,283,False,False,False,False
user_8ryfkdug,8,29574.0,3696.75,2556.714285714286,34796.0,India,hi,2023-08-07,0.8499252787676744,268,False,False,False,False
user_8s0d1h4k,6,22694.0,3782.3333333333335,2451.2,15522.0,United States,en,2023-04-13,1.4620538590387837,384,False,False,False,False
user_8svvq28t,4,16610.0,4152.5,2088.75,14540.0,Japan,de,2023-07-11,1.142365887207703,295,False,False,True,False
user_8t4e9hnl,4,16529.0,4132.25,3785.6666666666665,18137.0,France,ar,2023-02-02,0.9113414566907427,454,False,False,True,False
user_8u9g9kjp,5,19533.0,3906.6,2154.4,37049.0,United States,pt,2023-06-23,0.5272207077114092,313,False,False,False,False
user_8us9faqu,5,17636.0,3527.2,2965.5,15904.0,,fr,2023-09-11,1.1089034205231387,233,False,False,False,True
user_8v39sv2i,12,35813.0,2984.4166666666665,2266.6,36198.0,United Kingdom,pt,2023-06-26,0.9893640532626112,310,False,True,False,False
user_8w06w1qu,13,38563.0,2966.3846153846152,2217.9,41923.0,Australia,es,2023-11-11,0.9198530639505761,172,False,True,False,False
user_8wk0j5ae,15,51828.0,3455.2,2328.153846153846,36943.0,United States,zh,2023-11-01,1.402918008824405,182,False,True,False,False
user_8wm37pk5,6,23855.0,3975.8333333333335,2704.4,5193.0,UAE,pt,2023-07-03,4.59368380512228,303,False,False,False,False
user_93hbc8xe,7,25183.0,3597.5714285714284,2379.5714285714284,33087.0,India,zh,2023-12-23,0.7611146371686766,130,False,False,False,True
user_94hehp26,11,48432.0,4402.909090909091,2832.818181818182,33258.0,United Kingdom,ar,2023-05-02,1.456251127548259,365,True,False,False,False
user_94mzsiik,5,24862.0,4972.4,3475.6,43471.0,Egypt,en,2023-10-29,0.571921510892319,185,False,False,True,False
user_96h74y72,9,21529.0,2392.1111111111113,1328.4444444444443,11114.0,South Africa,zh,2023-01-05,1.9371063523483893,482,False,False,False,False
user_96uhzseg,10,30733.0,3073.3,2017.5555555555557,27186.0,United Kingdom,ar,2023-04-24,1.1304715662473332,373,False,True,False,False
user_98oho4g9,5,16218.0,3243.6,3048.0,27521.0,Germany,es,2023-10-21,0.5892954471131137,193,False,False,False,True
user_9ah9kjau,7,24592.0,3513.1428571428573,3650.5,43313.0,China,fr,2023-11-10,0.5677741093897906,173,False,False,False,True
user_9asov0m8,9,31370.0,3485.5555555555557,2429.4285714285716,49763.0,,hi,2023-10-09,0.6303880393063119,205,False,False,False,False
user_9b00jr3x,6,20833.0,3472.1666666666665,2775.2,31847.0,South Africa,es,2023-03-16,0.6541589474675794,412,False,False,False,True
user_9i3o9pky,8,32113.0,4014.125,3336.1666666666665,42591.0,Italy,de,2023-07-08,0.7539855838087859,298,False,False,False,False
user_9iukejuf,6,19260.0,3210.0,2337.6,13279.0,United Kingdom,en,2023-04-03,1.4504104224715717,394,False,False,False,True
user_9jvugme4,5,11484.0,2296.8,1603.0,47684.0,Germany,en,2023-08-25,0.2408355003774851,250,False,False,False,True
user_9ksxfq3r,4,18958.0,4739.5,3050.25,49368.0,United Kingdom,zh,2023-03-18,0.3840139361529736,410,False,False,True,False
user_9lyd7sqy,7,24099.0,3442.714285714286,2271.4,27460.0,Australia,zh,2023-09-05,0.8776037873270212,239,False,False,False,True
user_9m6lzkx0,8,30491.0,3811.375,3014.5714285714284,15072.0,France,zh,2023-12-01,2.0230228237791934,152,False,False,False,False
user_9mtets0p,14,62414.0,4458.142857142857,2838.6428571428573,8262.0,South Africa,pt,2023-09-09,7.554345194868071,235,True,False,False,False
user_9nowwm9z,10,36887.0,3688.7,2517.625,43032.0,China,pt,2023-12-18,0.8571992935489868,135,False,False,False,False
user_9odm77d5,7,31454.0,4493.428571428572,2863.5714285714284,13443.0,Spain,de,2023-01-26,2.339805103027598,461,False,False,False,False
user_9px5q0by,8,31662.0,3957.75,3070.0,46167.0,France,zh,2023-12-23,0.6858145428552862,130,False,False,False,False
user_9q2g628y,11,29184.0,2653.090909090909,1812.5,23755.0,France,de,2023-03-31,1.2285413597137445,397,False,True,False,False
user_9r55gqow,8,24628.0,3078.5,2345.5,29901.0,Egypt,es,2023-08-20,0.8236513828968931,255,False,False,False,False
user_9rojnpuf,7,23728.0,3389.714285714286,2570.4,46823.0,Italy,en,2023-05-12,0.5067594985370437,355,False,False,False,True
user_9uy1b9et,3,13259.0,4419.666666666667,2391.3333333333335,31376.0,South Africa,hi,2023-09-28,0.4225841407445181,216,False,False,True,False
user_9v1fxe3b,5,20150.0,4030.0,2852.8,33330.0,United States,ru,2023-06-04,0.6045604560456046,332,False,False,False,False
user_9vo7he3z,8,34757.0,4344.625,2938.285714285714,36257.0,Brazil,en,2023-12-01,0.9586286785999945,152,False,False,False,False
user_a0bf0ref,5,19854.0,3970.8,2252.6,29706.0,Spain,pt,2023-11-25,0.6683498283175117,158,False,False,False,False
user_a0oggtxs,7,27999.0,3999.8571428571427,2885.6666666666665,27627.0,United States,ar,2023-02-21,1.01346508850038,435,False,False,False,False
user_a19f44ms,3,9799.0,3266.3333333333335,2139.6666666666665,21298.0,United States,zh,2023-08-19,0.46009014930979436,256,False,False,False,True
user_a2a9oe87,4,8816.0,2204.0,1001.25,27688.0,,ru,2023-10-16,0.31840508523548106,198,False,False,False,True
user_a2t91ioa,3,9001.0,3000.3333333333335,1715.6666666666667,5217.0,Brazil,ar,2023-03-23,1.7253210657465976,405,False,False,False,True
user_a3lly7yh,6,22856.0,3809.3333333333335,2578.2,41868.0,Australia,ar,2023-09-11,0.5459061813318047,233,False,False,False,False
user_a3njsw7g,9,32351.0,3594.5555555555557,2675.1428571428573,4222.0,United States,zh,2023-12-03,7.662482235907153,150,False,False,False,False
user_a3pgcgw9,3,7681.0,2560.3333333333335,1722.5,9882.0,Brazil,ru,2023-01-05,0.7772718073264522,482,False,False,False,True
user_a4bx0p77,5,15536.0,3107.2,1863.25,44508.0,France,fr,2023-09-26,0.34906084299451784,218,False,False,False,True
user_a7p5u7lh,9,39240.0,4360.0,2984.0,25497.0,Japan,es,2023-07-25,1.53900458877515,281,False,False,False,False
user_a7y7wdlm,7,26898.0,3842.5714285714284,2595.0,38573.0,India,ar,2023-01-28,0.6973271459310917,459,False,False,False,False
user_a9a7r18l,11,37089.0,3371.7272727272725,1934.6,2091.0,United States,ja,2023-12-30,17.737446197991392,123,False,True,False,False
user_a9ysjusm,9,33815.0,3757.222222222222,2971.285714285714,21394.0,Spain,zh,2023-07-22,1.5805833411236796,284,False,False,False,False
user_aaiari8o,7,37437.0,5348.142857142857,3375.5714285714284,16038.0,Italy,ar,2023-08-18,2.33426861204639,257,False,False,False,False
user_aasqf25g,7,21161.0,3023.0,1640.5,48132.0,Japan,fr,2023-02-18,0.4396451425247237,438,False,False,False,True
user_abawq3v4,5,21137.0,4227.4,2474.0,27400.0,Spain,fr,2023-11-16,0.7714233576642335,167,False,False,True,False
user_acjcz2y7,6,19303.0,3217.1666666666665,1577.3333333333333,35112.0,Japan,en,2023-06-11,0.5497550694919116,325,False,False,False,True
user_acrnl9py,10,46263.0,4626.3,3557.5555555555557,5971.0,Canada,zh,2023-01-24,7.7479484173505275,463,True,False,False,False
user_adh72fga,7,27771.0,3967.285714285714,2976.3333333333335,11085.0,China,ru,2023-06-19,2.505277401894452,317,False,False,False,False
user_aedwfomw,7,22684.0,3240.5714285714284,2164.6666666666665,11678.0,Brazil,ar,2023-04-28,1.9424558999828738,369,False,False,False,True
user_afdu5gw9,8,31066.0,3883.25,2680.285714285714,31784.0,Italy,hi,2023-11-23,0.9774100176189278,160,False,False,False,False
user_ag1vxq20,5,20526.0,4105.2,2478.8,2589.0,United Kingdom,hi,2023-01-27,7.928157589803012,460,False,False,True,False
user_akhce770,5,22415.0,4483.0,3434.0,30056.0,Brazil,de,2023-11-06,0.7457745541655576,177,False,False,True,False
user_al9p1gnu,11,46171.0,4197.363636363636,3694.5555555555557,49268.0,Germany,pt,2023-04-19,0.9371397255825282,378,True,False,False,False
user_alnj3vsd,7,32296.0,4613.714285714285,2943.8571428571427,28413.0,United States,ja,2023-11-16,1.1366627951993806,167,False,False,False,False
user_aoke8xi4,5,17940.0,3588.0,2803.25,34362.0,United States,de,2023-09-09,0.5220883534136547,235,False,False,False,True
user_aqe9wzh2,5,14451.0,2890.2,3280.0,34088.0,United States,pt,2023-11-27,0.42393217554564655,156,False,False,False,True
user_aqwezplu,7,27130.0,3875.714285714286,3216.0,40191.0,Egypt,hi,2023-02-06,0.6750267472817297,450,False,False,False,False
user_aroc3ncd,10,46960.0,4696.0,2822.0,10428.0,Brazil,hi,2023-03-24,4.503260452627541,404,True,False,False,False
user_as209gf7,12,38846.0,3237.1666666666665,2168.777777777778,46583.0,Brazil,ja,2023-08-27,0.8339093660777537,248,False,True,False,False
user_as9qc2ya,6,22877.0,3812.8333333333335,2654.6,10803.0,France,es,2023-12-02,2.1176525039340923,151,False,False,False,False
user_asywpn6e,9,37805.0,4200.555555555556,3034.3333333333335,28990.0,France,en,2023-06-20,1.3040703690927906,316,False,False,False,False
user_atwknpoi,4,16378.0,4094.5,2826.25,41077.0,France,ar,2023-07-10,0.398714609148672,296,False,False,False,False
user_auaf6zqu,5,22194.0,4438.8,2497.6,8613.0,Japan,ja,2023-08-21,2.5768025078369905,254,False,False,True,False
user_avt1fzq5,2,9031.0,4515.5,2933.0,47923.0,Brazil,ar,2023-06-03,0.18844813555077938,333,False,False,True,False
user_axfqrey3,6,19243.0,3207.1666666666665,2178.4,43157.0,Italy,pt,2023-11-20,0.4458836341729036,163,False,False,False,True
user_ay79c8du,6,23822.0,3970.3333333333335,2575.3333333333335,21312.0,Spain,ru,2023-01-05,1.117774024024024,482,False,False,False,False
user_aygdsxd5,6,19633.0,3272.1666666666665,2543.2,11602.0,China,fr,2023-07-08,1.6922082399586278,298,False,False,False,True
user_azj09nr4,8,28648.0,3581.0,2048.125,40700.0,United Kingdom,es,2023-05-02,0.7038820638820639,365,False,False,False,False
user_azysdwyx,6,26277.0,4379.5,2756.5,28547.0,Italy,es,2023-06-30,0.920482012120363,306,False,False,False,False
user_b0i0cdr4,5,21609.0,4321.8,2573.8,18616.0,Germany,zh,2023-06-27,1.1607756768371293,309,False,False,True,False
user_b1p3wz81,6,15995.0,2665.8333333333335,2881.6666666666665,24644.0,Germany,zh,2023-05-06,0.6490423632527187,361,False,False,False,True
user_b2k6dv8u,7,22811.0,3258.714285714286,2805.8,27707.0,Japan,ar,2023-06-13,0.8232937524813224,323,False,False,False,True
user_b6i17ydd,5,21586.0,4317.2,2749.6,45937.0,United States,ru,2023-09-14,0.46990443433397916,230,False,False,True,False
user_b6y23bbq,4,17182.0,4295.5,3190.0,17181.0,Egypt,fr,2023-09-15,1.000058203829812,229,False,False,True,False
user_b7x51z27,3,7538.0,2512.6666666666665,1689.3333333333333,16267.0,United Kingdom,hi,2023-03-07,0.4633921436036147,421,False,False,False,True
user_b86ckvf0,8,29015.0,3626.875,2735.8333333333335,2730.0,Italy,ja,2023-11-07,10.628205128205128,176,False,False,False,False
user_b8ysn8r5,11,33013.0,3001.181818181818,1547.1,49699.0,China,hi,2023-09-21,0.6642588382060001,223,False,True,False,False
user_b92nfvv0,7,30177.0,4311.0,2697.8571428571427,21546.0,UAE,zh,2023-01-06,1.4005847953216375,481,False,False,False,False
user_baflpt2a,4,20141.0,5035.25,3478.5,2528.0,China,zh,2023-05-14,7.9671677215189876,353,False,False,True,False
user_bb3ygvae,6,20846.0,3474.3333333333335,2367.0,3302.0,,ja,2023-09-13,6.313143549364022,231,False,False,False,True
user_bcl4gqby,6,24889.0,4148.166666666667,2930.2,20758.0,Brazil,ar,2023-05-11,1.1990076115232682,356,False,False,False,False
user_bdhs7x3v,8,34915.0,4364.375,2995.8571428571427,15799.0,Australia,ru,2023-10-12,2.2099499968352427,202,False,False,False,False
user_bexy30h4,5,16382.0,3276.4,2982.0,44016.0,India,en,2023-04-14,0.3721828426026899,383,False,False,False,True
user_bf0xs7co,4,10848.0,2712.0,2617.5,39894.0,,ru,2023-08-24,0.2719205895623402,251,False,False,False,True
user_bf5c7eq4,7,20691.0,2955.8571428571427,1671.0,10579.0,France,hi,2023-06-04,1.9558559410152188,332,False,False,False,True
user_bgppnqks,7,34700.0,4957.142857142857,3245.285714285714,15171.0,Japan,en,2023-12-07,2.2872585854590994,146,False,False,False,False
user_bijy5emr,4,11119.0,2779.75,2385.3333333333335,3165.0,Spain,zh,2023-08-08,3.5131121642969982,267,False,False,False,True
user_bkblavjw,8,35333.0,4416.625,3198.8571428571427,32729.0,United Kingdom,es,2023-09-23,1.0795624675364355,221,False,False,False,False
user_bmay5rsp,6,21363.0,3560.5,2750.75,30587.0,Egypt,pt,2023-11-08,0.6984339752182299,175,False,False,False,True
user_bnf5t5ap,6,16518.0,2753.0,3387.5,32253.0,United States,hi,2023-12-05,0.5121384057296996,148,False,False,False,True
user_bnswpe65,14,52027.0,3716.214285714286,2172.846153846154,20002.0,Australia,hi,2023-08-17,2.601089891010899,258,False,False,False,False
user_bnum1ru1,2,2604.0,1302.0,861.0,13604.0,Italy,zh,2023-06-22,0.19141428991473097,314,False,False,False,True
user_bouxcpei,11,36676.0,3334.181818181818,2068.1,10486.0,Italy,fr,2023-05-04,3.4976158687774177,363,False,True,False,False
user_bov4fbd2,6,26242.0,4373.666666666667,2378.0,29205.0,China,en,2023-03-25,0.8985447697312104,403,False,False,False,False
user_bowkbcof,7,31158.0,4451.142857142857,3034.1666666666665,40966.0,United States,ja,2023-03-12,0.7605819460040033,416,False,False,False,False
user_bpeh6r2x,4,16260.0,4065.0,2815.5,39573.0,Italy,ar,2023-11-15,0.410886210294898,168,False,False,False,False
user_bpm9h48i,5,19549.0,3909.8,2623.0,16456.0,Brazil,es,2023-04-03,1.1879557608167235,394,False,False,False,False
user_bq4d19qm,8,25630.0,3203.75,2056.5714285714284,10193.0,China,hi,2023-03-04,2.5144707151967034,424,False,False,False,False
user_bq4m0de9,9,26564.0,2951.5555555555557,1742.4285714285713,47615.0,Germany,zh,2023-08-21,0.5578914207707655,254,False,False,False,False
user_bqemwj0m,8,20846.0,2605.75,1657.7142857142858,14780.0,UAE,fr,2023-01-01,1.4104194857916104,486,False,False,False,False
user_bqmsj27g,6,28792.0,4798.666666666667,3439.5,30740.0,France,ru,2023-08-29,0.936629798308393,246,False,False,False,False
user_bqp8mrav,10,38726.0,3872.6,2717.5,17025.0,China,ar,2023-09-26,2.274654919236417,218,False,False,False,False
user_brh0oqpe,7,22181.0,3168.714285714286,2609.25,45102.0,Nigeria,pt,2023-04-06,0.4917963726664006,391,False,False,False,True
user_brtwxcm4,7,23337.0,3333.8571428571427,2548.75,1802.0,South Korea,ar,2023-12-12,12.950610432852386,141,False,False,False,True
user_bs6fwfa7,4,17216.0,4304.0,2362.5,8103.0,Australia,pt,2023-01-14,2.1246451931383437,473,False,False,True,False
user_bsrrv0ob,8,31036.0,3879.5,2459.714285714286,14576.0,Nigeria,en,2023-07-08,2.1292535675082327,298,False,False,False,False
user_btbjsufs,7,29397.0,4199.571428571428,3240.1428571428573,30087.0,United Kingdom,ja,2023-01-25,0.977066507129325,462,False,False,False,False
user_btviyu88,4,10653.0,2663.25,3193.5,8121.0,Spain,hi,2023-05-15,1.3117842630217953,352,False,False,False,True
user_burti9os,3,10910.0,3636.6666666666665,3087.0,19117.0,Italy,pt,2023-10-30,0.570696238949626,184,False,False,False,False
user_bvyufsqe,4,19569.0,4892.25,3097.5,5032.0,Brazil,en,2023-04-28,3.8889109697933226,369,False,False,True,False
user_bx9xyj6k,4,18475.0,4618.75,2831.25,19618.0,China,en,2023-03-29,0.9417371801406871,399,False,False,True,False
user_bxh59css,4,14127.0,3531.75,2765.6666666666665,34876.0,Italy,en,2023-10-22,0.40506365408877165,192,False,False,False,True
user_bxjv2352,6,21697.0,3616.1666666666665,2352.4,41874.0,China,pt,2023-10-26,0.5181496871567082,188,False,False,False,True
user_bxly4qsk,7,23018.0,3288.285714285714,2491.4,37124.0,Australia,de,2023-06-09,0.6200301691628057,327,False,False,False,True
user_bxx2q7ss,7,27556.0,3936.5714285714284,2497.1428571428573,32190.0,United Kingdom,zh,2023-03-01,0.8560422491456974,427,False,False,False,False
user_bxxatzfk,10,36464.0,3646.4,2414.25,15151.0,France,ru,2023-01-02,2.406705827998152,485,False,False,False,False
user_bz6biydx,8,30040.0,3755.0,3899.4,15283.0,Spain,hi,2023-11-24,1.9655826735588562,159,False,False,False,False
user_c01tfali,6,11625.0,1937.5,2202.5,28971.0,Italy,fr,2023-10-29,0.4012633322978151,185,False,False,False,True
user_c2tfuv1t,2,10621.0,5310.5,3827.0,339.0,United States,ru,2023-01-18,31.330383480825958,469,False,False,True,False
user_c48hfo1e,10,40689.0,4068.9,2522.222222222222,30991.0,Japan,ja,2023-04-02,1.3129295601948954,395,False,False,False,False
user_c4e9we1i,10,33037.0,3303.7,2678.1428571428573,33992.0,Germany,zh,2023-09-01,0.9719051541539185,243,False,True,False,False
user_c4qqdoi5,6,22234.0,3705.6666666666665,2747.0,44786.0,Australia,de,2023-08-09,0.4964497834144599,266,False,False,False,False
user_c598rgin,9,41509.0,4612.111111111111,3035.125,34632.0,South Africa,ar,2023-09-23,1.1985735735735736,221,False,False,False,False
user_c66mua3o,7,25099.0,3585.5714285714284,2128.0,34339.0,Italy,hi,2023-05-09,0.7309181979673258,358,False,False,False,True
user_c66o14p3,8,35933.0,4491.625,3235.375,24996.0,Japan,ja,2023-01-04,1.4375500080012802,483,False,False,False,False
user_c6x0yszg,11,43376.0,3943.2727272727275,2492.0,48384.0,Australia,ar,2023-04-13,0.896494708994709,384,False,False,False,False
user_c6zjvhsi,7,34459.0,4922.714285714285,3607.5,20781.0,Germany,pt,2023-08-30,1.658197391848323,245,False,False,False,False
user_c7t5ufm1,11,43092.0,3917.4545454545455,2273.818181818182,30697.0,Japan,ja,2023-08-02,1.4037853861940905,273,False,False,False,False
user_cax2bqkt,6,24420.0,4070.0,2528.5,2589.0,Italy,es,2023-02-18,9.432213209733488,438,False,False,False,False
user_cbswmk3b,2,10059.0,5029.5,2631.5,8109.0,China,ru,2023-02-22,1.24047354790973,434,False,False,True,False
user_cdzp4vm2,11,48019.0,4365.363636363636,2867.4545454545455,11187.0,China,ru,2023-05-22,4.2923929561097705,345,True,False,False,False
user_cefi5hpb,10,43917.0,4391.7,3225.777777777778,15895.0,South Africa,es,2023-07-26,2.762944322113872,280,True,False,False,False
user_ceim4vux,11,43766.0,3978.7272727272725,2540.3636363636365,40811.0,South Korea,hi,2023-11-13,1.0724069491068584,170,False,False,False,False
user_cfz014a5,5,22965.0,4593.0,3495.0,44736.0,Germany,zh,2023-12-06,0.513344957081545,147,False,False,True,False
user_cgajq4il,7,28445.0,4063.5714285714284,3460.0,13722.0,France,hi,2023-03-23,2.0729485497740856,405,False,False,False,False
user_cgba70jv,10,30414.0,3041.4,2995.5,24984.0,United States,fr,2023-05-19,1.217339097022094,348,False,True,False,False
user_cgjc9dik,6,24384.0,4064.0,2628.5,14179.0,United States,ja,2023-06-26,1.7197263558784117,310,False,False,False,False
user_cgwp945e,9,40568.0,4507.555555555556,3117.777777777778,38693.0,Brazil,de,2023-02-22,1.0484583774842995,434,False,False,False,False
user_chlfff5h,6,20873.0,3478.8333333333335,1985.3333333333333,11640.0,Egypt,fr,2023-02-16,1.793213058419244,440,False,False,False,True
user_cju18iix,8,28931.0,3616.375,2249.714285714286,20584.0,China,ja,2023-02-08,1.4055091333074232,448,False,False,False,False
user_ckgkg0br,9,36697.0,4077.4444444444443,2581.777777777778,16387.0,Brazil,zh,2023-02-23,2.2393970830536403,433,False,False,False,False
user_ckihmwlk,3,8837.0,2945.6666666666665,1574.3333333333333,20122.0,Germany,es,2023-08-31,0.4391710565550144,244,False,False,False,True
user_cl1v5t2j,7,22069.0,3152.714285714286,2204.4,11334.0,UAE,en,2023-01-23,1.9471501676371978,464,False,False,False,True
user_cmf4omis,5,13628.0,2725.6,1358.0,21040.0,United States,ar,2023-08-30,0.6477186311787072,245,False,False,False,True
user_cntp6452,10,31213.0,3121.3,1780.0,11329.0,China,pt,2023-10-04,2.7551416718156942,210,False,True,False,False
user_cp951gop,8,35300.0,4412.5,3836.0,31879.0,United States,ar,2023-06-24,1.1073120235891967,312,False,False,False,False
user_cpgiv9pb,3,10157.0,3385.6666666666665,2381.5,22450.0,Germany,pt,2023-12-17,0.45242761692650335,136,False,False,False,True
user_cpxksz4r,12,47058.0,3921.5,2305.7272727272725,49247.0,Canada,de,2023-09-17,0.9555505919142283,227,False,False,False,False
user_cqaitbuv,10,44310.0,4431.0,3135.1111111111113,3382.0,South Africa,ja,2023-06-30,13.101714961561207,306,True,False,False,False
user_cqevrtnt,4,14873.0,3718.25,2093.75,5823.0,South Africa,ja,2023-12-04,2.554181693285248,149,False,False,False,False
user_csluibwk,9,39221.0,4357.888888888889,2568.5555555555557,19091.0,Japan,pt,2023-09-08,2.054423550364046,236,False,False,False,False
user_cssz1rea,13,46894.0,3607.230769230769,2686.5,7863.0,Japan,hi,2023-09-09,5.963881470176777,235,False,True,False,False
user_ct4c5m5p,10,35027.0,3502.7,2054.1,13416.0,United Kingdom,ru,2023-12-29,2.6108378056052475,124,False,True,False,False
user_ctdjnqvi,14,49637.0,3545.5,2457.5,34193.0,UAE,hi,2023-02-16,1.4516713947299156,440,False,True,False,False
user_cud134xj,11,44651.0,4059.181818181818,2710.5454545454545,34665.0,Spain,ja,2023-03-12,1.2880715419010529,416,False,False,False,False
user_cuzig14g,14,47065.0,3361.785714285714,2182.0,8070.0,Egypt,ar,2023-05-15,5.832094175960347,352,False,True,False,False
user_cw087eow,6,18208.0,3034.6666666666665,2190.4,31159.0,United States,zh,2023-10-11,0.584357649475272,203,False,False,False,True
user_cwgik1z6,8,32530.0,4066.25,2823.875,36868.0,United States,ja,2023-11-22,0.8823369860041228,161,False,False,False,False
user_cwh9v5dk,11,35300.0,3209.090909090909,2288.1111111111113,17364.0,Germany,en,2023-09-08,2.032941718498042,236,False,True,False,False
user_cyhf4eor,8,32111.0,4013.875,2741.5714285714284,14374.0,United States,es,2023-06-03,2.2339641018505634,333,False,False,False,False
user_cyip1pki,7,30523.0,4360.428571428572,3208.714285714286,19792.0,United States,zh,2023-02-07,1.542188763136621,449,False,False,False,False
user_cyqqg8x5,10,38020.0,3802.0,2609.25,44679.0,Mexico,zh,2023-12-04,0.8509590635421562,149,False,False,False,False
user_d0hubs9a,10,33282.0,3328.2,2231.125,38107.0,United States,pt,2023-11-21,0.8733828430472091,162,False,True,False,False
user_d0m2tiau,10,30036.0,3003.6,2632.0,8439.0,South Korea,ru,2023-06-04,3.5591894774262354,332,False,True,False,False
user_d1drdipk,6,25564.0,4260.666666666667,3193.4,12883.0,Germany,fr,2023-03-14,1.9843204222618955,414,False,False,False,False
user_d1fuzi94,8,24683.0,3085.375,2634.6,36438.0,Egypt,ja,2023-01-27,0.6773972226796202,460,False,False,False,False
user_d3ymednx,8,30027.0,3753.375,2411.0,17904.0,France,zh,2023-07-27,1.6771112600536193,279,False,False,False,False
user_d3z3d8ys,11,40446.0,3676.909090909091,2484.8888888888887,25077.0,India,en,2023-03-12,1.612872353152291,416,False,False,False,False
user_d4eat3v3,14,60333.0,4309.5,2899.153846153846,49914.0,Japan,de,2023-07-22,1.2087390311335497,284,True,False,False,False
user_d540lt76,7,14558.0,2079.714285714286,1221.2,8352.0,United States,de,2023-06-22,1.7430555555555556,314,False,False,False,True
user_d6tjszz8,12,48187.0,4015.5833333333335,2643.25,37186.0,Australia,fr,2023-03-24,1.2958371430108104,404,False,False,False,False
user_d6tkz8qs,11,38207.0,3473.3636363636365,2468.5555555555557,43203.0,Brazil,fr,2023-04-09,0.884359882415573,388,False,True,False,False
user_d71eor1s,11,35364.0,3214.909090909091,2793.285714285714,21073.0,Italy,de,2023-05-10,1.678166374033123,357,False,True,False,False
user_d7fndosg,6,16411.0,2735.1666666666665,2465.5,3708.0,Canada,ja,2023-09-17,4.425836030204962,227,False,False,False,True
user_d88b8qoh,8,32450.0,4056.25,2491.8571428571427,1569.0,Brazil,en,2023-02-12,20.68196303377948,444,False,False,False,False
user_d8ouiga8,10,41755.0,4175.5,2806.5555555555557,5270.0,United States,de,2023-04-06,7.923149905123339,391,True,False,False,False
user_d9971ba6,5,19864.0,3972.8,3016.5,13964.0,UAE,hi,2023-03-27,1.422515038670868,401,False,False,False,False
user_dalm2g0s,8,31714.0,3964.25,2365.5714285714284,47363.0,Australia,hi,2023-05-25,0.6695944091379347,342,False,False,False,False
user_dbqn2wg3,6,23447.0,3907.8333333333335,2955.6,14408.0,Japan,zh,2023-06-21,1.6273598001110494,315,False,False,False,False
user_dcovm3wj,9,29972.0,3330.222222222222,2592.3333333333335,41224.0,Mexico,fr,2023-09-21,0.7270522026004269,223,False,False,False,False
user_dcrkgrb5,7,24957.0,3565.285714285714,2592.4,27599.0,,ja,2023-03-10,0.9042718939091996,418,False,False,False,True
user_de1ix2nc,5,26155.0,5231.0,3857.2,5659.0,United States,de,2023-04-02,4.621841314719915,395,False,False,True,False
user_df1ei5h3,11,30664.0,2787.6363636363635,1836.888888888889,13742.0,,de,2023-11-03,2.231407364284675,180,False,True,False,False
user_df7hi7fy,13,41788.0,3214.4615384615386,2468.625,25475.0,United Kingdom,ja,2023-09-05,1.6403532875368008,239,False,True,False,False
user_dfogxwx0,4,17244.0,4311.0,2835.5,9419.0,United Kingdom,ar,2023-09-09,1.8307675974094915,235,False,False,True,False
user_dixsdewf,5,12056.0,2411.2,1823.3333333333333,45746.0,China,es,2023-09-13,0.2635421676212128,231,False,False,False,True
user_dkrkjvcx,4,17241.0,4310.25,4191.333333333333,6682.0,Australia,ja,2023-08-31,2.580215504340018,244,False,False,True,False
user_dl3xyfx7,9,25338.0,2815.3333333333335,1593.625,16218.0,Italy,hi,2023-06-05,1.5623381428042915,331,False,False,False,False
user_do09zsgf,3,14573.0,4857.666666666667,3018.0,1914.0,United States,en,2023-01-12,7.6138975966562175,475,False,False,True,False
user_do27uxxo,5,15274.0,3054.8,1880.0,17481.0,South Korea,es,2023-04-17,0.873748641382072,380,False,False,False,True
user_dotzarnx,10,27755.0,2775.5,1790.625,8257.0,Germany,de,2023-11-09,3.361390335472932,174,False,True,False,False
user_drbocr22,4,13274.0,3318.5,2334.3333333333335,33828.0,Brazil,pt,2023-08-11,0.39239683102755113,264,False,False,False,True
user_dtqoi70v,7,20382.0,2911.714285714286,1804.1666666666667,43807.0,United States,en,2023-03-21,0.4652681078366471,407,False,False,False,True
user_dur7q95h,8,26729.0,3341.125,2483.1428571428573,14508.0,France,fr,2023-10-31,1.8423628342983183,183,False,False,False,False
user_dvoklay9,4,17103.0,4275.75,2574.25,47705.0,Brazil,en,2023-04-01,0.3585158788386962,396,False,False,True,False
user_dxhhp9fo,9,36025.0,4002.777777777778,2735.0,3852.0,United Kingdom,fr,2023-03-03,9.352284527518172,425,False,False,False,False
user_dxyefwh5,9,37690.0,4187.777777777777,2588.6666666666665,47791.0,Japan,fr,2023-02-01,0.7886422129689691,455,False,False,False,False
user_dz860k6t,7,32403.0,4629.0,3275.8571428571427,22727.0,Mexico,ru,2023-09-06,1.425749108989308,238,False,False,False,False
user_e33tyryb,9,30927.0,3436.3333333333335,1964.0,40671.0,Germany,hi,2023-02-16,0.760418971748912,440,False,False,False,False
user_e36lw9zl,9,30010.0,3334.4444444444443,2069.625,41399.0,France,zh,2023-10-14,0.7248967366361506,200,False,False,False,False
user_e3cwapff,9,32384.0,3598.222222222222,2400.75,14722.0,United States,zh,2023-07-10,2.1997011275641896,296,False,False,False,False
user_e4rss07t,8,27662.0,3457.75,2296.0,578.0,United States,ja,2023-07-24,47.858131487889274,282,False,False,False,False
user_e4woaioc,8,33985.0,4248.125,2600.625,19459.0,Mexico,ja,2023-05-16,1.7464926255203248,351,False,False,False,False
user_e5q8f7ve,5,10233.0,2046.6,1368.0,43303.0,Brazil,fr,2023-06-12,0.23631157194651642,324,False,False,False,True
user_e68x1vfa,8,30682.0,3835.25,2529.4285714285716,14402.0,United States,hi,2023-05-18,2.130398555756145,349,False,False,False,False
user_e6tqf43a,4,15549.0,3887.25,2468.5,30497.0,China,fr,2023-10-13,0.5098534282060531,201,False,False,False,False
user_e8m3xd6h,8,30596.0,3824.5,2638.8571428571427,40451.0,Japan,fr,2023-04-21,0.7563719067513782,376,False,False,False,False
user_e9paascb,12,43665.0,3638.75,2076.6666666666665,19695.0,Brazil,de,2023-03-11,2.217060167555217,417,False,False,False,False
user_eaft49ay,3,10892.0,3630.6666666666665,2628.0,31061.0,Canada,es,2023-01-28,0.35066482083641864,459,False,False,False,False
user_eank0miq,5,20566.0,4113.2,3021.75,8837.0,United Kingdom,es,2023-12-24,2.327260382482743,129,False,False,True,False
user_ear3km1w,6,10444.0,1740.6666666666667,908.0,2797.0,Spain,ru,2023-08-01,3.7340007150518413,274,False,False,False,True
user_eatb59cy,3,17414.0,5804.666666666667,4052.0,39881.0,Mexico,en,2023-08-02,0.4366490308668288,273,False,False,True,False
user_ec3q4urm,10,32549.0,3254.9,3435.3333333333335,26940.0,Egypt,zh,2023-02-14,1.2082034149962881,442,False,True,False,False
user_eci1w7hz,3,8057.0,2685.6666666666665,1115.0,43692.0,South Korea,ru,2023-02-04,0.18440446763709603,452,False,False,False,True
user_ecizeoah,6,26456.0,4409.333333333333,2836.3333333333335,39544.0,Germany,de,2023-09-30,0.6690269067367995,214,False,False,False,False
user_edi9lmxp,11,41453.0,3768.4545454545455,2441.9,22782.0,Spain,de,2023-10-04,1.8195505223422,210,False,False,False,False
user_eg2telg5,3,10299.0,3433.0,2006.6666666666667,10015.0,,hi,2023-12-25,1.0283574638042936,128,False,False,False,True
user_egbm0x5r,3,11790.0,3930.0,2482.6666666666665,8593.0,United Kingdom,pt,2023-12-22,1.3720470150122193,131,False,False,False,False
user_egkvyaal,6,16579.0,2763.1666666666665,2224.3333333333335,47080.0,China,zh,2023-08-27,0.35214528462192013,248,False,False,False,True
user_eh4ki1e0,6,29833.0,4972.166666666667,3459.1666666666665,35006.0,France,hi,2023-04-07,0.8522253328000914,390,False,False,False,False
user_ehd44os3,6,25666.0,4277.666666666667,3138.6,44782.0,Australia,zh,2023-09-12,0.5731320619891921,232,False,False,False,False
user_ei2dj82r,4,5706.0,1426.5,863.0,39910.0,China,en,2023-12-31,0.14297168629416188,122,False,False,False,True
user_eies3y7t,5,20008.0,4001.6,2733.2,8695.0,Brazil,es,2023-10-27,2.301092581943646,187,False,False,False,False
user_ekw6pu9s,8,23474.0,2934.25,2352.6,13820.0,Spain,de,2023-06-05,1.6985528219971056,331,False,False,False,False
user_emlc2ijs,6,24884.0,4147.333333333333,2955.0,42097.0,India,zh,2023-07-15,0.5911110055348362,291,False,False,False,False
user_eocjg4nr,7,24699.0,3528.4285714285716,2472.0,7268.0,South Africa,es,2023-08-13,3.398321408915795,262,False,False,False,True
user_ep00xpmt,4,16039.0,4009.75,2571.5,7893.0,Spain,hi,2023-11-07,2.0320537184847334,176,False,False,False,False
user_ep20r6t6,7,28928.0,4132.571428571428,2268.0,12761.0,China,de,2023-04-27,2.2669069822114256,370,False,False,False,False
user_eq3xvzzh,10,38702.0,3870.2,2936.5555555555557,8670.0,Egypt,zh,2023-11-19,4.463898500576701,164,False,False,False,False
user_ercb72ke,7,23361.0,3337.285714285714,2192.0,29120.0,Egypt,ar,2023-04-09,0.8022321428571428,388,False,False,False,True
user_ern153cu,7,19170.0,2738.5714285714284,1725.6,25695.0,Italy,ar,2023-01-23,0.7460595446584939,464,False,False,False,True
user_eskzkba8,3,9699.0,3233.0,1833.5,4021.0,Canada,de,2023-09-15,2.412086545635414,229,False,False,False,True
user_eveg7bqi,3,11327.0,3775.6666666666665,2036.6666666666667,2633.0,United Kingdom,ja,2023-04-27,4.301936954044816,370,False,False,False,False
user_evp5iscs,3,7383.0,2461.0,2248.0,20700.0,China,es,2023-11-27,0.3566666666666667,156,False,False,False,True
user_ewhj7uh3,5,14999.0,2999.8,1296.0,14378.0,United States,es,2023-12-23,1.043190986228961,130,False,False,False,True
user_ewvhln58,5,22276.0,4455.2,2514.2,29588.0,South Korea,fr,2023-08-01,0.7528727862647019,274,False,False,True,False
user_extpr91a,3,11624.0,3874.6666666666665,2500.6666666666665,3802.0,United States,fr,2023-02-27,3.0573382430299842,429,False,False,False,False
user_eyak9wgy,5,19806.0,3961.2,2609.6,34393.0,Egypt,fr,2023-03-18,0.5758729974122642,410,False,False,False,False
user_eyivvxsv,7,30906.0,4415.142857142857,3285.5714285714284,34931.0,United States,zh,2023-06-19,0.8847728378803927,317,False,False,False,False
user_eyryqg4c,5,13025.0,2605.0,1215.8,42446.0,,en,2023-08-14,0.3068604815530321,261,False,False,False,True
user_f1zb31m9,8,32039.0,4004.875,2215.8571428571427,46628.0,China,es,2023-05-30,0.6871193274427383,337,False,False,False,False
user_f2smsclm,12,39550.0,3295.8333333333335,2023.0,5978.0,France,fr,2023-09-10,6.615925058548009,234,False,True,False,False
user_f3crksgl,10,41883.0,4188.3,2898.6,37091.0,United States,ar,2023-09-13,1.1291957617750936,231,True,False,False,False
user_f3mpmelw,5,15931.0,3186.2,1865.4,42636.0,Nigeria,es,2023-01-15,0.3736513744253682,472,False,False,False,True
user_f45gw6pp,8,22758.0,2844.75,1895.2,40345.0,Mexico,ar,2023-10-09,0.5640847688685091,205,False,False,False,False
user_f7gw8r95,7,29103.0,4157.571428571428,2681.8333333333335,14142.0,United Kingdom,zh,2023-10-21,2.0579126007636828,193,False,False,False,False
user_f7siruac,4,14007.0,3501.75,3065.3333333333335,42293.0,Italy,es,2023-02-01,0.33118955855578935,455,False,False,False,True
user_fb59r176,6,19737.0,3289.5,2212.8,41308.0,Canada,zh,2023-10-03,0.4778009102353055,211,False,False,False,True
user_fbi471s9,6,15309.0,2551.5,1586.5,2778.0,China,fr,2023-10-30,5.510799136069115,184,False,False,False,True
user_fchpzhlh,6,16575.0,2762.5,1628.0,24220.0,China,pt,2023-08-03,0.6843517753922378,272,False,False,False,True
user_fdavvfs9,3,5693.0,1897.6666666666667,799.0,28740.0,China,hi,2023-10-14,0.19808629088378565,200,False,False,False,True
user_ff1fie1h,4,13487.0,3371.75,1998.5,34366.0,Germany,ru,2023-01-15,0.392451841936798,472,False,False,False,True
user_ff9hvncb,8,17868.0,2233.5,827.1666666666666,44674.0,Spain,hi,2023-04-23,0.39996418498455477,374,False,False,False,False
user_ffgz3fqf,9,38882.0,4320.222222222223,2722.777777777778,39085.0,United States,ja,2023-04-05,0.994806191633619,392,False,False,False,False
user_ffnoykfo,6,23470.0,3911.6666666666665,3560.75,37122.0,Spain,pt,2023-02-07,0.6322396422606541,449,False,False,False,False
user_fgjkkrie,12,53244.0,4437.0,2725.3333333333335,2211.0,France,zh,2023-07-13,24.081411126187245,293,True,False,False,False
user_fhm7i47h,7,21650.0,3092.8571428571427,1825.5,43143.0,China,hi,2023-06-20,0.5018195303989059,316,False,False,False,True
user_fietp9xk,7,27102.0,3871.714285714286,2369.285714285714,40252.0,China,ru,2023-09-30,0.6733081586008148,214,False,False,False,False
user_fjvrclrt,5,24138.0,4827.6,3382.2,23614.0,Germany,ar,2023-05-22,1.0221902261370372,345,False,False,True,False
user_fmv8168w,10,32585.0,3258.5,2302.8888888888887,32817.0,Germany,fr,2023-08-18,0.9929304933418654,257,False,True,False,False
user_fpnt3iw9,10,32493.0,3249.3,2484.5,8979.0,Brazil,ru,2023-01-02,3.6187771466755763,485,False,True,False,False
user_fq6l7e80,6,21985.0,3664.1666666666665,2687.6,39668.0,UAE,ja,2023-08-08,0.554225068064939,267,False,False,False,False
user_fqfldx38,7,25630.0,3661.4285714285716,2678.3333333333335,25120.0,Australia,ru,2023-01-26,1.0203025477707006,461,False,False,False,False
user_frcablkw,4,16127.0,4031.75,3774.0,21147.0,United States,hi,2023-08-12,0.7626140823757507,263,False,False,False,False
user_frdud4v4,5,16534.0,3306.8,2422.5,10884.0,UAE,ru,2023-04-15,1.5191106210951857,382,False,False,False,True
user_ft4u9ffd,6,31807.0,5301.166666666667,3505.1666666666665,48667.0,United States,pt,2023-09-02,0.6535640166848172,242,False,False,False,False
user_fti0may3,6,25052.0,4175.333333333333,3550.0,10669.0,,pt,2023-11-09,2.3481113506420472,174,False,False,False,False
user_fumgsyfe,10,31255.0,3125.5,1885.6666666666667,40156.0,United States,es,2023-03-18,0.7783394760434306,410,False,True,False,False
user_fw6e06ah,7,27943.0,3991.8571428571427,1917.5714285714287,25305.0,France,ja,2023-05-25,1.104248172297965,342,False,False,False,False
user_fxsobysv,8,33650.0,4206.25,3323.8571428571427,10948.0,Australia,es,2023-12-17,3.0736207526488855,136,False,False,False,False
user_fy2c6qch,3,10067.0,3355.6666666666665,3195.5,31362.0,Australia,pt,2023-11-10,0.3209935590842421,173,False,False,False,True
user_g271vgx2,8,27563.0,3445.375,2999.3333333333335,32504.0,United Kingdom,fr,2023-04-12,0.8479879399458529,385,False,False,False,False
user_g2dekwc7,5,20024.0,4004.8,3274.5,3698.0,Spain,es,2023-06-06,5.4148188209843156,330,False,False,False,False
user_g2hbxvtg,4,14498.0,3624.5,2436.0,46791.0,United States,ar,2023-12-01,0.30984591053835137,152,False,False,False,False
user_g37hrbp3,11,51740.0,4703.636363636364,3634.9,6699.0,Egypt,ja,2023-10-29,7.723540826989103,185,True,False,False,False
user_g4wvcqoa,8,31059.0,3882.375,3033.8333333333335,20556.0,India,de,2023-07-13,1.5109457092819614,293,False,False,False,False
user_g5a3zs71,6,21929.0,3654.8333333333335,1769.3333333333333,26819.0,France,fr,2023-12-06,0.8176665796636713,147,False,False,False,False
user_g610crca,9,31680.0,3520.0,2001.375,41246.0,Brazil,ar,2023-11-04,0.7680744799495709,179,False,False,False,False
user_g612w4ko,12,36064.0,3005.3333333333335,2051.125,13591.0,Germany,de,2023-02-19,2.6535207122360385,437,False,True,False,False
user_g62nc9bm,9,35372.0,3930.222222222222,2650.125,29261.0,Japan,pt,2023-05-18,1.20884453709716,349,False,False,False,False
user_g634p4h2,9,30370.0,3374.4444444444443,2222.875,25978.0,Egypt,ru,2023-04-15,1.1690661328816692,382,False,False,False,False
user_g6l0e61e,3,10199.0,3399.6666666666665,2880.0,48312.0,United Kingdom,de,2023-03-04,0.21110697135287299,424,False,False,False,True
user_g8q08z4s,8,31684.0,3960.5,3010.5714285714284,19765.0,South Korea,es,2023-02-14,1.6030356691120669,442,False,False,False,False
user_g9g7onlw,9,33977.0,3775.222222222222,2700.5,7981.0,Germany,de,2023-07-19,4.257235935346448,287,False,False,False,False
user_ga23fa19,9,35404.0,3933.777777777778,2659.625,17759.0,Canada,fr,2023-08-11,1.9935807196351145,264,False,False,False,False
user_gb2vq8n8,3,10963.0,3654.3333333333335,2811.0,22892.0,,en,2023-06-17,0.4789009260877162,319,False,False,False,False
user_gbfw65um,6,18413.0,3068.8333333333335,1699.25,3210.0,UAE,ja,2023-01-21,5.736137071651091,466,False,False,False,True
user_gcqp6ulk,6,13256.0,2209.3333333333335,893.3333333333334,42234.0,United States,zh,2023-11-21,0.3138703414310745,162,False,False,False,True
user_gdb4jae5,7,18904.0,2700.5714285714284,2000.0,46803.0,Italy,en,2023-11-29,0.4039057325385125,154,False,False,False,True
user_gg2lzb94,2,10208.0,5104.0,3735.0,21301.0,Egypt,hi,2023-01-09,0.47922632740246934,478,False,False,True,False
user_ggnjpujh,13,46852.0,3604.0,2672.6666666666665,35532.0,,hi,2023-10-22,1.3185860632669144,192,False,True,False,False
user_ghc11hqx,3,12076.0,4025.3333333333335,2748.5,8863.0,China,fr,2023-12-11,1.3625183346496672,142,False,False,False,False
user_ghvkvfa7,9,36549.0,4061.0,2471.875,12899.0,Germany,en,2023-08-31,2.8334754632142025,244,False,False,False,False
user_gi4jvjqd,8,25452.0,3181.5,2101.714285714286,41198.0,Japan,hi,2023-03-05,0.6177969804359434,423,False,False,False,False
user_gikb0dqn,4,15541.0,3885.25,2808.6666666666665,33219.0,UAE,pt,2023-03-23,0.4678346729281435,405,False,False,False,False
user_giqj8qez,4,20239.0,5059.75,3493.75,30904.0,United States,pt,2023-03-08,0.6548990421951851,420,False,False,True,False
user_gixgrawk,9,37537.0,4170.777777777777,3024.125,23531.0,Brazil,fr,2023-06-25,1.5952148229994476,311,False,False,False,False
user_gl6nmk6h,2,5182.0,2591.0,967.0,6996.0,Italy,de,2023-09-22,0.7407089765580331,222,False,False,False,True
user_go5yskr8,10,36089.0,3608.9,2008.0,4905.0,France,pt,2023-06-16,7.357594291539246,320,False,True,False,False
user_go6yx0fm,8,26624.0,3328.0,1912.4285714285713,20088.0,Germany,zh,2023-09-16,1.32536837913182,228,False,False,False,False
user_golhwj2p,5,21962.0,4392.4,2774.0,22862.0,United States,de,2023-05-30,0.9606333654098504,337,False,False,True,False
user_gp93zm40,4,17855.0,4463.75,2925.0,9875.0,South Africa,es,2023-10-23,1.8081012658227849,191,False,False,True,False
user_gphppr64,4,11124.0,2781.0,1215.6666666666667,6219.0,United States,ar,2023-08-17,1.788712011577424,258,False,False,False,True
user_gpq94odr,7,30395.0,4342.142857142857,3065.0,39793.0,United Kingdom,ar,2023-02-02,0.763827808911115,454,False,False,False,False
user_gq0rypar,14,60910.0,4350.714285714285,3136.1666666666665,17672.0,India,zh,2023-03-20,3.4466953372566773,408,True,False,False,False
user_gqley07k,10,28435.0,2843.5,1993.0,23356.0,Brazil,hi,2023-12-04,1.2174601815379347,149,False,True,False,False
user_gre0h06x,9,36116.0,4012.8888888888887,2568.875,23303.0,China,es,2023-11-17,1.5498433678067203,166,False,False,False,False
user_gsa59ewq,7,25965.0,3709.285714285714,2675.6666666666665,2194.0,United States,de,2023-12-20,11.834548769371011,133,False,False,False,False
user_gtz1vf91,7,30361.0,4337.285714285715,2685.8571428571427,27386.0,Spain,ja,2023-07-28,1.108632147812751,278,False,False,False,False
user_guglt5jp,8,26539.0,3317.375,1966.142857142857,38963.0,Germany,ja,2023-10-23,0.681133382953058,191,False,False,False,False
user_guruu55k,9,28653.0,3183.6666666666665,1609.3333333333333,11260.0,Mexico,en,2023-03-30,2.544671403197158,398,False,False,False,False
user_gv4hxtvt,4,12049.0,3012.25,2807.0,42219.0,Mexico,pt,2023-09-29,0.28539283261090975,215,False,False,False,True
user_gv4jqg3n,7,23711.0,3387.285714285714,2402.6666666666665,27493.0,Canada,es,2023-08-27,0.8624377114174517,248,False,False,False,True
user_gxehbnkq,7,20699.0,2957.0,2388.25,44124.0,Japan,ru,2023-07-02,0.46910978152479377,304,False,False,False,True
user_gxi7j44a,5,20256.0,4051.2,2679.8,5221.0,Spain,zh,2023-07-06,3.879716529400498,300,False,False,False,False
user_gyx5gifk,4,13820.0,3455.0,1852.3333333333333,3302.0,Canada,es,2023-04-29,4.18534221683828,368,False,False,False,True
user_gzmfd48k,7,26632.0,3804.5714285714284,2485.714285714286,30865.0,South Africa,es,2023-08-11,0.8628543657864896,264,False,False,False,False
user_h229sw58,1,2488.0,2488.0,327.0,34951.0,India,es,2023-08-09,0.07118537380904695,266,False,False,False,True
user_h2cc650s,5,13382.0,2676.4,1419.2,12019.0,Canada,ja,2023-09-04,1.1134037773525252,240,False,False,False,True
user_h39vyus8,6,23888.0,3981.3333333333335,2738.2,38397.0,Germany,pt,2023-01-28,0.622131937390942,459,False,False,False,False
user_h4lueh1i,7,31159.0,4451.285714285715,3042.714285714286,17902.0,Australia,en,2023-12-09,1.7405317841581947,144,False,False,False,False
user_h5lkwga3,5,11989.0,2397.8,1675.0,26321.0,South Africa,ru,2023-04-30,0.455491812621101,367,False,False,False,True
user_h6g9kjdx,8,34451.0,4306.375,2873.4285714285716,2191.0,India,de,2023-03-12,15.723870378822456,416,False,False,False,False
user_h7u7wi0n,8,30962.0,3870.25,2851.1428571428573,37912.0,India,ja,2023-06-17,0.8166807343321376,319,False,False,False,False
user_h8g2fyv0,5,20675.0,4135.0,2356.0,4209.0,United Kingdom,es,2023-07-11,4.9120931337609886,295,False,False,True,False
user_h8y1m5k9,4,16913.0,4228.25,4491.0,38418.0,Spain,en,2023-02-09,0.4402363475454214,447,False,False,True,False
user_ha9bzru4,10,41826.0,4182.6,2666.2,608.0,Canada,de,2023-04-09,68.79276315789474,388,True,False,False,False
user_hdas0iau,14,54678.0,3905.5714285714284,2239.769230769231,1620.0,Brazil,ja,2023-10-31,33.75185185185185,183,False,False,False,False
user_hdcwy7rw,10,33379.0,3337.9,2123.6666666666665,2595.0,United States,hi,2023-06-12,12.86281310211946,324,False,True,False,False
user_hdl625jh,6,20220.0,3370.0,2531.5,33417.0,Canada,pt,2023-03-10,0.6050812460723584,418,False,False,False,True
user_hdwsy3nf,7,25534.0,3647.714285714286,2227.1428571428573,10597.0,Canada,fr,2023-03-28,2.4095498726054543,400,False,False,False,False
user_he4o0aak,10,29870.0,2987.0,2166.0,42872.0,France,ja,2023-01-04,0.696725135286434,483,False,True,False,False
user_he9lmvpu,4,21682.0,5420.5,4250.75,46685.0,United States,hi,2023-11-03,0.4644318303523616,180,False,False,True,False
user_hen7rrkk,3,5781.0,1927.0,610.3333333333334,1688.0,Germany,hi,2023-04-17,3.4247630331753554,380,False,False,False,True
user_hfqxjqrc,6,20842.0,3473.6666666666665,2256.1666666666665,39278.0,Canada,en,2023-12-09,0.5306278323743572,144,False,False,False,True
user_hftncqwg,9,26796.0,2977.3333333333335,1760.125,35741.0,Japan,en,2023-05-05,0.7497272040513696,362,False,False,False,False
user_hjd27rwd,13,43354.0,3334.923076923077,2159.909090909091,46289.0,Spain,pt,2023-09-27,0.9365940072155372,217,False,True,False,False
user_hk65gky5,9,28251.0,3139.0,3030.8,23277.0,Nigeria,pt,2023-05-17,1.2136873308416034,350,False,False,False,False
user_hkiyc5fm,9,21934.0,2437.1111111111113,1355.5714285714287,125.0,France,ar,2023-10-21,175.472,193,False,False,False,False
user_hko8pxwz,5,18295.0,3659.0,3254.75,42258.0,United States,es,2023-03-08,0.4329357754744664,420,False,False,False,False
user_hl5t4pj7,9,41186.0,4576.222222222223,2791.3333333333335,6995.0,China,fr,2023-09-12,5.887919942816297,232,False,False,False,False
user_hln16pdf,7,22072.0,3153.1428571428573,2002.4,31944.0,India,ar,2023-09-13,0.6909591785624843,231,False,False,False,True
user_hm5gz5e1,8,30220.0,3777.5,2405.1428571428573,33552.0,Canada,fr,2023-10-15,0.900691463996185,199,False,False,False,False
user_ho2plm16,6,18397.0,3066.1666666666665,2416.0,37616.0,United States,en,2023-11-28,0.48907379838366655,155,False,False,False,True
user_hq06wwgk,7,26100.0,3728.5714285714284,2433.6,43992.0,Germany,pt,2023-06-16,0.5932896890343698,320,False,False,False,False
user_hq1akhdd,8,36799.0,4599.875,3425.4285714285716,10354.0,Japan,ja,2023-09-05,3.554085377631833,239,False,False,False,False
user_hrja27s4,7,22791.0,3255.8571428571427,2265.3333333333335,42821.0,France,en,2023-10-13,0.5322388547675206,201,False,False,False,True
user_hs5g35ed,10,36290.0,3629.0,2063.1,14960.0,Nigeria,fr,2023-11-13,2.425802139037433,170,False,False,False,False
user_hvqqyzoi,12,45668.0,3805.6666666666665,2242.7272727272725,3213.0,Australia,zh,2023-11-10,14.213507625272332,173,False,False,False,False
user_hydwb1c4,11,34519.0,3138.090909090909,2155.3333333333335,2516.0,Canada,de,2023-08-18,13.7197933227345,257,False,True,False,False
user_hz0arhtv,7,27160.0,3880.0,2677.8333333333335,12039.0,Canada,en,2023-10-16,2.2560013290140377,198,False,False,False,False
user_i11d4wfo,7,26557.0,3793.8571428571427,2947.8,43184.0,China,ar,2023-05-30,0.6149731381993331,337,False,False,False,False
user_i15alzcr,10,40786.0,4078.6,2681.222222222222,37046.0,,pt,2023-07-02,1.100955568752362,304,False,False,False,False
user_i16blt5c,5,23091.0,4618.2,2995.8,15494.0,Nigeria,fr,2023-01-12,1.4903188330966826,475,False,False,True,False
user_i1cf6it0,7,19093.0,2727.5714285714284,2131.4,15096.0,United States,ru,2023-08-28,1.2647721250662427,247,False,False,False,True
user_i1e1kek5,14,56323.0,4023.0714285714284,2766.076923076923,46765.0,Canada,zh,2023-10-01,1.2043836202288036,213,False,False,False,False
user_i2p1s57x,6,25515.0,4252.5,2490.3333333333335,33834.0,South Korea,es,2023-04-25,0.7541230714665721,372,False,False,False,False
user_i2pgjzdu,10,35260.0,3526.0,2213.8888888888887,36881.0,India,ru,2023-10-16,0.9560478295057075,198,False,True,False,False
user_i2rk6iik,4,13728.0,3432.0,2085.75,40792.0,Japan,en,2023-03-17,0.3365365757991763,411,False,False,False,True
user_i4197bhy,4,10287.0,2571.75,1676.0,37933.0,United States,es,2023-06-20,0.2711886747686711,316,False,False,False,True
user_i45x0tl1,5,16615.0,3323.0,2591.0,34720.0,Egypt,ja,2023-06-10,0.4785426267281106,326,False,False,False,True
user_i52at5kz,9,31858.0,3539.777777777778,3008.8333333333335,5608.0,Canada,pt,2023-05-11,5.6808131241084165,356,False,False,False,False
user_i5gyaj59,6,20554.0,3425.6666666666665,3729.6666666666665,26215.0,Italy,zh,2023-02-26,0.7840549303833683,430,False,False,False,True
user_i5ujajet,10,39474.0,3947.4,2477.8,26833.0,Brazil,zh,2023-04-15,1.4710990198636007,382,False,False,False,False
user_i6bgsjcr,5,17432.0,3486.4,3370.0,1654.0,Spain,pt,2023-01-14,10.539298669891172,473,False,False,False,True
user_i7dvhf8q,5,15014.0,3002.8,2080.0,4409.0,,pt,2023-01-03,3.405307325924246,484,False,False,False,True
user_i7gbnt1o,3,9130.0,3043.3333333333335,1432.3333333333333,33650.0,Japan,ru,2023-10-01,0.2713224368499257,213,False,False,False,True
user_i8ncp2ai,6,18263.0,3043.8333333333335,2251.0,49722.0,India,fr,2023-02-12,0.3673022002332971,444,False,False,False,True
user_icpx666o,5,14077.0,2815.4,2048.6,36087.0,United States,es,2023-02-28,0.39008507218666,428,False,False,False,True
user_ieac3mj5,10,35830.0,3583.0,2532.125,28812.0,United States,de,2023-01-04,1.2435790642787727,483,False,True,False,False
user_ien1skk9,7,18260.0,2608.5714285714284,1611.0,23189.0,United Kingdom,pt,2023-01-23,0.7874423217905041,464,False,False,False,True
user_ihrxnz9u,3,12446.0,4148.666666666667,2812.6666666666665,18006.0,Mexico,fr,2023-12-09,0.6912140397645229,144,False,False,True,False
user_iie5vu9r,3,14552.0,4850.666666666667,3331.0,46501.0,United States,fr,2023-12-19,0.31293950667727577,134,False,False,True,False
user_ijzzygde,5,12207.0,2441.4,1338.0,7394.0,South Africa,ar,2023-03-03,1.6509331890722208,425,False,False,False,True
user_il88ti8o,9,27452.0,3050.222222222222,2452.3333333333335,33527.0,United States,en,2023-04-03,0.8188027559877114,394,False,False,False,False
user_io0r2qdo,9,37916.0,4212.888888888889,2803.75,13641.0,Germany,zh,2023-03-26,2.7795616157173226,402,False,False,False,False
user_ipbdrtzc,8,32181.0,4022.625,3502.0,27349.0,Brazil,pt,2023-02-18,1.176679220446817,438,False,False,False,False
user_ipc8wvdz,6,22016.0,3669.3333333333335,1785.5,9612.0,United States,fr,2023-09-24,2.2904702455264254,220,False,False,False,False
user_irfxbf0q,7,30975.0,4425.0,2635.0,3238.0,South Africa,fr,2023-09-17,9.566090179122915,227,False,False,False,False
user_ishux5fb,6,23395.0,3899.1666666666665,3020.0,27779.0,,de,2023-05-18,0.8421829439504662,349,False,False,False,False
user_ittg19ak,6,26123.0,4353.833333333333,2474.6666666666665,32111.0,France,fr,2023-06-04,0.8135218460963533,332,False,False,False,False
user_ivpaj0jp,9,41679.0,4631.0,3126.0,10547.0,Japan,fr,2023-07-23,3.9517398312316296,283,False,False,False,False
user_ivpoy0x1,11,43343.0,3940.2727272727275,2146.6363636363635,28950.0,South Korea,hi,2023-05-12,1.497167530224525,355,False,False,False,False
user_ixw57ddo,7,15559.0,2222.714285714286,1600.3333333333333,49484.0,United States,de,2023-08-14,0.31442486460269986,261,False,False,False,True
user_iydubon4,9,25290.0,2810.0,1618.4285714285713,3178.0,Canada,hi,2023-11-25,7.957835116425425,158,False,False,False,False
user_izlngxn6,5,17343.0,3468.6,2653.6666666666665,44716.0,China,pt,2023-05-02,0.38784775024599694,365,False,False,False,True
user_j0akync6,11,36153.0,3286.6363636363635,2694.125,28544.0,United States,en,2023-10-23,1.2665709080717489,191,False,True,False,False
user_j2nrh7s5,5,16801.0,3360.2,1980.8,3512.0,Brazil,ja,2023-07-25,4.783883826879271,281,False,False,False,True
user_j3tr99n2,9,39501.0,4389.0,3320.25,23154.0,Japan,de,2023-12-17,1.7060119201865769,136,False,False,False,False
user_j3u6uwnr,10,32477.0,3247.7,2077.375,28369.0,United States,hi,2023-12-01,1.1448059501568613,152,False,True,False,False
user_j4z9koyz,4,14796.0,3699.0,2776.3333333333335,20300.0,China,zh,2023-05-23,0.7288669950738916,344,False,False,False,False
user_j5l1l3j3,5,21176.0,4235.2,3087.2,24370.0,Italy,ja,2023-08-03,0.8689372178908494,272,False,False,True,False
user_j5okaapb,6,25656.0,4276.0,3005.8,22563.0,China,ar,2023-01-04,1.1370828347294242,483,False,False,False,False
user_j5s6xg7p,5,17246.0,3449.2,2368.2,22365.0,UAE,fr,2023-11-21,0.771115582383188,162,False,False,False,True
user_j5tr3n1z,11,37250.0,3386.3636363636365,2552.375,29666.0,Japan,de,2023-07-16,1.2556461942965012,290,False,True,False,False
user_j6qnfn0n,4,14376.0,3594.0,3717.5,10053.0,Australia,fr,2023-07-16,1.43002088928678,290,False,False,False,True
user_j7hru6kk,3,11775.0,3925.0,2310.3333333333335,26012.0,France,ar,2023-02-25,0.45267568814393355,431,False,False,False,False
user_j7xaj4fm,6,7917.0,1319.5,410.3333333333333,35153.0,Spain,ar,2023-10-06,0.2252154865872045,208,False,False,False,True
user_j9uoodiz,7,34818.0,4974.0,3285.285714285714,15236.0,United States,ja,2023-05-03,2.2852454712522974,364,False,False,False,False
user_ja1dmtpu,8,26243.0,3280.375,2185.5,32283.0,Germany,ar,2023-06-17,0.8129046247250875,319,False,False,False,False
user_jbexdryn,9,34010.0,3778.8888888888887,2876.8888888888887,35471.0,Spain,zh,2023-12-20,0.9588114234163119,133,False,False,False,False
user_jc5pei2a,5,20226.0,4045.2,2348.8,9428.0,South Korea,ar,2023-05-21,2.145311837081035,346,False,False,False,False
user_jca45sot,4,9721.0,2430.25,1369.5,35921.0,India,zh,2023-12-07,0.2706216419364717,146,False,False,False,True
user_jck2yka1,7,28261.0,4037.285714285714,3254.6666666666665,47158.0,Germany,en,2023-07-28,0.5992832605284363,278,False,False,False,False
user_jf5qblgx,5,17351.0,3470.2,2614.75,18368.0,Germany,ja,2023-07-25,0.944631968641115,281,False,False,False,True
user_jh1l7apn,9,32292.0,3588.0,2394.5,13388.0,France,de,2023-12-02,2.412010755900807,151,False,False,False,False
user_jh3b8sqc,8,31291.0,3911.375,2828.1428571428573,7366.0,Brazil,zh,2023-02-23,4.248031496062992,433,False,False,False,False
user_jhknjb2o,3,9355.0,3118.3333333333335,2699.5,26342.0,United Kingdom,ar,2023-12-09,0.3551362842608762,144,False,False,False,True
user_ji15uy0l,3,12820.0,4273.333333333333,2909.3333333333335,44142.0,United Kingdom,zh,2023-09-07,0.29042635132073763,237,False,False,True,False
user_jioz08hb,5,19219.0,3843.8,2585.4,11969.0,Australia,ja,2023-12-30,1.605731472971844,123,False,False,False,False
user_jl5j801v,8,35608.0,4451.0,2626.375,24657.0,United States,ru,2023-02-24,1.444133511781644,432,False,False,False,False
user_jlw733x7,3,5747.0,1915.6666666666667,2407.0,39303.0,China,ar,2023-08-10,0.14622293463603286,265,False,False,False,True
user_jm2grmis,5,21691.0,4338.2,4793.333333333333,45842.0,UAE,en,2023-01-03,0.4731687099166703,484,False,False,True,False
user_jm7686o2,8,30661.0,3832.625,2315.5,3152.0,Italy,en,2023-03-23,9.72747461928934,405,False,False,False,False
user_jnal1xxn,7,23244.0,3320.5714285714284,2138.1666666666665,8823.0,United States,zh,2023-10-28,2.634478068684121,186,False,False,False,True
user_jnbq8wan,4,17576.0,4394.0,3237.5,26014.0,Egypt,ja,2023-03-08,0.6756361958945183,420,False,False,True,False
user_jnknxe13,10,34703.0,3470.3,2117.6666666666665,35496.0,Nigeria,ar,2023-08-30,0.9776594545864322,245,False,True,False,False
user_jodbszof,8,23187.0,2898.375,2051.3333333333335,31286.0,India,zh,2023-05-30,0.7411302179888768,337,False,False,False,False
user_jp89dfll,6,19788.0,3298.0,2643.3333333333335,47314.0,Japan,zh,2023-06-23,0.4182271632075073,313,False,False,False,True
user_jpjfe0mm,3,11706.0,3902.0,2886.0,26099.0,France,en,2023-10-11,0.4485229319131001,203,False,False,False,False
user_jqhen223,7,18632.0,2661.714285714286,1751.6666666666667,1386.0,Italy,pt,2023-08-25,13.443001443001442,250,False,False,False,True
user_jrqo44md,8,35191.0,4398.875,3306.1428571428573,3826.0,Germany,en,2023-10-01,9.197856769472033,213,False,False,False,False
user_jslp3nh3,4,20342.0,5085.5,3479.25,30660.0,France,en,2023-01-08,0.6634703196347032,479,False,False,True,False
user_jsmxpwu0,3,10340.0,3446.6666666666665,2408.5,31041.0,Nigeria,ar,2023-09-09,0.33310782513449955,235,False,False,False,True
user_jti6edje,9,25899.0,2877.6666666666665,2339.5714285714284,31392.0,Canada,en,2023-12-10,0.8250191131498471,143,False,False,False,False
user_ju8hqhh7,8,23289.0,2911.125,2134.0,11133.0,Brazil,pt,2023-08-10,2.0918889787119377,265,False,False,False,False
user_jw3kd43r,9,33229.0,3692.1111111111113,2902.5714285714284,12146.0,UAE,hi,2023-11-06,2.7357977935122673,177,False,False,False,False
user_jwbcsj0z,4,22625.0,5656.25,4350.75,6224.0,United States,fr,2023-10-17,3.635122107969152,197,False,False,True,False
user_jxfroxq0,6,21853.0,3642.1666666666665,2988.5,36948.0,France,ru,2023-11-24,0.5914528526577894,159,False,False,False,False
user_jxoe2fqh,7,15936.0,2276.5714285714284,1267.75,3525.0,China,de,2023-06-17,4.520851063829787,319,False,False,False,True
user_jyq7ygu9,3,14611.0,4870.333333333333,3144.3333333333335,9216.0,India,pt,2023-03-02,1.5853949652777777,426,False,False,True,False
user_jzxknj0a,4,16778.0,4194.5,2807.25,23133.0,Japan,en,2023-07-21,0.7252842259974928,285,False,False,True,False
user_k050ttnw,5,9454.0,1890.8,1124.5,48576.0,China,ru,2023-05-10,0.19462285902503293,357,False,False,False,True
user_k05n8c60,7,20913.0,2987.5714285714284,1657.8333333333333,4399.0,India,zh,2023-01-25,4.754035007956354,462,False,False,False,True
user_k16jgobs,10,34186.0,3418.6,2341.6666666666665,35293.0,United States,zh,2023-09-08,0.9686340067435468,236,False,True,False,False
user_k2v87420,4,15852.0,3963.0,3302.0,14719.0,Spain,ru,2023-12-21,1.0769753379985054,132,False,False,False,False
user_k323dctm,4,11634.0,2908.5,2428.0,13404.0,Spain,ar,2023-07-24,0.8679498657117278,282,False,False,False,True
user_k3wqnnz3,9,31209.0,3467.6666666666665,2404.0,41608.0,Nigeria,ja,2023-05-29,0.7500721015189387,338,False,False,False,False
user_k3y9gbsz,6,23883.0,3980.5,2987.8,12496.0,Germany,es,2023-05-06,1.9112516005121638,361,False,False,False,False
user_k4pr4zkz,5,16020.0,3204.0,2365.75,33474.0,UAE,pt,2023-10-22,0.47858039075103065,192,False,False,False,True
user_k50p8lf4,10,37608.0,3760.8,2592.5,10744.0,Germany,es,2023-07-02,3.5003723008190617,304,False,False,False,False
user_k7r639d6,7,28252.0,4036.0,3657.0,358.0,Italy,de,2023-05-14,78.91620111731844,353,False,False,False,False
user_k7t9n4sb,7,17875.0,2553.5714285714284,2036.8,4767.0,Brazil,hi,2023-02-25,3.749737780574785,431,False,False,False,True
user_k7tyv3h1,4,7736.0,1934.0,887.0,24378.0,India,en,2023-12-13,0.31733530232176554,140,False,False,False,True
user_k9blda2m,4,8661.0,2165.25,1401.3333333333333,42330.0,China,ar,2023-08-20,0.20460666194188518,255,False,False,False,True
user_kacnf91b,5,16547.0,3309.4,2127.8,38771.0,Brazil,hi,2023-06-13,0.42678806324314567,323,False,False,False,True
user_katitpu9,6,24759.0,4126.5,2412.0,23216.0,China,es,2023-02-06,1.066462784286699,450,False,False,False,False
user_kbdvf8d6,8,38684.0,4835.5,3454.875,4645.0,Japan,es,2023-01-14,8.328094725511303,473,False,False,False,False
user_kdpzdt3l,5,27285.0,5457.0,3467.2,8661.0,United Kingdom,ar,2023-10-03,3.150329061309318,211,False,False,True,False
user_ke2aznap,6,20019.0,3336.5,1896.0,25705.0,UAE,ru,2023-07-19,0.7787978992413928,287,False,False,False,True
user_kf84zwv2,10,42358.0,4235.8,2676.9,49575.0,France,es,2023-04-18,0.8544225920322743,379,True,False,False,False
user_kgeoogvo,9,28830.0,3203.3333333333335,3008.1666666666665,39218.0,United States,en,2023-10-14,0.7351216278239584,200,False,False,False,False
user_kiebkz7i,7,25280.0,3611.4285714285716,2341.0,34969.0,Australia,hi,2023-06-28,0.7229260201893105,308,False,False,False,True
user_kjdhjed1,3,13365.0,4455.0,3389.0,15413.0,France,en,2023-03-20,0.8671251540907027,408,False,False,True,False
user_kjuts840,2,4555.0,2277.5,901.0,21560.0,South Korea,zh,2023-11-16,0.2112708719851577,167,False,False,False,True
user_kk1qdsq3,12,44093.0,3674.4166666666665,2396.5,32189.0,United States,ru,2023-12-27,1.3698157755755072,126,False,False,False,False
user_kk7dutiy,8,34299.0,4287.375,2925.1428571428573,19785.0,Brazil,en,2023-01-05,1.7335860500379074,482,False,False,False,False
user_kk8r2fjf,7,31138.0,4448.285714285715,2731.0,12935.0,Brazil,ar,2023-04-14,2.407267104754542,383,False,False,False,False
user_kktxhpej,2,5195.0,2597.5,1521.5,31051.0,India,zh,2023-08-27,0.167305400792245,248,False,False,False,True
user_kn46rm8k,7,23816.0,3402.285714285714,2748.8,12679.0,India,en,2023-01-26,1.8783815758340563,461,False,False,False,True
user_knjtsbf3,10,39404.0,3940.4,3468.75,1298.0,Canada,zh,2023-06-27,30.35747303543914,309,False,False,False,False
user_kq59zq55,5,14562.0,2912.4,1571.0,7868.0,India,zh,2023-01-07,1.8507880020335536,480,False,False,False,True
user_kr0ydzhh,8,26022.0,3252.75,1918.857142857143,49836.0,Spain,fr,2023-06-18,0.5221526607271851,318,False,False,False,False
user_krbg23md,7,27788.0,3969.714285714286,2351.4285714285716,31996.0,Spain,ja,2023-01-25,0.8684835604450556,462,False,False,False,False
user_ktq7v6k9,8,27704.0,3463.0,2227.4285714285716,26436.0,France,de,2023-03-02,1.0479648963534574,426,False,False,False,False
user_ku7fboeu,9,34983.0,3887.0,2804.4285714285716,41538.0,Japan,ja,2023-08-26,0.8421926910299004,249,False,False,False,False
user_kuccczbl,5,19748.0,3949.6,3892.3333333333335,24509.0,Egypt,zh,2023-02-28,0.8057448284303725,428,False,False,False,False
user_kuoam2mf,3,10667.0,3555.6666666666665,2994.5,47454.0,Canada,fr,2023-12-18,0.22478610865258988,135,False,False,False,True
user_kvu7ljf2,9,28893.0,3210.3333333333335,2383.0,15383.0,Brazil,es,2023-06-18,1.8782422154326204,318,False,False,False,False
user_kxujr0gz,10,46194.0,4619.4,3291.0,34963.0,United States,pt,2023-02-04,1.3212252953121872,452,True,False,False,False
user_kywmd97r,7,27063.0,3866.1428571428573,3719.6,47309.0,Egypt,ar,2023-05-26,0.5720476019362066,341,False,False,False,False
user_kz59girv,5,16216.0,3243.2,2095.6,48794.0,UAE,pt,2023-08-19,0.3323359429438046,256,False,False,False,True
user_kzbok9uv,8,22366.0,2795.75,1451.5714285714287,11473.0,China,fr,2023-07-07,1.9494465266277348,299,False,False,False,False
user_l0mgj0v7,10,37967.0,3796.7,2881.375,35851.0,Spain,ja,2023-10-16,1.059022063540766,198,False,False,False,False
user_l0y6e71z,6,17769.0,2961.5,2527.5,9788.0,UAE,ja,2023-11-15,1.8153861871679609,168,False,False,False,True
user_l1eyb03l,5,24437.0,4887.4,2731.8,32738.0,South Korea,ja,2023-06-01,0.7464414441932922,335,False,False,True,False
user_l20ptiu5,6,15084.0,2514.0,1725.0,31276.0,Australia,es,2023-11-19,0.48228673743445455,164,False,False,False,True
user_l29bqzje,3,12576.0,4192.0,2582.6666666666665,14125.0,India,de,2023-05-20,0.8903362831858407,347,False,False,True,False
user_l35h2ubs,5,12570.0,2514.0,1360.25,30281.0,Brazil,ar,2023-10-24,0.4151117862686173,190,False,False,False,True
user_l5tg9fs9,4,8812.0,2203.0,1812.6666666666667,8582.0,Germany,es,2023-10-08,1.0268002796550921,206,False,False,False,True
user_l69l878q,6,18846.0,3141.0,1700.6,5305.0,Italy,pt,2023-04-11,3.552497643732328,386,False,False,False,True
user_l7r2bz9p,7,26283.0,3754.714285714286,2827.5,44363.0,,hi,2023-09-06,0.5924531704348218,238,False,False,False,False
user_l8ovyk6s,6,30810.0,5135.0,3301.1666666666665,30100.0,United States,ja,2023-10-08,1.0235880398671096,206,False,False,False,False
user_l9mm6sge,10,36327.0,3632.7,2548.5555555555557,19754.0,Germany,en,2023-04-04,1.8389693226688266,393,False,False,False,False
user_lafp17kc,6,22525.0,3754.1666666666665,3221.0,40151.0,China,zh,2023-05-14,0.5610071978281985,353,False,False,False,False
user_ldp69jyi,7,27214.0,3887.714285714286,2170.1666666666665,10057.0,United States,en,2023-08-20,2.705975937158198,255,False,False,False,False
user_lfwnie3f,13,38790.0,2983.846153846154,1798.909090909091,2127.0,China,ru,2023-04-28,18.23695345557123,369,False,True,False,False
user_lgnt3fch,8,19934.0,2491.75,1476.7142857142858,46078.0,South Africa,fr,2023-03-29,0.4326142627718217,399,False,False,False,False
user_lialzqfp,7,21582.0,3083.1428571428573,1940.3333333333333,47637.0,Nigeria,ru,2023-01-26,0.45305119969771396,461,False,False,False,True
user_ljik1yxy,4,17664.0,4416.0,2882.25,33695.0,South Africa,de,2023-03-25,0.5242320819112628,403,False,False,True,False
user_lk8wtuqr,12,47786.0,3982.1666666666665,2990.0833333333335,32276.0,Canada,ja,2023-09-21,1.4805428181930846,223,False,False,False,False
user_lkkaeb12,7,19935.0,2847.8571428571427,3262.3333333333335,36871.0,Japan,en,2023-03-25,0.5406688183124949,403,False,False,False,True
user_ll36h5wt,4,15510.0,3877.5,2528.75,29890.0,Japan,ru,2023-07-02,0.5189026430244229,304,False,False,False,False
user_lnbrfbja,2,4038.0,2019.0,,48769.0,Australia,ru,2023-12-09,0.08279849904652546,144,False,False,False,True
user_lpaf67a1,9,32174.0,3574.8888888888887,2170.777777777778,47406.0,United States,de,2023-07-18,0.6786904611230646,288,False,False,False,False
user_lpbl0f5y,3,11307.0,3769.0,1767.0,14003.0,Japan,ru,2023-12-30,0.8074698278940227,123,False,False,False,False
user_lpjugo20,5,19616.0,3923.2,2513.0,15848.0,China,zh,2023-10-30,1.237758707723372,184,False,False,False,False
user_lq24e3b9,2,10452.0,5226.0,3131.5,28620.0,Canada,ja,2023-02-26,0.3651991614255765,430,False,False,True,False
user_lq2eprhn,7,10542.0,1506.0,760.3333333333334,2434.0,South Africa,de,2023-04-21,4.33114215283484,376,False,False,False,True
user_lq94qyn2,6,23519.0,3919.8333333333335,3082.2,33879.0,United States,en,2023-12-07,0.694205850231707,146,False,False,False,False
user_lr3fagdl,8,36216.0,4527.0,2827.875,21509.0,France,en,2023-10-13,1.683760286391743,201,False,False,False,False
user_ls1b021f,8,28346.0,3543.25,2265.5714285714284,42127.0,,hi,2023-08-10,0.672870130794977,265,False,False,False,False
user_lsi8z95w,3,11922.0,3974.0,3352.5,9000.0,,ja,2023-02-12,1.3246666666666667,444,False,False,False,False
user_lt9gdb5a,5,20367.0,4073.4,2280.6,40557.0,India,en,2023-07-27,0.502182114061691,279,False,False,False,False
user_lud7izx7,4,11375.0,2843.75,2409.0,31791.0,France,ru,2023-01-13,0.3578056682708943,474,False,False,False,True
user_lv0eohsw,4,16599.0,4149.75,2793.25,25133.0,,de,2023-04-07,0.6604464250188995,390,False,False,True,False
user_lv9ygnvu,8,26645.0,3330.625,2129.1666666666665,17426.0,UAE,hi,2023-05-25,1.5290370710432686,342,False,False,False,False
user_lvmec9t6,7,24873.0,3553.285714285714,2272.1428571428573,7089.0,United States,ja,2023-03-31,3.5086754126110877,397,False,False,False,True
user_lyccsofd,7,24127.0,3446.714285714286,1869.142857142857,10310.0,United Kingdom,hi,2023-10-06,2.3401551891367602,208,False,False,False,True
user_lyfad7uf,7,24223.0,3460.4285714285716,1681.2857142857142,49092.0,Australia,es,2023-03-29,0.493420516581113,399,False,False,False,True
user_lynilnsu,6,25662.0,4277.0,2881.1666666666665,5827.0,France,ar,2023-12-14,4.4039814655912135,139,False,False,False,False
user_m0adcouo,9,29004.0,3222.6666666666665,2346.75,19858.0,China,hi,2023-12-23,1.4605700473360863,130,False,False,False,False
user_m27g42ms,4,12008.0,3002.0,1665.0,27325.0,China,hi,2023-01-28,0.43945105215004576,459,False,False,False,True
user_m2ziq5ox,7,24273.0,3467.5714285714284,2380.0,4282.0,Australia,ja,2023-11-24,5.668612797758057,159,False,False,False,True
user_m39invb2,3,14267.0,4755.666666666667,2796.3333333333335,47668.0,Italy,en,2023-11-23,0.2992993202987329,160,False,False,True,False
user_m3w9lbt0,6,25120.0,4186.666666666667,2771.0,24034.0,South Korea,zh,2023-10-27,1.045185986519098,187,False,False,False,False
user_m41ak7tz,9,27900.0,3100.0,2074.0,1498.0,China,hi,2023-08-30,18.624833110814418,245,False,False,False,False
user_m5dvw4i8,4,12710.0,3177.5,1902.0,2038.0,Spain,fr,2023-09-30,6.236506378802748,214,False,False,False,True
user_m5o36yfr,12,29889.0,2490.75,1915.25,36159.0,Brazil,ar,2023-08-11,0.8265991869244171,264,False,True,False,False
user_m5z8a3sg,11,43798.0,3981.6363636363635,2601.5555555555557,34800.0,Germany,ar,2023-04-01,1.2585632183908046,396,False,False,False,False
user_m6q38p8n,2,9445.0,4722.5,3390.0,19975.0,Brazil,ru,2023-08-20,0.47284105131414267,255,False,False,True,False
user_m80j4x3i,8,21714.0,2714.25,1851.0,17803.0,Canada,pt,2023-12-18,1.2196820760545974,135,False,False,False,False
user_m8iw7i4v,3,11799.0,3933.0,2790.5,38283.0,Canada,ar,2023-01-13,0.3082046861531228,474,False,False,False,False
user_maie4mnu,6,30196.0,5032.666666666667,3620.5,27256.0,India,ru,2023-07-20,1.107866157910185,286,False,False,False,False
user_maxv53zu,3,9682.0,3227.3333333333335,1455.6666666666667,40782.0,Australia,zh,2023-06-08,0.23740866068363495,328,False,False,False,True
user_mb4v71r8,8,24578.0,3072.25,2592.8333333333335,34078.0,United Kingdom,fr,2023-02-01,0.7212277715828393,455,False,False,False,False
user_mbfbjjix,7,22556.0,3222.285714285714,2236.3333333333335,11084.0,United States,zh,2023-06-09,2.035005413208228,327,False,False,False,True
user_mc45jax7,8,21657.0,2707.125,1828.8,32003.0,Spain,en,2023-08-09,0.6767178077055276,266,False,False,False,False
user_mc4gyg3z,4,16613.0,4153.25,2977.5,34238.0,Spain,pt,2023-12-23,0.48522109936328056,130,False,False,True,False
user_mcchsnr8,6,31422.0,5237.0,3908.8,2602.0,Germany,ar,2023-02-17,12.076095311299001,439,False,False,False,False
user_mivsrvu3,2,1812.0,906.0,270.0,27855.0,United States,ja,2023-02-28,0.0650511577813678,428,False,False,False,True
user_mjgvhs2g,4,17119.0,4279.75,3536.0,42942.0,United States,pt,2023-06-10,0.3986539984164687,326,False,False,True,False
user_mkqbrm43,1,2338.0,2338.0,,16581.0,United States,de,2023-01-14,0.1410047644894759,473,False,False,False,True
user_ml9aeuua,5,11936.0,2387.2,2288.6666666666665,37131.0,China,ja,2023-02-02,0.32145646494842584,454,False,False,False,True
user_mlvgkgpu,7,33153.0,4736.142857142857,2825.1428571428573,36362.0,South Korea,pt,2023-07-06,0.9117485286837907,300,False,False,False,False
user_mmusq9kc,10,26505.0,2650.5,1994.6666666666667,29655.0,Japan,zh,2023-08-14,0.8937784522003035,261,False,True,False,False
user_mpu4oig7,6,19512.0,3252.0,1656.6666666666667,23515.0,Japan,ja,2023-02-28,0.8297682330427387,428,False,False,False,True
user_mqavwkbn,6,26394.0,4399.0,3751.8,36590.0,UAE,en,2023-05-25,0.7213446296802405,342,False,False,False,False
user_mtg94j65,8,34644.0,4330.5,3259.1428571428573,20212.0,,es,2023-01-09,1.7140312685533348,478,False,False,False,False
user_mtuzxdlb,13,52522.0,4040.153846153846,2632.5,49341.0,Australia,fr,2023-04-06,1.0644697107881884,391,False,False,False,False
user_muh53in5,11,37565.0,3415.0,2255.5,20639.0,Canada,es,2023-03-12,1.8200978729589612,416,False,True,False,False
user_mv849ksk,9,26736.0,2970.6666666666665,1621.7777777777778,8860.0,United States,de,2023-08-28,3.017607223476298,247,False,False,False,False
user_mvou9k6j,8,25197.0,3149.625,1441.5,19293.0,South Africa,pt,2023-01-14,1.306017726636604,473,False,False,False,False
user_mvu6hdsm,3,8929.0,2976.3333333333335,1577.6666666666667,7432.0,United Kingdom,fr,2023-07-31,1.2014262648008611,275,False,False,False,True
user_mwro4svc,4,16823.0,4205.75,2859.0,18052.0,United States,ar,2023-06-29,0.931918900952803,307,False,False,True,False
user_mxyu76aq,3,8982.0,2994.0,2858.5,48750.0,France,es,2023-03-28,0.18424615384615384,400,False,False,False,True
user_my2pinn7,5,13277.0,2655.4,1949.0,1038.0,United States,de,2023-06-05,12.790944123314066,331,False,False,False,True
user_mzrknkeu,5,14154.0,2830.8,1569.75,24439.0,United Kingdom,en,2023-12-21,0.5791562666230206,132,False,False,False,True
user_mzxfajfz,4,9492.0,2373.0,1862.0,24372.0,,hi,2023-02-28,0.3894633185622846,428,False,False,False,True
user_n020jpbl,6,23256.0,3876.0,2419.0,14263.0,Italy,en,2023-09-08,1.630512514898689,236,False,False,False,False
user_n0ok02rt,16,49382.0,3086.375,1964.3846153846155,2531.0,UAE,ru,2023-02-13,19.510865270644015,443,False,True,False,False
user_n0t4gjjd,7,30342.0,4334.571428571428,2578.4285714285716,8868.0,Japan,de,2023-08-18,3.421515561569689,257,False,False,False,False
user_n2ondgx6,6,26262.0,4377.0,2724.3333333333335,44576.0,United States,zh,2023-07-03,0.5891511127063891,303,False,False,False,False
user_n3hsc00d,6,12911.0,2151.8333333333335,1555.5,6692.0,United Kingdom,de,2023-11-08,1.9293185893604303,175,False,False,False,True
user_n3yjfvxy,6,11984.0,1997.3333333333333,670.5,45548.0,United States,hi,2023-06-10,0.26310705190129097,326,False,False,False,True
user_n4b1bcqh,8,28859.0,3607.375,1934.625,640.0,Australia,de,2023-10-31,45.0921875,183,False,False,False,False
user_n52gcr0a,6,20864.0,3477.3333333333335,3229.75,10771.0,France,hi,2023-05-02,1.9370531984031194,365,False,False,False,True
user_n59vpv83,6,19496.0,3249.3333333333335,2246.1666666666665,32421.0,United States,hi,2023-10-21,0.6013386385367508,193,False,False,False,True
user_n60azzwm,1,3611.0,3611.0,689.0,16767.0,United States,en,2023-06-30,0.21536351165980797,306,False,False,False,True
user_n6p8x5xw,9,38302.0,4255.777777777777,2881.222222222222,20355.0,Canada,pt,2023-05-16,1.8816998280520756,351,False,False,False,False
user_n7kd29ty,4,12042.0,3010.5,3136.5,46705.0,Brazil,fr,2023-03-21,0.2578310673375442,407,False,False,False,True
user_n7owi8hd,4,16194.0,4048.5,2861.5,40734.0,China,fr,2023-12-29,0.3975548681690971,124,False,False,False,False
user_najfasrj,8,29427.0,3678.375,2872.8333333333335,3919.0,United Kingdom,ja,2023-12-01,7.508803266139322,152,False,False,False,False
user_ncbd7ffc,8,30817.0,3852.125,3073.5714285714284,6667.0,Canada,ar,2023-09-03,4.622318884055797,241,False,False,False,False
user_nceqgt3f,3,12481.0,4160.333333333333,3420.5,41263.0,Canada,es,2023-04-26,0.30247437171315705,371,False,False,True,False
user_nd1s5fa0,8,32533.0,4066.625,2994.0,29151.0,,en,2023-12-05,1.1160166032040066,148,False,False,False,False
user_nf5l9rnd,13,43549.0,3349.923076923077,1825.5454545454545,34045.0,South Africa,ru,2023-11-10,1.2791599353796446,173,False,True,False,False
user_nfgm6ygg,7,26192.0,3741.714285714286,2836.0,44364.0,United Kingdom,hi,2023-11-23,0.5903886033721035,160,False,False,False,False
user_nfo3ih5u,17,61730.0,3631.176470588235,2376.866666666667,40429.0,Spain,ar,2023-10-29,1.5268742734175962,185,False,False,False,False
user_ngs7bvtc,6,22238.0,3706.3333333333335,2793.1666666666665,11568.0,Brazil,fr,2023-05-05,1.922372060857538,362,False,False,False,False
user_nh1o0jf3,7,22411.0,3201.5714285714284,2191.5,23258.0,South Korea,es,2023-03-24,0.9635824232522143,404,False,False,False,True
user_nha6qskx,7,25016.0,3573.714285714286,1989.5714285714287,38177.0,Japan,de,2023-11-07,0.6552636404117662,176,False,False,False,True
user_nhmgke5n,3,9486.0,3162.0,1977.0,9937.0,Brazil,de,2023-12-03,0.9546140686323841,150,False,False,False,True
user_nj30zbtv,8,28016.0,3502.0,2094.75,18202.0,India,de,2023-01-17,1.5391715196132294,470,False,False,False,False
user_njtvacei,10,38547.0,3854.7,2807.0,8100.0,UAE,fr,2023-09-13,4.7588888888888885,231,False,False,False,False
user_njyhr041,10,25320.0,2532.0,2105.0,38346.0,United Kingdom,fr,2023-03-06,0.6603035518698169,422,False,True,False,False
user_nk06mmye,3,6648.0,2216.0,1516.5,34221.0,China,ru,2023-01-31,0.19426667835539582,456,False,False,False,True
user_nkptgzfk,3,13861.0,4620.333333333333,3236.0,38786.0,France,ja,2023-09-09,0.3573712164182953,235,False,False,True,False
user_nlubv6mf,11,36588.0,3326.181818181818,1974.9,41962.0,Canada,fr,2023-08-18,0.8719317477717935,257,False,True,False,False
user_nocj2u22,8,18716.0,2339.5,1360.7142857142858,24513.0,India,hi,2023-08-20,0.7635132378737812,255,False,False,False,False
user_nog4qbe8,5,20262.0,4052.4,2324.6,18710.0,China,fr,2023-04-01,1.082950293960449,396,False,False,False,False
user_nopk6luq,6,28021.0,4670.166666666667,3312.5,19663.0,Japan,ja,2023-08-27,1.425062299750801,248,False,False,False,False
user_npcpkikb,4,17185.0,4296.25,2986.6666666666665,27589.0,Japan,ja,2023-12-20,0.6228931820653159,133,False,False,True,False
user_nq5irbxf,10,40133.0,4013.3,2605.8,17046.0,United States,zh,2023-04-20,2.354393992725566,377,False,False,False,False
user_nqnv2wim,4,21527.0,5381.75,3786.0,1873.0,Australia,ar,2023-02-10,11.493326214628938,446,False,False,True,False
user_nqv4azql,8,25344.0,3168.0,2029.5,22949.0,Mexico,de,2023-04-18,1.1043618458320623,379,False,False,False,False
user_nr13gfvy,4,10061.0,2515.25,500.0,29449.0,Spain,zh,2023-05-01,0.34164148188393495,366,False,False,False,True
user_nsycb2gi,6,17705.0,2950.8333333333335,2034.6,49104.0,United States,ja,2023-12-15,0.3605612577386771,138,False,False,False,True
user_nudota2x,11,41421.0,3765.5454545454545,2410.1,17212.0,,pt,2023-12-01,2.4065187078782246,152,False,False,False,False
user_nuzypbfw,5,17919.0,3583.8,3410.3333333333335,20169.0,Italy,es,2023-01-04,0.8884426595269969,483,False,False,False,True
user_nv39lexw,8,34004.0,4250.5,2677.375,6441.0,United States,ar,2023-07-03,5.27930445582984,303,False,False,False,False
user_nwe87ftw,6,23285.0,3880.8333333333335,2536.0,20021.0,United States,zh,2023-12-16,1.1630288197392737,137,False,False,False,False
user_nwv6ddob,9,39629.0,4403.222222222223,2909.6666666666665,28382.0,Spain,zh,2023-08-26,1.3962722852512155,249,False,False,False,False
user_ny9vh0cg,8,24088.0,3011.0,2083.0,6479.0,United States,ja,2023-03-30,3.717857694088594,398,False,False,False,False
user_nyopcp6t,10,30824.0,3082.4,1636.5555555555557,15140.0,Italy,ru,2023-05-29,2.0359313077939234,338,False,True,False,False
user_nz4b01j0,6,22928.0,3821.3333333333335,2674.4,19419.0,Germany,ru,2023-07-07,1.1806993151037644,299,False,False,False,False
user_o14tbxsc,6,30176.0,5029.333333333333,3294.1666666666665,33313.0,Spain,fr,2023-06-22,0.9058325578602948,314,False,False,False,False
user_o7ao5viq,3,13007.0,4335.666666666667,3002.0,19308.0,UAE,zh,2023-11-14,0.6736585871141496,169,False,False,True,False
user_o8hhe4wa,8,33045.0,4130.625,2776.75,6637.0,South Africa,en,2023-03-23,4.978906132288684,405,False,False,False,False
user_o8le7hqf,11,37635.0,3421.3636363636365,2194.1111111111113,13313.0,France,zh,2023-06-26,2.8269360775182153,310,False,True,False,False
user_o94skjzg,7,27158.0,3879.714285714286,2464.0,37281.0,Australia,es,2023-07-15,0.7284675840240337,291,False,False,False,False
user_o9e3yl5r,8,28575.0,3571.875,1698.875,36520.0,Spain,de,2023-10-03,0.782447973713034,211,False,False,False,False
user_oaiwrlyl,7,25664.0,3666.285714285714,2652.0,29790.0,Brazil,fr,2023-08-05,0.8614971466935213,270,False,False,False,False
user_oarrz3h1,7,31371.0,4481.571428571428,2570.285714285714,36319.0,United States,de,2023-09-07,0.8637627687987004,237,False,False,False,False
user_oc9vdes0,3,8773.0,2924.3333333333335,2826.5,18354.0,China,zh,2023-09-06,0.4779884493843304,238,False,False,False,True
user_octykp3s,9,27653.0,3072.5555555555557,2131.375,13203.0,Spain,zh,2023-02-05,2.0944482314625463,451,False,False,False,False
user_oeg9yiqz,4,12531.0,3132.75,2542.0,7528.0,Brazil,pt,2023-12-23,1.664585547290117,130,False,False,False,True
user_ofpvkxmw,10,33835.0,3383.5,2160.0,42898.0,France,ar,2023-10-14,0.7887314093897151,200,False,True,False,False
user_ogtvuuki,10,38920.0,3892.0,3382.0,4459.0,Egypt,es,2023-12-13,8.728414442700156,140,False,False,False,False
user_oj02wstg,8,28344.0,3543.0,2198.25,36121.0,Canada,zh,2023-11-06,0.7846958832811938,177,False,False,False,False
user_oki4xfhu,8,32857.0,4107.125,2871.8571428571427,42213.0,Brazil,es,2023-10-23,0.7783621159358491,191,False,False,False,False
user_oknxkzax,13,52831.0,4063.923076923077,2888.909090909091,34257.0,United Kingdom,en,2023-12-13,1.5421957556119916,140,False,False,False,False
user_olqc0pfx,8,32203.0,4025.375,2865.714285714286,19479.0,Germany,pt,2023-04-30,1.6532162842035012,367,False,False,False,False
user_om9fk7q9,6,20228.0,3371.3333333333335,2027.6666666666667,30691.0,China,ar,2023-07-21,0.6590857254569743,285,False,False,False,True
user_omum896s,8,22833.0,2854.125,1742.8333333333333,1160.0,Italy,de,2023-01-07,19.68362068965517,480,False,False,False,False
user_oo2afkvn,11,42314.0,3846.7272727272725,2786.8888888888887,19226.0,Spain,es,2023-11-04,2.2008738167065434,179,False,False,False,False
user_oo2yuqwk,4,12342.0,3085.5,1624.75,29705.0,India,zh,2023-02-08,0.4154856084834203,448,False,False,False,True
user_ooywbljj,7,28577.0,4082.4285714285716,2502.285714285714,45700.0,UAE,ja,2023-01-16,0.6253172866520788,471,False,False,False,False
user_op7k2mli,11,43059.0,3914.4545454545455,2731.1,24762.0,Japan,en,2023-01-13,1.7389144657135933,474,False,False,False,False
user_orpq5vct,4,18405.0,4601.25,3414.75,27107.0,United States,pt,2023-03-14,0.6789759102814771,414,False,False,True,False
user_os4zasf3,9,34656.0,3850.6666666666665,2945.285714285714,11237.0,Canada,ru,2023-05-09,3.0840971789623564,358,False,False,False,False
user_osog5p0m,5,21910.0,4382.0,3414.25,21275.0,Germany,pt,2023-03-20,1.0298472385428907,408,False,False,True,False
user_otg53r69,6,18692.0,3115.3333333333335,1475.3333333333333,31825.0,Nigeria,ar,2023-10-04,0.587336999214454,210,False,False,False,True
user_otnej75v,7,25358.0,3622.5714285714284,2093.4285714285716,31079.0,United States,en,2023-02-06,0.8159207181698253,450,False,False,False,False
user_otp3d47s,2,7532.0,3766.0,1902.0,45599.0,India,de,2023-05-13,0.16517906094431895,354,False,False,False,False
user_oudpq98k,5,14757.0,2951.4,1964.5,44614.0,Mexico,fr,2023-06-04,0.3307706101223831,332,False,False,False,True
user_ouggehu2,11,45668.0,4151.636363636364,2702.5,29402.0,United Kingdom,zh,2023-02-27,1.5532276715869668,429,True,False,False,False
user_ouh6yqhh,6,26697.0,4449.5,2654.1666666666665,10787.0,Australia,de,2023-07-20,2.474923519050709,286,False,False,False,False
user_ouqw1ta1,4,11639.0,2909.75,1893.0,38452.0,Japan,es,2023-11-21,0.3026890668885884,162,False,False,False,True
user_outa8g9m,5,21336.0,4267.2,3100.25,6019.0,Italy,es,2023-03-31,3.544774879548098,397,False,False,True,False
user_ouwnxemr,8,32105.0,4013.125,2976.5714285714284,28826.0,India,fr,2023-04-12,1.1137514743634218,385,False,False,False,False
user_ovph1ui0,5,20093.0,4018.6,2363.2,41310.0,United States,de,2023-11-11,0.48639554587267003,172,False,False,False,False
user_owfyy4u0,10,33846.0,3384.6,2212.25,31183.0,Mexico,ru,2023-05-06,1.0853990956610975,361,False,True,False,False
user_owjibgyy,7,28787.0,4112.428571428572,3022.5,30139.0,Spain,en,2023-04-04,0.955141179203026,393,False,False,False,False
user_oxswrjmr,4,17037.0,4259.25,3090.25,48467.0,India,ja,2023-12-12,0.3515175273897704,141,False,False,True,False
user_oy2uc0b2,6,17963.0,2993.8333333333335,1310.8,19124.0,Spain,hi,2023-10-24,0.9392909433172977,190,False,False,False,True
user_oypkjogs,5,19002.0,3800.4,1989.8,47001.0,UAE,es,2023-10-31,0.40428927044105445,183,False,False,False,False
user_p1ckbgu0,10,30772.0,3077.2,2497.714285714286,844.0,China,hi,2023-02-17,36.459715639810426,439,False,True,False,False
user_p382lkdc,5,24571.0,4914.2,3184.0,23676.0,United States,fr,2023-08-15,1.0378019935799967,260,False,False,True,False
user_p6njk6q4,6,24180.0,4030.0,2641.3333333333335,27586.0,United Kingdom,fr,2023-08-03,0.8765315739868049,272,False,False,False,False
user_p84zb3bc,4,20733.0,5183.25,3585.75,1245.0,Brazil,fr,2023-08-21,16.65301204819277,254,False,False,True,False
user_p9rj0hnr,10,34638.0,3463.8,1979.0,48134.0,Spain,zh,2023-05-15,0.7196160717995596,352,False,True,False,False
user_p9zkwsde,11,31360.0,2850.909090909091,1666.5555555555557,22530.0,Japan,zh,2023-01-28,1.3919218819351975,459,False,True,False,False
user_pa5oa4sx,3,15484.0,5161.333333333333,4456.666666666667,42422.0,Nigeria,ar,2023-08-05,0.36499929281976334,270,False,False,True,False
user_pbn2tgep,6,16795.0,2799.1666666666665,1901.5,38343.0,France,fr,2023-03-01,0.4380199775708734,427,False,False,False,True
user_pd05k44w,9,35053.0,3894.777777777778,2343.3333333333335,7370.0,UAE,es,2023-08-19,4.756173677069199,256,False,False,False,False
user_pdbi7llj,5,12314.0,2462.8,1200.0,789.0,South Africa,fr,2023-08-20,15.607097591888467,255,False,False,False,True
user_pe5yckyb,7,34456.0,4922.285714285715,3659.0,33737.0,Spain,ru,2023-07-26,1.0213119127367578,280,False,False,False,False
user_peh5363f,8,25394.0,3174.25,2203.0,5225.0,Germany,ja,2023-09-08,4.860095693779904,236,False,False,False,False
user_pepwpd8e,7,27085.0,3869.285714285714,2676.3333333333335,4752.0,France,pt,2023-05-27,5.6997053872053876,340,False,False,False,False
user_permtl48,8,21650.0,2706.25,1472.3333333333333,23881.0,Egypt,hi,2023-03-17,0.9065784514886311,411,False,False,False,False
user_pfk0frq8,2,6120.0,3060.0,1425.0,6808.0,Nigeria,de,2023-01-29,0.8989424206815512,458,False,False,False,True
user_pfk3usin,3,14098.0,4699.333333333333,2688.0,12664.0,India,es,2023-10-24,1.113234365129501,190,False,False,True,False
user_pg17nta6,4,15883.0,3970.75,2458.5,2363.0,United States,de,2023-07-12,6.721540414727042,294,False,False,False,False
user_pg6yqnrb,5,15286.0,3057.2,2514.3333333333335,30432.0,India,hi,2023-04-30,0.5023002103049422,367,False,False,False,True
user_pgj3c632,1,1372.0,1372.0,,18655.0,Italy,de,2023-02-10,0.07354596622889306,446,False,False,False,True
user_pgqj40dx,8,28523.0,3565.375,2660.285714285714,29989.0,Canada,es,2023-08-18,0.9511154089832938,257,False,False,False,False
user_pgqntl35,5,19035.0,3807.0,2675.0,47634.0,United States,ru,2023-07-15,0.3996095226099005,291,False,False,False,False
user_ph0q514v,5,18218.0,3643.6,2104.8,31556.0,France,pt,2023-01-16,0.5773228546076816,471,False,False,False,False
user_pi32ijrq,7,22872.0,3267.4285714285716,2309.3333333333335,15386.0,Spain,ru,2023-12-25,1.4865462108410243,128,False,False,False,True
user_pk1ptdj4,6,23871.0,3978.5,2503.0,48116.0,UAE,ru,2023-11-16,0.4961135588993266,167,False,False,False,False
user_pmor94x3,6,21880.0,3646.6666666666665,2245.4,7510.0,India,zh,2023-03-24,2.9134487350199736,404,False,False,False,False
user_pnb7ohhm,4,21266.0,5316.5,3734.0,23748.0,India,ru,2023-01-16,0.8954859356577396,471,False,False,True,False
user_po12745v,6,23242.0,3873.6666666666665,2269.3333333333335,40728.0,Japan,pt,2023-02-13,0.5706639167157729,443,False,False,False,False
user_potbol01,5,24356.0,4871.2,3130.6,26392.0,Germany,hi,2023-10-21,0.9228554107305244,193,False,False,True,False
user_pp3dgfak,3,15724.0,5241.333333333333,3445.0,109.0,South Korea,es,2023-10-01,144.25688073394497,213,False,False,True,False
user_pr7bcf45,13,57393.0,4414.846153846154,2807.6153846153848,30128.0,United States,fr,2023-08-05,1.9049721189591078,270,True,False,False,False
user_przn32mt,6,12997.0,2166.1666666666665,1418.25,8050.0,India,ru,2023-04-08,1.6145341614906832,389,False,False,False,True
user_pt5esn7d,11,35302.0,3209.2727272727275,2164.0,19081.0,UAE,zh,2023-05-30,1.850112677532624,337,False,True,False,False
user_ptkum7pu,6,21061.0,3510.1666666666665,2927.6,32127.0,Spain,fr,2023-09-18,0.6555545180066611,226,False,False,False,True
user_puoma5kg,7,23497.0,3356.714285714286,2723.4,33595.0,China,pt,2023-10-20,0.6994195564816192,194,False,False,False,True
user_puypdmp1,6,22764.0,3794.0,2081.3333333333335,13965.0,Italy,zh,2023-12-29,1.630075187969925,124,False,False,False,False
user_pvhgwztj,5,16069.0,3213.8,1959.25,39975.0,Germany,hi,2023-10-28,0.40197623514696684,186,False,False,False,True
user_pwkizrc1,3,12752.0,4250.666666666667,3691.0,12613.0,,hi,2023-04-15,1.0110203758027432,382,False,False,True,False
user_pwnr2cuw,7,16895.0,2413.5714285714284,1975.8,20965.0,Australia,ja,2023-10-28,0.8058669210589077,186,False,False,False,True
user_py58gal3,7,21951.0,3135.8571428571427,2044.5,46803.0,United States,fr,2023-11-10,0.4690083968976348,173,False,False,False,True
user_py6fq7ii,5,31698.0,6339.6,4168.2,18940.0,India,de,2023-04-19,1.6736008447729673,378,False,False,True,False
user_pylae2xz,5,13102.0,2620.4,2326.6666666666665,16830.0,China,es,2023-06-21,0.7784907902554962,315,False,False,False,True
user_pywq9u0v,7,28646.0,4092.285714285714,2723.0,21892.0,UAE,zh,2023-12-27,1.3085145258541933,126,False,False,False,False
user_pz96evl4,3,12133.0,4044.3333333333335,2963.0,30021.0,,hi,2023-05-10,0.40415042803370976,357,False,False,False,False
user_q2stxtlj,4,11730.0,2932.5,1375.3333333333333,44195.0,Mexico,zh,2023-12-30,0.26541463966512047,123,False,False,False,True
user_q2y6x6ct,7,24833.0,3547.5714285714284,2816.4,48128.0,India,zh,2023-04-25,0.5159782247340425,372,False,False,False,True
user_q3dvjt5a,6,14173.0,2362.1666666666665,1312.6,25339.0,Spain,en,2023-01-02,0.5593354118157781,485,False,False,False,True
user_q3gj5tmv,6,16355.0,2725.8333333333335,1602.6,33820.0,China,ja,2023-04-17,0.4835895919574216,380,False,False,False,True
user_q3u3lr0c,7,26154.0,3736.285714285714,2805.0,14862.0,Japan,de,2023-11-02,1.759790068631409,181,False,False,False,False
user_q3vs0uj7,12,33019.0,2751.5833333333335,1912.7777777777778,32714.0,United Kingdom,ja,2023-01-12,1.009323225530354,475,False,True,False,False
user_q4xj4dj6,7,25136.0,3590.8571428571427,2377.3333333333335,29536.0,China,pt,2023-02-03,0.8510292524377031,453,False,False,False,True
user_q562no7n,6,18196.0,3032.6666666666665,2199.5,18511.0,United States,en,2023-04-27,0.9829830911350008,370,False,False,False,True
user_q58jkdaj,5,14518.0,2903.6,1759.2,29659.0,Germany,en,2023-12-03,0.48949728581543545,150,False,False,False,True
user_q6b92sgq,8,38158.0,4769.75,3408.285714285714,38254.0,Germany,hi,2023-07-21,0.9974904585141423,285,False,False,False,False
user_q6c1cez7,7,20574.0,2939.1428571428573,1470.0,28222.0,Spain,pt,2023-12-03,0.7290057402026787,150,False,False,False,True
user_q6zxw0b0,6,19182.0,3197.0,1638.5,11339.0,India,hi,2023-03-11,1.691683569979716,417,False,False,False,True
user_q73dl3ap,7,33491.0,4784.428571428572,3346.5714285714284,21528.0,India,en,2023-08-09,1.5556949089557786,266,False,False,False,False
user_q8v94nlh,7,29996.0,4285.142857142857,2923.3333333333335,21147.0,United States,ar,2023-07-16,1.4184517898519884,290,False,False,False,False
user_qaysndm3,8,27103.0,3387.875,1603.125,39448.0,Australia,ar,2023-01-31,0.6870563780166294,456,False,False,False,False
user_qchyte6l,4,15058.0,3764.5,2724.6666666666665,33190.0,United States,en,2023-09-17,0.45369087074420006,227,False,False,False,False
user_qdztdeac,12,50451.0,4204.25,3349.8888888888887,14266.0,Australia,zh,2023-08-27,3.536450301415954,248,True,False,False,False
user_qfevrky0,10,25585.0,2558.5,1243.5,6197.0,Germany,zh,2023-02-08,4.128610618040987,448,False,True,False,False
user_qfjg4dgu,4,13273.0,3318.25,1803.25,9926.0,Italy,hi,2023-12-03,1.3371952448116058,150,False,False,False,True
user_qiao0yuu,7,29418.0,4202.571428571428,2558.4285714285716,18414.0,Italy,fr,2023-08-16,1.5975887911371782,259,False,False,False,False
user_qiay963n,6,25130.0,4188.333333333333,2633.5,11551.0,Canada,en,2023-09-22,2.1755692147865986,222,False,False,False,False
user_qjq1xtnb,8,27032.0,3379.0,2081.5,9994.0,Canada,ar,2023-06-20,2.704822893736242,316,False,False,False,False
user_qmta1cuk,10,38601.0,3860.1,3030.285714285714,44187.0,United Kingdom,zh,2023-11-26,0.87358272795166,157,False,False,False,False
user_qobhni7e,4,9974.0,2493.5,1576.3333333333333,17295.0,France,es,2023-01-26,0.57669846776525,461,False,False,False,True
user_qpmg4srk,6,22753.0,3792.1666666666665,3400.75,33780.0,Brazil,zh,2023-03-02,0.6735642391947898,426,False,False,False,False
user_qpyuqb17,6,28025.0,4670.833333333333,2980.1666666666665,3564.0,Spain,es,2023-02-15,7.863355780022447,441,False,False,False,False
user_qq52pl85,12,47164.0,3930.3333333333335,2749.0,23934.0,China,pt,2023-05-10,1.9705857775549427,357,False,False,False,False
user_qrddznnv,5,21881.0,4376.2,3048.0,7821.0,Germany,de,2023-05-31,2.797724076205089,336,False,False,True,False
user_qtpvdjjh,4,12114.0,3028.5,1872.0,11385.0,Japan,ar,2023-12-24,1.0640316205533598,129,False,False,False,True
user_qv5ox0hb,8,24956.0,3119.5,2280.4,7724.0,Brazil,en,2023-03-01,3.230968410150181,427,False,False,False,False
user_qvtjkfak,7,16802.0,2400.285714285714,1348.0,25714.0,Egypt,pt,2023-10-04,0.6534183713152368,210,False,False,False,True
user_qw0xi52z,5,15263.0,3052.6,2065.5,48086.0,United States,fr,2023-08-10,0.31741047290271596,265,False,False,False,True
user_qxhiayyr,3,8086.0,2695.3333333333335,2651.0,12943.0,Germany,hi,2023-06-07,0.6247392412887275,329,False,False,False,True
user_qyjwwu3o,6,20818.0,3469.6666666666665,2526.4,39819.0,China,zh,2023-01-14,0.5228157412290615,473,False,False,False,True
user_qztfr35l,4,14643.0,3660.75,2950.6666666666665,39486.0,Canada,ar,2023-01-29,0.37084029782707795,458,False,False,False,False
user_r0nd04lv,5,16597.0,3319.4,2039.25,39846.0,United Kingdom,hi,2023-08-17,0.41652863524569594,258,False,False,False,True
user_r3r59q7h,7,31180.0,4454.285714285715,3007.1428571428573,32753.0,United States,ja,2023-06-09,0.9519738649894666,327,False,False,False,False
user_r46af80k,11,45750.0,4159.090909090909,2920.5,25928.0,Germany,pt,2023-12-08,1.7645016970070966,145,True,False,False,False
user_r4gwis5e,8,19533.0,2441.625,1452.7142857142858,33811.0,China,en,2023-03-03,0.5777113956996244,425,False,False,False,False
user_r7eg1rac,11,52606.0,4782.363636363636,3044.909090909091,2052.0,United States,fr,2023-04-15,25.6364522417154,382,True,False,False,False
user_r7o639pp,6,31010.0,5168.333333333333,3852.8333333333335,36970.0,South Africa,pt,2023-06-04,0.8387882066540439,332,False,False,False,False
user_r7rpurvq,8,28212.0,3526.5,2547.3333333333335,2812.0,United States,hi,2023-09-27,10.03271692745377,217,False,False,False,False
user_r81b8x1v,6,13708.0,2284.6666666666665,1974.0,43520.0,Japan,en,2023-10-07,0.31498161764705884,207,False,False,False,True
user_r8fgmygb,6,16256.0,2709.3333333333335,2270.0,5462.0,United Kingdom,zh,2023-09-19,2.976199194434273,225,False,False,False,True
user_r94xmwwi,12,42086.0,3507.1666666666665,2531.0,13366.0,Brazil,ja,2023-09-23,3.148735597785426,221,False,True,False,False
user_r9b95awv,7,25429.0,3632.714285714286,3202.0,19206.0,United States,ar,2023-08-01,1.3240133291679683,274,False,False,False,False
user_r9mokwet,4,19622.0,4905.5,3345.25,22734.0,Spain,ja,2023-02-26,0.8631125186944665,430,False,False,True,False
user_ral75hq0,8,30989.0,3873.625,3193.0,15628.0,China,ja,2023-06-01,1.982915280266189,335,False,False,False,False
user_rawskkbp,9,32428.0,3603.1111111111113,2845.3333333333335,19554.0,Mexico,ja,2023-04-03,1.6583819167433773,394,False,False,False,False
user_rbtp63n2,10,35380.0,3538.0,2279.1111111111113,49119.0,Germany,en,2023-12-17,0.7202915368798225,136,False,True,False,False
user_rbvbyj5y,5,21037.0,4207.4,2684.5,2857.0,United Kingdom,ru,2023-08-24,7.363318165908296,251,False,False,True,False
user_rd4m435g,7,24317.0,3473.8571428571427,2719.8,41448.0,India,en,2023-05-09,0.5866869330245127,358,False,False,False,True
user_reqsqicb,11,34202.0,3109.2727272727275,2101.777777777778,49432.0,Canada,hi,2023-03-04,0.6918999838161515,424,False,True,False,False
user_rfx3nz4u,8,25452.0,3181.5,1769.857142857143,20354.0,United Kingdom,de,2023-01-23,1.250466738724575,464,False,False,False,False
user_rgmvy3e1,4,13771.0,3442.75,1837.25,13458.0,United Kingdom,ja,2023-12-21,1.0232575419824639,132,False,False,False,True
user_rifmkpck,4,11702.0,2925.5,1698.3333333333333,1074.0,India,ar,2023-01-06,10.895716945996275,481,False,False,False,True
user_rj984hbd,8,33939.0,4242.375,3111.8571428571427,29909.0,United States,pt,2023-11-20,1.1347420508876926,163,False,False,False,False
user_rkw2mic0,5,20376.0,4075.2,3216.5,21014.0,United States,ar,2023-01-23,0.9696392880936519,464,False,False,False,False
user_rm8c3wgs,1,2058.0,2058.0,1515.0,23940.0,Italy,ar,2023-05-19,0.08596491228070176,348,False,False,False,True
user_rmzhp5so,8,25460.0,3182.5,2421.5714285714284,22119.0,,ru,2023-12-06,1.151046611510466,147,False,False,False,False
user_rn59h12j,9,34176.0,3797.3333333333335,2970.0,16164.0,United States,hi,2023-08-25,2.1143281365998514,250,False,False,False,False
user_rogn8kmu,6,21490.0,3581.6666666666665,2808.4,21664.0,Canada,en,2023-01-27,0.9919682422451994,460,False,False,False,True
user_rohqoenb,11,40489.0,3680.818181818182,3131.625,7323.0,United Kingdom,en,2023-10-11,5.529018161955483,203,False,False,False,False
user_romhzbq7,6,13875.0,2312.5,1547.5,39722.0,South Africa,fr,2023-06-14,0.34930265344141787,322,False,False,False,True
user_rpjjwdw9,8,31345.0,3918.125,1912.75,44670.0,Mexico,ru,2023-05-27,0.7017013655697336,340,False,False,False,False
user_rr1uzkql,13,44748.0,3442.153846153846,2340.7272727272725,1069.0,Italy,de,2023-10-31,41.85968194574369,183,False,True,False,False
user_rscyqide,3,11045.0,3681.6666666666665,2053.0,4478.0,China,es,2023-02-13,2.4665029030817327,443,False,False,False,False
user_rsrg2sgy,11,49438.0,4494.363636363636,3454.7,32791.0,UAE,de,2023-01-19,1.507669787441676,468,True,False,False,False
user_rtd4u49d,6,26602.0,4433.666666666667,3119.0,10756.0,Canada,pt,2023-11-05,2.4732242469319448,178,False,False,False,False
user_rtp2dykx,11,52748.0,4795.272727272727,2914.7272727272725,14113.0,Germany,es,2023-06-07,3.737546942535251,329,True,False,False,False
user_ruzvsfpj,6,23666.0,3944.3333333333335,2935.0,7098.0,China,en,2023-11-23,3.3341786418709494,160,False,False,False,False
user_rv5qhh6q,8,20996.0,2624.5,1020.2857142857143,5256.0,United Kingdom,pt,2023-03-23,3.9946727549467274,405,False,False,False,False
user_rzirln2k,4,14966.0,3741.5,1771.0,47343.0,Australia,ru,2023-03-30,0.3161185391715776,398,False,False,False,False
user_s0cvgsc5,7,19711.0,2815.8571428571427,2077.5,36087.0,Germany,ru,2023-07-20,0.5462077756532824,286,False,False,False,True
user_s1avt2xw,6,20585.0,3430.8333333333335,2753.2,8604.0,South Africa,ru,2023-01-31,2.3924918642491866,456,False,False,False,True
user_s4nmuyvf,2,4313.0,2156.5,660.0,43412.0,India,zh,2023-03-17,0.09935041002487792,411,False,False,False,True
user_s7fkmb0p,5,18783.0,3756.6,2546.2,35780.0,United States,ar,2023-07-14,0.524958077138066,292,False,False,False,False
user_s87enj6b,11,47207.0,4291.545454545455,3617.75,43476.0,Mexico,ar,2023-03-11,1.0858174625080503,417,True,False,False,False
user_sb41iss4,8,31891.0,3986.375,2782.5,21850.0,China,ar,2023-12-19,1.4595423340961098,134,False,False,False,False
user_sb57kdx4,6,25457.0,4242.833333333333,2910.8,27173.0,United Kingdom,pt,2023-06-04,0.9368490781290252,332,False,False,False,False
user_sc48kef8,5,16237.0,3247.4,2711.0,14772.0,Canada,en,2023-03-01,1.0991741131871107,427,False,False,False,True
user_sc6w53me,6,25396.0,4232.666666666667,3254.4,11958.0,Mexico,de,2023-02-04,2.1237665161398227,452,False,False,False,False
user_sd7unhlc,6,22045.0,3674.1666666666665,2304.4,7258.0,Japan,hi,2023-06-27,3.037338109672086,309,False,False,False,False
user_sdb7mjpm,6,26364.0,4394.0,2661.6666666666665,14894.0,UAE,pt,2023-01-27,1.7701087686316637,460,False,False,False,False
user_sek60h67,9,24841.0,2760.1111111111113,1546.375,12772.0,Canada,ru,2023-02-28,1.9449577200125274,428,False,False,False,False
user_sf86dv0x,9,27734.0,3081.5555555555557,2163.285714285714,42384.0,France,zh,2023-08-24,0.654350698376746,251,False,False,False,False
user_sfnffvo4,4,15664.0,3916.0,2494.5,42582.0,Canada,en,2023-12-15,0.367854962190597,138,False,False,False,False
user_sgrcs7xk,8,21562.0,2695.25,1849.5714285714287,9814.0,Spain,ja,2023-12-24,2.1970654167515793,129,False,False,False,False
user_sh3by87q,5,13838.0,2767.6,1456.8,30340.0,United Kingdom,hi,2023-10-14,0.4560975609756098,200,False,False,False,True
user_shca6bkp,6,28517.0,4752.833333333333,3238.1666666666665,33313.0,United Kingdom,zh,2023-10-27,0.856032179629574,187,False,False,False,False
user_si0cvlcp,7,21507.0,3072.4285714285716,1842.3333333333333,8005.0,United States,ar,2023-07-17,2.6866958151155527,289,False,False,False,True
user_siav2csw,3,8225.0,2741.6666666666665,1812.5,36855.0,Japan,zh,2023-06-16,0.22317188983855651,320,False,False,False,True
user_siuvpkza,8,24054.0,3006.75,2235.6,49905.0,United States,en,2023-09-05,0.48199579200480913,239,False,False,False,False
user_sjm4thcl,9,41904.0,4656.0,3148.222222222222,49721.0,UAE,en,2023-04-06,0.8427827276201203,391,False,False,False,False
user_sk29dqyu,9,32975.0,3663.8888888888887,2251.6666666666665,18327.0,Nigeria,ar,2023-11-04,1.7992579254651606,179,False,False,False,False
user_skkg3n6w,5,10307.0,2061.4,1012.25,43957.0,Nigeria,fr,2023-11-20,0.2344791500784858,163,False,False,False,True
user_skl4j2ok,9,30769.0,3418.777777777778,2271.8571428571427,47412.0,,ar,2023-02-24,0.6489707247110437,432,False,False,False,False
user_sktr0cyy,12,44672.0,3722.6666666666665,2608.1,42180.0,India,ja,2023-04-06,1.0590801327643433,391,False,False,False,False
user_skyrjwge,10,40545.0,4054.5,2647.777777777778,17357.0,United States,en,2023-09-25,2.335945151811949,219,False,False,False,False
user_slqlepta,10,43101.0,4310.1,2881.8,40296.0,Nigeria,es,2023-12-24,1.0696098868374033,129,True,False,False,False
user_smlx8234,5,20507.0,4101.4,2824.2,23563.0,India,ru,2023-03-07,0.8703051394134872,421,False,False,False,False
user_sniodvjg,10,30693.0,3069.3,1783.625,23961.0,Brazil,es,2023-09-16,1.2809565544009014,228,False,True,False,False
user_soj0hvzl,3,7886.0,2628.6666666666665,765.0,14453.0,Italy,de,2023-03-30,0.5456306649138587,398,False,False,False,True
user_sp9dve47,7,26216.0,3745.1428571428573,2870.6,5574.0,United States,es,2023-08-06,4.703265159669896,269,False,False,False,False
user_sq4ch5k2,9,34242.0,3804.6666666666665,2889.3333333333335,11867.0,United States,en,2023-12-30,2.8854807449228956,123,False,False,False,False
user_sr1ug159,10,30673.0,3067.3,2010.3333333333333,26249.0,Mexico,en,2023-10-02,1.1685397538953866,212,False,True,False,False
user_st7yzsas,5,14044.0,2808.8,1496.8,9870.0,France,ru,2023-08-29,1.4228976697061804,246,False,False,False,True
user_suc2uijv,8,29461.0,3682.625,2938.3333333333335,22923.0,Germany,pt,2023-11-09,1.2852157222004101,174,False,False,False,False
user_sumcbxzj,5,14768.0,2953.6,1772.6,27073.0,Canada,ja,2023-05-01,0.5454881246998855,366,False,False,False,True
user_swf9alie,3,14763.0,4921.0,4740.5,23651.0,UAE,es,2023-10-27,0.6242019364931716,187,False,False,True,False
user_sxyhv9rg,4,13431.0,3357.75,2527.3333333333335,23637.0,Spain,hi,2023-09-30,0.56821931717223,214,False,False,False,True
user_sypzgjkq,7,22972.0,3281.714285714286,2422.6666666666665,251.0,United States,es,2023-01-08,91.5219123505976,479,False,False,False,True
user_t028mbub,5,22166.0,4433.2,3104.6,49727.0,Japan,en,2023-04-21,0.4457538158344561,376,False,False,True,False
user_t0di0wp6,6,21331.0,3555.1666666666665,2075.2,4750.0,Italy,ar,2023-01-20,4.490736842105263,467,False,False,False,True
user_t0w6rkg0,7,26768.0,3824.0,2085.5714285714284,36025.0,Australia,ja,2023-06-24,0.7430395558639833,312,False,False,False,False
user_t1ebprsv,7,28957.0,4136.714285714285,3009.5,17682.0,China,zh,2023-10-12,1.6376541115258454,202,False,False,False,False
user_t2547yd6,5,12270.0,2454.0,1466.0,8248.0,India,hi,2023-02-09,1.4876333656644034,447,False,False,False,True
user_t2e8zk5w,6,22405.0,3734.1666666666665,2138.8333333333335,28784.0,Australia,ar,2023-08-21,0.7783838243468594,254,False,False,False,False
user_t38nl55r,8,36688.0,4586.0,2606.125,6743.0,Germany,ja,2023-06-09,5.440901675811953,327,False,False,False,False
user_t3oblcqc,5,15304.0,3060.8,2371.25,20765.0,Japan,en,2023-07-27,0.73700939080183,279,False,False,False,True
user_t3vc5gvq,6,24885.0,4147.5,2655.3333333333335,49312.0,Germany,pt,2023-06-11,0.5046439000648929,325,False,False,False,False
user_t4asqy15,12,33780.0,2815.0,1509.909090909091,26040.0,United States,ja,2023-02-28,1.2972350230414746,428,False,True,False,False
user_t4fac9ry,5,16043.0,3208.6,1962.5,45249.0,France,zh,2023-12-16,0.35454927180711177,137,False,False,False,True
user_t4qd1q5j,5,16990.0,3398.0,1965.0,18639.0,United Kingdom,ja,2023-06-01,0.911529588497237,335,False,False,False,True
user_t56uvdd8,5,22601.0,4520.2,2506.0,15578.0,India,ar,2023-04-28,1.4508280908974194,369,False,False,True,False
user_t59clgrj,11,42317.0,3847.0,2732.0,43441.0,Italy,ar,2023-10-06,0.9741258258327387,208,False,False,False,False
user_t635oen6,4,15891.0,3972.75,2424.75,4167.0,South Africa,ru,2023-09-17,3.8135349172066233,227,False,False,False,False
user_t69el5p0,8,20850.0,2606.25,1605.5,47601.0,UAE,ru,2023-09-30,0.4380160080670574,214,False,False,False,False
user_t6hlzu33,9,27475.0,3052.777777777778,1962.0,18568.0,South Korea,es,2023-12-24,1.4796962516156829,129,False,False,False,False
user_t7fnjde0,6,27231.0,4538.5,3390.4,15051.0,Italy,zh,2023-09-21,1.8092485549132948,223,False,False,False,False
user_t7iq5b8i,8,18441.0,2305.125,1181.6,16997.0,Brazil,es,2023-10-24,1.0849561687356593,190,False,False,False,False
user_t7oaimb8,7,21962.0,3137.4285714285716,2191.5,46209.0,Spain,en,2023-10-28,0.4752753792551235,186,False,False,False,True
user_t8lwlzoc,7,26668.0,3809.714285714286,2369.0,21891.0,France,es,2023-08-03,1.218217532319218,272,False,False,False,False
user_ta69gmj0,11,34473.0,3133.909090909091,2128.2,21267.0,France,hi,2023-01-21,1.6209620538863028,466,False,True,False,False
user_taeychos,4,13344.0,3336.0,2110.6666666666665,38460.0,Spain,es,2023-10-12,0.3469578783151326,202,False,False,False,True
user_tb4fgpus,10,32355.0,3235.5,2030.875,6623.0,Canada,pt,2023-10-20,4.885248376868488,194,False,True,False,False
user_tbi3l8f9,6,16543.0,2757.1666666666665,1202.2,5446.0,Italy,pt,2023-03-11,3.0376423062798383,417,False,False,False,True
user_tbqj08gl,6,24618.0,4103.0,3068.4,18181.0,Germany,ja,2023-04-29,1.3540509322919532,368,False,False,False,False
user_tdtogzrh,4,14339.0,3584.75,1901.0,42085.0,France,hi,2023-12-01,0.34071521919923964,152,False,False,False,True
user_tduwgto2,9,32349.0,3594.3333333333335,2182.1428571428573,27272.0,United Kingdom,ja,2023-10-14,1.1861616309768261,200,False,False,False,False
user_teahnr7h,11,39531.0,3593.7272727272725,2256.6,30953.0,United States,ja,2023-02-18,1.2771298420185442,438,False,True,False,False
user_tejbqww7,2,9557.0,4778.5,3328.5,2818.0,South Africa,en,2023-03-20,3.391412349183818,408,False,False,True,False
user_tj1hwx21,10,22924.0,2292.4,1220.75,24706.0,France,en,2023-03-06,0.9278717720391808,422,False,True,False,False
user_tjmmxujl,5,15222.0,3044.4,2764.0,6675.0,Brazil,hi,2023-10-08,2.2804494382022473,206,False,False,False,True
user_tjzr3rrj,8,37747.0,4718.375,3186.125,5652.0,United States,fr,2023-05-26,6.678520877565464,341,False,False,False,False
user_tl3fefo0,5,20309.0,4061.8,2624.2,11653.0,Japan,ar,2023-12-02,1.7428130095254442,151,False,False,False,False
user_tlwy34pg,10,41902.0,4190.2,3798.125,24453.0,United States,es,2023-12-29,1.7135729767308714,124,True,False,False,False
user_tmjtxubu,6,29037.0,4839.5,3308.6666666666665,48104.0,South Korea,ja,2023-05-07,0.6036296357891235,360,False,False,False,False
user_tmp5lmrb,8,18364.0,2295.5,1219.2,20446.0,Brazil,fr,2023-03-12,0.8981707913528318,416,False,False,False,False
user_tmvu514q,10,41684.0,4168.4,2709.4444444444443,42732.0,United States,es,2023-02-28,0.9754750538238323,428,True,False,False,False
user_tndo3hfx,8,33903.0,4237.875,3035.75,43803.0,Germany,de,2023-05-31,0.7739880830080131,336,False,False,False,False
user_tple0w0i,9,30922.0,3435.777777777778,2470.4285714285716,26162.0,China,pt,2023-01-13,1.1819432765079123,474,False,False,False,False
user_tq6e1kd2,2,4450.0,2225.0,1777.0,48440.0,Australia,pt,2023-03-06,0.09186622625928985,422,False,False,False,True
user_tssb52vk,8,30255.0,3781.875,3109.5714285714284,43273.0,India,ru,2023-07-12,0.6991657615603263,294,False,False,False,False
user_ttlouvlq,9,32633.0,3625.8888888888887,2433.375,19373.0,China,ru,2023-12-07,1.6844577504774687,146,False,False,False,False
user_tv6wlfth,4,15295.0,3823.75,2292.0,34803.0,United Kingdom,pt,2023-01-31,0.43947360859696005,456,False,False,False,False
user_tvrrizk4,10,37381.0,3738.1,2897.777777777778,24598.0,Nigeria,es,2023-12-13,1.5196763964549964,140,False,False,False,False
user_txrypced,10,42896.0,4289.6,2881.3,2479.0,Italy,de,2023-05-28,17.303751512706736,339,True,False,False,False
user_tyte2cxw,6,18237.0,3039.5,2240.0,7823.0,United States,ru,2023-08-29,2.3312028633516553,246,False,False,False,True
user_tyvzn6ay,12,37147.0,3095.5833333333335,2862.625,46141.0,United Kingdom,fr,2023-09-05,0.8050757460826596,239,False,True,False,False
user_tzqt5z2m,6,19976.0,3329.3333333333335,2203.1666666666665,32131.0,United States,es,2023-10-06,0.6217048955837042,208,False,False,False,True
user_tzroeifo,4,13967.0,3491.75,2890.3333333333335,6268.0,Australia,pt,2023-11-09,2.2283024888321634,174,False,False,False,True
user_u02jbwra,8,20900.0,2612.5,1626.4285714285713,8141.0,United Kingdom,de,2023-01-24,2.567252180321828,463,False,False,False,False
user_u51hbic9,3,7567.0,2522.3333333333335,1829.3333333333333,3531.0,Italy,zh,2023-08-08,2.1430189747946757,267,False,False,False,True
user_u6wmhba1,6,20312.0,3385.3333333333335,2031.6666666666667,26788.0,Brazil,fr,2023-05-07,0.7582499626698521,360,False,False,False,True
user_u7cey8cm,6,17694.0,2949.0,2047.8,32295.0,India,fr,2023-05-23,0.5478866697631213,344,False,False,False,True
user_u7nyucfk,3,14569.0,4856.333333333333,3692.3333333333335,15321.0,United Kingdom,es,2023-09-27,0.9509170419685399,217,False,False,True,False
user_u98jwp3f,10,46083.0,4608.3,2871.8,49936.0,United States,zh,2023-04-20,0.9228412367830824,377,True,False,False,False
user_uaxe52m7,11,42179.0,3834.4545454545455,2585.9,42324.0,Canada,ru,2023-06-18,0.996574047821567,318,False,False,False,False
user_ubmd2e2f,4,21088.0,5272.0,4484.333333333333,40338.0,Spain,zh,2023-01-26,0.5227824879765978,461,False,False,True,False
user_uby999hz,5,18838.0,3767.6,2518.4,10510.0,United States,de,2023-02-14,1.7923882017126547,442,False,False,False,False
user_uc87frzx,6,19842.0,3307.0,2542.8,45923.0,Brazil,hi,2023-07-29,0.43207107549593887,277,False,False,False,True
user_udakufz1,11,39206.0,3564.181818181818,2259.7,30349.0,United States,pt,2023-03-04,1.2918382813272267,424,False,True,False,False
user_uer432k7,10,36146.0,3614.6,2315.1,2023.0,United States,ja,2023-10-28,17.86752347998023,186,False,True,False,False
user_uerv85na,14,57044.0,4074.5714285714284,3047.6363636363635,1824.0,Italy,de,2023-04-30,31.274122807017545,367,False,False,False,False
user_ufolriaa,5,11600.0,2320.0,1548.5,13928.0,United Kingdom,fr,2023-01-31,0.832854681217691,456,False,False,False,True
user_ufyrd68a,7,22603.0,3229.0,2373.8333333333335,24756.0,Germany,zh,2023-02-06,0.9130311843593473,450,False,False,False,True
user_ugd6vymw,6,26359.0,4393.166666666667,2682.8333333333335,40742.0,Italy,hi,2023-10-31,0.6469736389966129,183,False,False,False,False
user_uha46wkt,6,18223.0,3037.1666666666665,2371.0,36894.0,Japan,es,2023-01-12,0.49392855206808695,475,False,False,False,True
user_uioec9tu,8,28131.0,3516.375,2415.285714285714,26060.0,Italy,pt,2023-06-17,1.079470452801228,319,False,False,False,False
user_ujllj1n7,14,52953.0,3782.3571428571427,2850.181818181818,49855.0,United States,es,2023-12-04,1.0621402065991374,149,False,False,False,False
user_ukkkyp0o,10,40998.0,4099.8,2874.875,28045.0,Canada,es,2023-02-28,1.461864860046354,428,False,False,False,False
user_ukynz4tc,7,25237.0,3605.285714285714,2339.3333333333335,32068.0,Japan,ja,2023-06-26,0.7869839091929649,310,False,False,False,True
user_ul3t78j5,6,25507.0,4251.166666666667,2471.0,49287.0,United Kingdom,ar,2023-11-03,0.5175198328159555,180,False,False,False,False
user_ul9vcts3,4,14265.0,3566.25,2149.3333333333335,36347.0,Spain,ar,2023-10-25,0.39246705367705725,189,False,False,False,True
user_unr2aqgd,11,30410.0,2764.5454545454545,1385.3,9404.0,Egypt,ja,2023-12-30,3.2337303275202043,123,False,True,False,False
user_uo5emkil,6,28739.0,4789.833333333333,3681.4,21276.0,Spain,de,2023-01-22,1.3507708215830043,465,False,False,False,False
user_uo7cfsb2,8,25403.0,3175.375,2200.285714285714,3966.0,Germany,de,2023-04-11,6.4051941502773575,386,False,False,False,False
user_uod57rwt,7,30748.0,4392.571428571428,2945.4285714285716,46440.0,Spain,en,2023-04-16,0.6621016365202411,381,False,False,False,False
user_uozn4bg0,9,37728.0,4192.0,3302.714285714286,41161.0,United Kingdom,de,2023-10-18,0.9165958067102354,196,False,False,False,False
user_upih2le3,7,22144.0,3163.4285714285716,2271.0,1775.0,Japan,de,2023-05-03,12.475492957746479,364,False,False,False,True
user_ur1cqbvt,3,7540.0,2513.3333333333335,1639.6666666666667,16616.0,Canada,hi,2023-09-20,0.45377948964853154,224,False,False,False,True
user_urkhf34q,8,27399.0,3424.875,2142.285714285714,24177.0,United Kingdom,ar,2023-02-18,1.133267154733838,438,False,False,False,False
user_us4gqp8w,4,12867.0,3216.75,1570.75,23708.0,Egypt,es,2023-06-21,0.5427281930150161,315,False,False,False,True
user_ustdftr6,9,23948.0,2660.8888888888887,2114.3333333333335,8723.0,Egypt,ar,2023-12-09,2.7453857617792043,144,False,False,False,False
user_usts5yuo,6,25521.0,4253.5,3049.0,49933.0,China,ja,2023-12-31,0.5111048805399235,122,False,False,False,False
user_uumiilnv,10,29156.0,2915.6,2128.125,1568.0,United States,es,2023-09-01,18.59438775510204,243,False,True,False,False
user_uw0vd87k,6,21681.0,3613.5,4821.333333333333,11640.0,Italy,hi,2023-10-16,1.8626288659793815,198,False,False,False,True
user_uwheu707,7,20480.0,2925.714285714286,1688.3333333333333,9366.0,Japan,ja,2023-02-11,2.186632500533846,445,False,False,False,True
user_uwu8hunq,9,31133.0,3459.222222222222,2653.0,47367.0,Australia,es,2023-04-12,0.6572719403804337,385,False,False,False,False
user_uyyao98x,8,28525.0,3565.625,1993.25,11625.0,United States,hi,2023-01-11,2.453763440860215,476,False,False,False,False
user_v0r1gvuj,5,17490.0,3498.0,2010.5,47233.0,Australia,zh,2023-12-25,0.3702919568945441,128,False,False,False,True
user_v0ylmnbx,8,17424.0,2178.0,777.8333333333334,48811.0,South Africa,de,2023-06-17,0.3569687160680994,319,False,False,False,False
user_v1jddj2m,7,23732.0,3390.285714285714,2523.8333333333335,40890.0,Japan,fr,2023-09-29,0.5803864025434091,215,False,False,False,True
user_v20bhdbp,6,23565.0,3927.5,2792.0,6540.0,Spain,es,2023-06-02,3.603211009174312,334,False,False,False,False
user_v3gdku2a,6,23718.0,3953.0,2724.2,39286.0,Australia,zh,2023-04-14,0.6037265183525938,383,False,False,False,False
user_v3iny1iu,8,22442.0,2805.25,1672.7142857142858,39123.0,South Korea,de,2023-03-25,0.5736267668634818,403,False,False,False,False
user_v469etxv,12,46567.0,3880.5833333333335,2578.090909090909,23469.0,,fr,2023-11-15,1.9841919127359495,168,False,False,False,False
user_v4g3pbbm,7,21785.0,3112.1428571428573,2058.714285714286,24691.0,United States,zh,2023-08-10,0.8823052934267547,265,False,False,False,True
user_v4objqex,10,36601.0,3660.1,2264.4444444444443,16772.0,Spain,hi,2023-11-15,2.1822680658239926,168,False,False,False,False
user_v4th5er7,12,31730.0,2644.1666666666665,1443.2,13337.0,France,ja,2023-04-28,2.379095748669116,369,False,True,False,False
user_v5erx0ex,2,3373.0,1686.5,103.0,17290.0,Spain,hi,2023-04-26,0.19508386350491613,371,False,False,False,True
user_v7kjzia8,3,7410.0,2470.0,1108.3333333333333,36584.0,China,de,2023-08-09,0.20254756177563962,266,False,False,False,True
user_v82mrman,6,20087.0,3347.8333333333335,1720.6666666666667,24725.0,Mexico,de,2023-01-30,0.8124165824064712,457,False,False,False,True
user_v85ub55d,7,26085.0,3726.4285714285716,2316.0,39315.0,United Kingdom,pt,2023-04-10,0.6634872186188477,387,False,False,False,False
user_v8gtqwd5,8,32248.0,4031.0,2523.125,11255.0,Brazil,ru,2023-07-16,2.8652154597956465,290,False,False,False,False
user_v8qu1p8i,2,7797.0,3898.5,3323.5,36269.0,Canada,ru,2023-11-01,0.2149769775841628,182,False,False,False,False
user_v90c7v7k,6,28173.0,4695.5,3414.8333333333335,38478.0,United Kingdom,en,2023-02-08,0.7321846249805083,448,False,False,False,False
user_v9k2zefm,8,34557.0,4319.625,2564.0,10505.0,China,zh,2023-04-30,3.2895763921941934,367,False,False,False,False
user_va78mz39,10,38765.0,3876.5,3378.1428571428573,34585.0,Canada,ru,2023-12-13,1.1208616452219171,140,False,False,False,False
user_vbe572r4,3,12579.0,4193.0,3128.0,19318.0,India,es,2023-12-12,0.651154363805777,141,False,False,True,False
user_vc1szta6,9,36025.0,4002.777777777778,2974.8571428571427,16685.0,United States,ru,2023-08-18,2.159124962541205,257,False,False,False,False
user_vddrbq40,12,42786.0,3565.5,2968.4444444444443,39243.0,India,zh,2023-06-07,1.090283617460439,329,False,True,False,False
user_vdgsk6rt,5,21196.0,4239.2,2526.4,38095.0,Italy,fr,2023-04-01,0.5563984774904843,396,False,False,True,False
user_vdr1clyk,9,26969.0,2996.5555555555557,1952.25,42746.0,Germany,ru,2023-09-05,0.6309128339493754,239,False,False,False,False
user_vdzbq60d,4,13512.0,3378.0,1859.0,25387.0,Brazil,de,2023-05-21,0.5322409107023279,346,False,False,False,True
user_vebae5wn,4,13153.0,3288.25,2358.3333333333335,26919.0,Australia,ja,2023-11-08,0.48861399011850365,175,False,False,False,True
user_vec6gvbu,10,27752.0,2775.2,2110.8333333333335,17295.0,Japan,en,2023-01-28,1.6046256143394044,459,False,True,False,False
user_veuczwoc,8,30593.0,3824.125,2646.0,11391.0,South Korea,pt,2023-03-14,2.685716793960144,414,False,False,False,False
user_vfxs1pry,9,31351.0,3483.4444444444443,2840.0,19932.0,Australia,fr,2023-10-31,1.5728978526991773,183,False,False,False,False
user_vfz790ui,5,15116.0,3023.2,2382.25,39245.0,India,ja,2023-08-19,0.3851700853611925,256,False,False,False,True
user_vgdizrp5,6,21609.0,3601.5,2408.3333333333335,37196.0,Brazil,ja,2023-01-14,0.5809495644692978,473,False,False,False,True
user_vgfgyt5r,7,19511.0,2787.285714285714,2195.75,26413.0,United States,hi,2023-09-08,0.7386892817930565,236,False,False,False,True
user_vhbx0pma,8,37646.0,4705.75,3006.25,12556.0,Brazil,zh,2023-10-01,2.9982478496336413,213,False,False,False,False
user_vhsumg9c,7,22855.0,3265.0,3077.5,32650.0,UAE,ru,2023-08-28,0.7,247,False,False,False,True
user_viynjlsr,8,22828.0,2853.5,2601.6,46004.0,India,hi,2023-06-27,0.4962177201982436,309,False,False,False,False
user_vknr0v08,9,29072.0,3230.222222222222,3083.8333333333335,15568.0,Italy,fr,2023-06-16,1.867420349434738,320,False,False,False,False
user_vl9qiy9k,8,24180.0,3022.5,2464.6,35120.0,Italy,pt,2023-06-11,0.6884965831435079,325,False,False,False,False
user_vlsb91yi,5,19082.0,3816.4,2688.25,31473.0,Canada,ar,2023-10-30,0.6062974613160487,184,False,False,False,False
user_vmq5ek39,7,24468.0,3495.4285714285716,2112.8333333333335,25187.0,Spain,pt,2023-05-02,0.9714535276134514,365,False,False,False,True
user_vs99hcpu,2,8994.0,4497.0,3067.5,40430.0,United Kingdom,de,2023-02-24,0.22245857036853822,432,False,False,True,False
user_vu9y0rv6,2,8331.0,4165.5,1958.0,45870.0,Spain,fr,2023-07-31,0.181621975147155,275,False,False,True,False
user_vulstdsx,7,19531.0,2790.1428571428573,1654.5,17640.0,United States,hi,2023-03-23,1.1071995464852609,405,False,False,False,True
user_vuu7r75n,6,26115.0,4352.5,2477.3333333333335,19196.0,Italy,ja,2023-06-15,1.3604396749322776,321,False,False,False,False
user_vw9pi7nt,6,21651.0,3608.5,1847.8,31294.0,Canada,zh,2023-10-16,0.6918578641273088,198,False,False,False,True
user_vwiysddq,4,12747.0,3186.75,3596.5,32766.0,United States,ar,2023-02-04,0.3890313129463468,452,False,False,False,True
user_vws4jlpy,8,23771.0,2971.375,1831.5,28204.0,India,ar,2023-07-16,0.842823712948518,290,False,False,False,False
user_vx8uw7j8,5,19065.0,3813.0,1731.8,19339.0,Japan,zh,2023-06-24,0.9858317389730596,312,False,False,False,False
user_vy7kbd6u,6,26695.0,4449.166666666667,2726.1666666666665,26320.0,Egypt,hi,2023-06-14,1.0142477203647415,322,False,False,False,False
user_vzkc4eex,3,9382.0,3127.3333333333335,1915.3333333333333,34062.0,Spain,en,2023-05-17,0.2754389055252187,350,False,False,False,True
user_vzrxsn7d,12,40100.0,3341.6666666666665,2193.625,46857.0,Mexico,pt,2023-12-17,0.8557952920588172,136,False,True,False,False
user_vzy4krml,7,27623.0,3946.1428571428573,2796.5,6272.0,Australia,fr,2023-12-24,4.404177295918367,129,False,False,False,False
user_w1ocsyld,4,5951.0,1487.75,549.5,39536.0,South Africa,fr,2023-02-01,0.15052104411169567,455,False,False,False,True
user_w3hcoi82,9,34194.0,3799.3333333333335,2333.125,11287.0,Brazil,zh,2023-04-17,3.029502968016302,380,False,False,False,False
user_w409zojg,4,7347.0,1836.75,1387.0,13702.0,Egypt,es,2023-01-23,0.5361990950226244,464,False,False,False,True
user_w4p8zi5g,9,30694.0,3410.4444444444443,2643.4285714285716,7103.0,Spain,hi,2023-02-10,4.3212727016753485,446,False,False,False,False
user_w4tb9pr9,8,36936.0,4617.0,2876.875,47532.0,United States,pt,2023-11-25,0.7770764958343852,158,False,False,False,False
user_w5e6fyqi,6,18116.0,3019.3333333333335,1963.4,22994.0,Italy,ar,2023-09-01,0.7878577020092198,243,False,False,False,True
user_w66b5uk0,8,23118.0,2889.75,2065.1666666666665,17208.0,United Kingdom,hi,2023-09-02,1.343444909344491,242,False,False,False,False
user_w7032rkh,4,19998.0,4999.5,3765.5,16258.0,UAE,zh,2023-11-26,1.2300405953991882,157,False,False,True,False
user_w8tmoixg,8,42414.0,5301.75,3916.8571428571427,26227.0,UAE,ru,2023-05-06,1.6171883936401419,361,False,False,False,False
user_w9frojsj,6,17381.0,2896.8333333333335,1883.4,15881.0,Mexico,de,2023-08-31,1.09445249039733,244,False,False,False,True
user_w9qotuff,9,32062.0,3562.4444444444443,2616.4444444444443,11203.0,China,ja,2023-05-18,2.8619119878603945,349,False,False,False,False
user_wawwrvtc,6,22344.0,3724.0,2274.2,35269.0,Germany,en,2023-05-02,0.6335308627973575,365,False,False,False,False
user_wb4t2r58,7,20986.0,2998.0,2386.3333333333335,8509.0,United States,es,2023-02-28,2.4663297684804326,428,False,False,False,True
user_wb863i99,5,14262.0,2852.4,1652.0,36734.0,UAE,fr,2023-01-23,0.3882506669570425,464,False,False,False,True
user_wbk1x0kc,7,21289.0,3041.285714285714,1732.8333333333333,41361.0,Canada,fr,2023-01-06,0.5147119266942288,481,False,False,False,True
user_wcqtxwgr,8,40818.0,5102.25,3575.25,10281.0,United States,en,2023-06-25,3.9702363583309017,311,False,False,False,False
user_wd54p4v2,5,17519.0,3503.8,2118.4,26645.0,France,ar,2023-08-18,0.6574967160818165,257,False,False,False,True
user_wdpk36tw,5,19231.0,3846.2,2569.25,8351.0,China,zh,2023-05-22,2.3028379834750328,345,False,False,False,False
user_wdvt8sn8,7,34321.0,4903.0,3040.0,44991.0,Nigeria,hi,2023-10-18,0.7628414571803249,196,False,False,False,False
user_weam2ohn,9,31436.0,3492.8888888888887,2377.285714285714,12261.0,France,en,2023-04-14,2.563901802463094,383,False,False,False,False
user_wf6fogvd,5,16784.0,3356.8,2579.6666666666665,48576.0,Japan,de,2023-09-12,0.3455204216073781,232,False,False,False,True
user_wfoibt5f,4,12278.0,3069.5,2700.5,49332.0,Australia,pt,2023-09-29,0.24888510500283792,215,False,False,False,True
user_wggdllvb,4,18210.0,4552.5,3078.25,42749.0,Spain,fr,2023-12-01,0.4259748766053007,152,False,False,True,False
user_wjb4dk42,7,24457.0,3493.8571428571427,2912.5,35720.0,Australia,de,2023-05-24,0.6846864501679731,343,False,False,False,True
user_wn6shb1b,6,27342.0,4557.0,3495.4,34188.0,Australia,ar,2023-04-17,0.7997542997542998,380,False,False,False,False
user_wny0eggt,6,21412.0,3568.6666666666665,2070.5,7793.0,Japan,pt,2023-02-09,2.747593994610548,447,False,False,False,True
user_wo5zxl0h,8,23036.0,2879.5,2313.0,29999.0,Australia,ja,2023-09-04,0.7678922630754359,240,False,False,False,False
user_wojoag7g,3,12314.0,4104.666666666667,1774.6666666666667,18813.0,Brazil,es,2023-04-05,0.654547387444852,392,False,False,False,False
user_wolyc68e,6,18504.0,3084.0,2769.6,21598.0,Germany,hi,2023-09-24,0.856745994999537,220,False,False,False,True
user_wouds22l,4,13177.0,3294.25,1766.75,44825.0,United States,fr,2023-06-15,0.2939654210819855,321,False,False,False,True
user_wous5rom,3,16060.0,5353.333333333333,3582.0,44353.0,Italy,fr,2023-05-15,0.362095010484071,352,False,False,True,False
user_wozqxxuj,6,13943.0,2323.8333333333335,848.4,32180.0,France,ja,2023-09-08,0.43328154133001867,236,False,False,False,True
user_wq3xvu3q,4,15683.0,3920.75,2817.5,28585.0,Canada,en,2023-06-24,0.5486443939128913,312,False,False,False,False
user_wq8mex2l,8,32918.0,4114.75,3286.8333333333335,5897.0,Spain,ru,2023-01-31,5.582160420552824,456,False,False,False,False
user_wr2785sn,9,38902.0,4322.444444444444,3018.375,12713.0,United States,ar,2023-12-05,3.0600173051207427,148,False,False,False,False
user_wr37s6cm,6,21143.0,3523.8333333333335,3158.2,40667.0,United States,ja,2023-05-02,0.519905574544471,365,False,False,False,True
user_wr3q3r0o,6,20530.0,3421.6666666666665,1984.6666666666667,17020.0,Germany,zh,2023-05-18,1.2062279670975322,349,False,False,False,True
user_wshujk0v,7,24229.0,3461.285714285714,2327.8571428571427,33066.0,United States,zh,2023-12-23,0.7327466279562088,130,False,False,False,True
user_wtde66xv,2,7160.0,3580.0,1730.0,35473.0,Spain,fr,2023-01-28,0.20184365573816707,459,False,False,False,True
user_wv2z6vw8,6,21885.0,3647.5,2122.5,28937.0,Italy,ar,2023-02-06,0.7562981649790925,450,False,False,False,False
user_wv5x4t03,9,37402.0,4155.777777777777,2596.777777777778,28162.0,United States,ja,2023-01-01,1.3281016973226334,486,False,False,False,False
user_wv8uyimq,5,16652.0,3330.4,1597.8,5498.0,United States,ja,2023-05-11,3.028737722808294,356,False,False,False,True
user_wwjfzbxm,11,32017.0,2910.6363636363635,1787.5,2328.0,France,pt,2023-04-10,13.753006872852234,387,False,True,False,False
user_wwk361ip,6,25886.0,4314.333333333333,3308.6,25982.0,France,fr,2023-02-17,0.9963051343237626,439,False,False,False,False
user_wxx3ex8f,7,23307.0,3329.5714285714284,2268.6666666666665,31724.0,Italy,fr,2023-07-10,0.7346803681755139,296,False,False,False,True
user_wy6vq77l,6,21097.0,3516.1666666666665,2240.8333333333335,39627.0,Japan,pt,2023-02-12,0.5323895323895323,444,False,False,False,True
user_wyeb78qv,11,37551.0,3413.7272727272725,1859.090909090909,24634.0,UAE,pt,2023-09-02,1.5243565803361208,242,False,True,False,False
user_wzdzaxo6,3,5856.0,1952.0,1950.0,13486.0,UAE,de,2023-03-27,0.4342280883879579,401,False,False,False,True
user_wzt2ixn5,6,22890.0,3815.0,3768.25,32702.0,Australia,ru,2023-03-01,0.6999571891627423,427,False,False,False,False
user_x0g342nz,8,23908.0,2988.5,1538.5714285714287,9008.0,United States,ar,2023-02-14,2.6540852575488456,442,False,False,False,False
user_x24wilk1,3,11883.0,3961.0,2172.3333333333335,35907.0,United Kingdom,ru,2023-09-12,0.3309382571643412,232,False,False,False,False
user_x2etbjko,4,15552.0,3888.0,2202.0,36825.0,Spain,pt,2023-03-26,0.42232179226069244,402,False,False,False,False
user_x2l3g4q0,7,26036.0,3719.4285714285716,2720.6666666666665,46088.0,United States,ja,2023-06-20,0.5649192848463809,316,False,False,False,False
user_x2t8qu7s,7,27725.0,3960.714285714286,2440.5714285714284,32551.0,United Kingdom,en,2023-05-22,0.8517403459187122,345,False,False,False,False
user_x3e3o9nf,3,9889.0,3296.3333333333335,1737.6666666666667,14201.0,Egypt,fr,2023-10-17,0.6963594113090628,197,False,False,False,True
user_x3ozm1i6,5,22699.0,4539.8,3133.0,39598.0,Nigeria,ru,2023-08-02,0.5732360220213142,273,False,False,True,False
user_x47ltmhc,4,13427.0,3356.75,1788.5,30785.0,Australia,es,2023-06-11,0.43615397108981646,325,False,False,False,True
user_x4incpcb,3,12533.0,4177.666666666667,2538.0,3061.0,,en,2023-05-10,4.094413590329958,357,False,False,True,False
user_x6318ftx,6,23610.0,3935.0,3443.0,721.0,United States,ja,2023-05-10,32.74618585298197,357,False,False,False,False
user_x6t03gzx,6,18459.0,3076.5,2095.8,5868.0,Italy,ar,2023-10-24,3.145705521472393,190,False,False,False,True
user_x7umkbiv,10,37147.0,3714.7,2186.0,19280.0,United States,pt,2023-07-25,1.9267116182572614,281,False,False,False,False
user_x87qma0e,6,23617.0,3936.1666666666665,2405.1666666666665,39223.0,Nigeria,fr,2023-03-28,0.6021212043953803,400,False,False,False,False
user_x8d4tmgt,7,29635.0,4233.571428571428,2373.1428571428573,3965.0,South Korea,hi,2023-10-13,7.4741488020176545,201,False,False,False,False
user_x9480750,7,29510.0,4215.714285714285,3186.0,27437.0,Egypt,ru,2023-11-26,1.0755549076065167,157,False,False,False,False
user_xa1s1sd5,10,42255.0,4225.5,2426.4,37758.0,Italy,es,2023-11-26,1.1191005879548706,157,True,False,False,False
user_xbe6b7kn,4,12952.0,3238.0,1652.5,43163.0,India,ja,2023-08-26,0.30007182077242084,249,False,False,False,True
user_xbva0qcq,4,13601.0,3400.25,1973.25,21901.0,United Kingdom,hi,2023-07-17,0.6210218711474362,289,False,False,False,True
user_xe0wxe5p,4,14447.0,3611.75,3530.3333333333335,15012.0,Japan,de,2023-10-16,0.9623634425792699,198,False,False,False,True
user_xe1x9bhy,5,10720.0,2144.0,1214.6666666666667,36140.0,,ru,2023-02-26,0.29662423907028224,430,False,False,False,True
user_xeefhrn8,7,29702.0,4243.142857142857,2953.8333333333335,43744.0,United Kingdom,pt,2023-02-07,0.6789959765910754,449,False,False,False,False
user_xetn4exw,15,56209.0,3747.266666666667,2538.785714285714,14902.0,UAE,ja,2023-08-09,3.7719098107636557,266,False,False,False,False
user_xg8l4fvi,12,47497.0,3958.0833333333335,2571.090909090909,18949.0,Brazil,hi,2023-06-13,2.5065702675602934,323,False,False,False,False
user_xgtlx302,3,9459.0,3153.0,2311.0,42854.0,Nigeria,ru,2023-07-20,0.22072618658701637,286,False,False,False,True
user_xi0hyp64,9,33569.0,3729.8888888888887,2371.1111111111113,5346.0,Spain,en,2023-11-14,6.2792742237186685,169,False,False,False,False
user_xiajv4r3,9,26563.0,2951.4444444444443,1931.111111111111,40908.0,Brazil,ja,2023-09-30,0.649335093380268,214,False,False,False,False
user_xjkv8d43,4,13736.0,3434.0,4049.5,13651.0,United States,hi,2023-07-12,1.0062266500622665,294,False,False,False,True
user_xjul716c,8,27083.0,3385.375,2600.1666666666665,23780.0,India,ru,2023-05-12,1.1388982338099243,355,False,False,False,False
user_xk2789p4,5,22909.0,4581.8,4007.75,42164.0,Spain,hi,2023-04-05,0.5433308035290769,392,False,False,True,False
user_xkd9tkjq,6,16692.0,2782.0,1773.0,5902.0,Australia,ru,2023-03-15,2.828193832599119,413,False,False,False,True
user_xkt80br3,7,19823.0,2831.8571428571427,2164.6,37687.0,Brazil,ru,2023-11-05,0.5259903945657654,178,False,False,False,True
user_xm374vm6,4,17030.0,4257.5,3411.0,15594.0,France,de,2023-05-27,1.0920867000128254,340,False,False,True,False
user_xn2a0g8z,11,39772.0,3615.6363636363635,3082.5,45029.0,China,ru,2023-06-14,0.8832530147238447,322,False,True,False,False
user_xnin9vng,4,16403.0,4100.75,2194.25,35176.0,Germany,es,2023-12-31,0.46631225835797135,122,False,False,False,False
user_xqqs2vme,6,20461.0,3410.1666666666665,2424.25,24857.0,Australia,de,2023-05-11,0.8231484088989017,356,False,False,False,True
user_xrod8bh2,7,26505.0,3786.4285714285716,2397.5,48702.0,Brazil,zh,2023-08-26,0.5442281631144511,249,False,False,False,False
user_xvjv6y6x,5,13638.0,2727.6,2378.6666666666665,13992.0,United States,es,2023-03-26,0.9746998284734134,402,False,False,False,True
user_xw2x8wg8,6,21931.0,3655.1666666666665,2918.0,36009.0,Australia,fr,2023-01-05,0.6090421838984699,482,False,False,False,False
user_xw9kkgik,6,21072.0,3512.0,2246.8333333333335,12357.0,Nigeria,de,2023-06-04,1.7052682689973295,332,False,False,False,True
user_xwnpfnpm,6,21089.0,3514.8333333333335,1980.1666666666667,35374.0,India,es,2023-02-21,0.5961723299598575,435,False,False,False,True
user_xy0zqsx1,4,12095.0,3023.75,1984.6666666666667,46574.0,Japan,ru,2023-11-18,0.2596942500107356,165,False,False,False,True
user_xy18u6gg,3,11898.0,3966.0,2203.6666666666665,22786.0,Italy,pt,2023-11-11,0.5221627315017994,172,False,False,False,False
user_xyvxp8vz,9,39185.0,4353.888888888889,2743.4444444444443,6702.0,United Kingdom,de,2023-02-01,5.84676216054909,455,False,False,False,False
user_xzpx4dgt,5,19151.0,3830.2,2321.2,11850.0,Spain,ar,2023-12-30,1.6161181434599157,123,False,False,False,False
user_y0232w01,10,39114.0,3911.4,2768.777777777778,14198.0,South Africa,fr,2023-04-01,2.7548950556416396,396,False,False,False,False
user_y0mvxe0c,6,18903.0,3150.5,1883.2,27658.0,United States,pt,2023-10-17,0.6834550582110058,197,False,False,False,True
user_y0n4ki5k,6,15366.0,2561.0,1567.5,45836.0,Italy,hi,2023-04-16,0.33523867702242777,381,False,False,False,True
user_y0v0eo61,9,32225.0,3580.5555555555557,2697.75,12771.0,Germany,hi,2023-01-03,2.52329496515543,484,False,False,False,False
user_y1n8mr0y,9,37203.0,4133.666666666667,3109.8571428571427,35073.0,Japan,pt,2023-11-22,1.0607304764348644,161,False,False,False,False
user_y1nqrc5b,4,14341.0,3585.25,1618.75,27900.0,China,ru,2023-09-23,0.5140143369175627,221,False,False,False,True
user_y21tyr3n,8,24549.0,3068.625,1163.625,26602.0,,hi,2023-06-20,0.9228253514773326,316,False,False,False,False
user_y2h9q3ov,9,36754.0,4083.777777777778,2680.75,18336.0,United States,en,2023-04-05,2.0044720767888307,392,False,False,False,False
user_y2kevkc6,2,8596.0,4298.0,2659.5,23145.0,China,ru,2023-06-13,0.37139771008857203,323,False,False,True,False
user_y4xv4is3,8,37742.0,4717.75,3441.0,41063.0,China,en,2023-09-15,0.9191242724593917,229,False,False,False,False
user_y5k6wncp,6,13823.0,2303.8333333333335,1072.75,5760.0,Japan,ar,2023-04-08,2.399826388888889,389,False,False,False,True
user_y5l4u31p,10,34287.0,3428.7,1934.6666666666667,44106.0,Brazil,en,2023-08-29,0.7773772275880833,246,False,True,False,False
user_y5urixy6,9,31085.0,3453.8888888888887,2764.714285714286,445.0,Germany,pt,2023-12-26,69.85393258426966,127,False,False,False,False
user_y5wi0qgb,7,22891.0,3270.1428571428573,2161.6666666666665,43746.0,Brazil,ar,2023-01-26,0.5232706990353404,461,False,False,False,True
user_y68rd0ph,9,39808.0,4423.111111111111,2757.777777777778,11155.0,South Africa,es,2023-06-04,3.568623935454953,332,False,False,False,False
user_y6jql5am,3,8888.0,2962.6666666666665,1338.3333333333333,46697.0,Mexico,en,2023-06-02,0.19033342613015825,334,False,False,False,True
user_y9bjiho1,12,59030.0,4919.166666666667,2896.1666666666665,24858.0,India,zh,2023-11-12,2.374688229141524,171,True,False,False,False
user_ybzvk37m,9,30922.0,3435.777777777778,2601.3333333333335,41467.0,France,fr,2023-11-23,0.745701401114139,160,False,False,False,False
user_yd705rj9,6,21410.0,3568.3333333333335,2158.5,46165.0,United States,zh,2023-02-11,0.463771255279974,445,False,False,False,True
user_ygorm9b4,3,5373.0,1791.0,593.0,7165.0,Australia,de,2023-12-27,0.7498953244940684,126,False,False,False,True
user_yh4mti67,7,31829.0,4547.0,3118.5,28053.0,Italy,de,2023-11-04,1.134602359818914,179,False,False,False,False
user_yhe9m0z0,6,30962.0,5160.333333333333,2824.6666666666665,1655.0,China,ar,2023-06-30,18.708157099697885,306,False,False,False,False
user_yhkk65jx,5,23772.0,4754.4,3906.5,19947.0,UAE,zh,2023-03-04,1.1917581591216724,424,False,False,True,False
user_yimb5r96,5,12553.0,2510.6,2027.25,24755.0,France,en,2023-06-19,0.5070894768733589,317,False,False,False,True
user_yjzkhyez,7,21546.0,3078.0,1814.2,5089.0,Japan,ar,2023-08-20,4.233837689133425,255,False,False,False,True
user_ykcupti7,9,32171.0,3574.5555555555557,2638.125,20735.0,Italy,en,2023-03-01,1.5515312273932964,427,False,False,False,False
user_ykoqww5l,6,21250.0,3541.6666666666665,2018.2,665.0,France,fr,2023-10-11,31.954887218045112,203,False,False,False,True
user_ymg2zu9s,8,31866.0,3983.25,2747.8571428571427,43449.0,Brazil,ru,2023-09-14,0.7334115859973762,230,False,False,False,False
user_yn18x47n,6,28870.0,4811.666666666667,3053.5,16381.0,Egypt,hi,2023-04-24,1.7624076674195714,373,False,False,False,False
user_yo4lkmee,7,21405.0,3057.8571428571427,1927.6666666666667,32712.0,United Kingdom,ar,2023-08-31,0.6543470286133529,244,False,False,False,True
user_yotuyqas,2,5347.0,2673.5,1612.5,19591.0,South Korea,fr,2023-01-31,0.2729314481139299,456,False,False,False,True
user_yox4craa,8,30804.0,3850.5,3320.0,24319.0,Australia,ja,2023-04-22,1.266663925325877,375,False,False,False,False
user_ypmvx9m4,6,20484.0,3414.0,2406.75,35088.0,United Kingdom,es,2023-01-19,0.5837893296853626,468,False,False,False,True
user_yq0h1va1,3,11205.0,3735.0,2185.6666666666665,2141.0,Italy,pt,2023-09-07,5.233535730966838,237,False,False,False,False
user_yqdus3x1,9,31423.0,3491.4444444444443,2096.25,39684.0,South Korea,en,2023-12-14,0.7918304606390485,139,False,False,False,False
user_yr80oaxg,12,50865.0,4238.75,2837.909090909091,30039.0,Japan,fr,2023-01-09,1.6932987116748228,478,True,False,False,False
user_yrth0u5v,7,31673.0,4524.714285714285,2918.4285714285716,6499.0,Italy,hi,2023-08-21,4.873519002923527,254,False,False,False,False
user_ysbkmmxf,2,8793.0,4396.5,4903.0,46203.0,Canada,ja,2023-03-31,0.19031231738198817,397,False,False,True,False
user_ysboqq66,3,9298.0,3099.3333333333335,3083.0,22756.0,,pt,2023-01-07,0.40859553524345227,480,False,False,False,True
user_ysobum87,9,38490.0,4276.666666666667,3074.1428571428573,34867.0,South Korea,ar,2023-08-08,1.1039091404479882,267,False,False,False,False
user_ysu054dr,5,25739.0,5147.8,3550.2,13639.0,,de,2023-04-16,1.8871618153823595,381,False,False,True,False
user_yt2525cx,4,15562.0,3890.5,4378.5,13894.0,China,ja,2023-10-09,1.1200518209298977,205,False,False,False,False
user_yti77nnr,7,21196.0,3028.0,1272.0,24728.0,Canada,en,2023-05-15,0.857165965706891,352,False,False,False,True
user_ytwjdefg,4,11114.0,2778.5,1119.75,8878.0,India,zh,2023-01-11,1.2518585266952016,476,False,False,False,True
user_yu2w96i5,13,45589.0,3506.846153846154,1999.6153846153845,9772.0,India,hi,2023-03-19,4.665268112975849,409,False,True,False,False
user_yvvywn4j,4,14470.0,3617.5,3118.0,41000.0,United States,de,2023-02-07,0.35292682926829266,449,False,False,False,True
user_ywa69u1f,2,8068.0,4034.0,1717.5,21259.0,Italy,zh,2023-09-30,0.37950985464979536,214,False,False,False,False
user_ywvdig0e,7,24366.0,3480.8571428571427,3121.4,3061.0,Spain,zh,2023-06-19,7.960143743874551,317,False,False,False,True
user_yx0kbvbm,7,21790.0,3112.8571428571427,2128.4,33957.0,United States,fr,2023-12-13,0.6416939070000295,140,False,False,False,True
user_yx62v2ol,5,12790.0,2558.0,1669.5,21569.0,India,fr,2023-06-08,0.5929806666975752,328,False,False,False,True
user_yz6mibaj,10,44881.0,4488.1,3206.222222222222,10415.0,UAE,ar,2023-04-17,4.309265482477197,380,True,False,False,False
user_z05ow6gf,3,12938.0,4312.666666666667,2486.6666666666665,40052.0,Australia,ja,2023-08-31,0.32303006092080294,244,False,False,True,False
user_z0feut2e,7,33701.0,4814.428571428572,3184.4285714285716,30461.0,Italy,hi,2023-06-04,1.1063655165621615,332,False,False,False,False
user_z2r9v1ms,6,17058.0,2843.0,1572.5,1897.0,United States,es,2023-06-16,8.992092778070639,320,False,False,False,True
user_z3z18l5y,9,33035.0,3670.5555555555557,2458.6666666666665,46150.0,South Africa,fr,2023-04-11,0.7158179848320694,386,False,False,False,False
user_z5l7dqzu,7,19556.0,2793.714285714286,1279.5714285714287,22128.0,India,fr,2023-03-31,0.883767172812726,397,False,False,False,True
user_z5ziquih,11,32877.0,2988.818181818182,2066.1111111111113,23506.0,Brazil,ja,2023-11-02,1.3986641708499958,181,False,True,False,False
user_z6hw1i3y,4,16700.0,4175.0,2913.3333333333335,47636.0,Spain,zh,2023-03-25,0.35057519523049796,403,False,False,True,False
user_z6qgqt5r,8,38518.0,4814.75,3108.5,13029.0,China,ar,2023-10-22,2.9563281909586308,192,False,False,False,False
user_z8vlb7d2,10,33763.0,3376.3,2162.3333333333335,418.0,Italy,hi,2023-09-21,80.77272727272727,223,False,True,False,False
user_z9g0ws77,7,25448.0,3635.4285714285716,2477.8,36413.0,Italy,es,2023-11-28,0.6988712822343669,155,False,False,False,False
user_z9ike75w,4,13141.0,3285.25,2805.0,29257.0,Egypt,ru,2023-02-13,0.4491574665891923,443,False,False,False,True
user_z9n3lwuk,10,34695.0,3469.5,2589.1428571428573,15158.0,India,zh,2023-12-20,2.288890354928091,133,False,True,False,False
user_z9zzi99c,5,16732.0,3346.4,1783.8,27660.0,United States,hi,2023-03-07,0.6049168474331165,421,False,False,False,True
user_zbmsjsbn,6,20445.0,3407.5,2448.1666666666665,25016.0,China,ru,2023-12-04,0.8172769427566358,149,False,False,False,True
user_zdj1d4y5,9,29758.0,3306.4444444444443,1993.5555555555557,11492.0,United Kingdom,es,2023-01-06,2.589453532892447,481,False,False,False,False
user_zdot1vfk,7,25732.0,3676.0,2797.6,448.0,Spain,fr,2023-12-26,57.4375,127,False,False,False,False
user_zdwf8afd,8,30245.0,3780.625,3084.0,13554.0,France,zh,2023-10-12,2.231444592002361,202,False,False,False,False
user_ze3qol7q,5,22053.0,4410.6,3200.8,16102.0,India,de,2023-02-18,1.3695814184573345,438,False,False,True,False
user_ze63it02,6,20212.0,3368.6666666666665,1998.1666666666667,37116.0,Italy,ja,2023-04-06,0.544562991701692,391,False,False,False,True
user_zeatlk93,2,9855.0,4927.5,4066.0,17607.0,Mexico,ar,2023-11-22,0.5597205656841029,161,False,False,True,False
user_zeija5lf,7,27919.0,3988.4285714285716,2370.714285714286,41461.0,Germany,ar,2023-03-19,0.6733798027061576,409,False,False,False,False
user_zfhfi8vl,10,38245.0,3824.5,2711.75,25841.0,United States,hi,2023-11-11,1.4800123834216943,172,False,False,False,False
user_zftpt5jm,9,34112.0,3790.222222222222,2501.75,33930.0,Nigeria,pt,2023-04-19,1.0053639846743294,378,False,False,False,False
user_zfu8q0ih,3,13089.0,4363.0,2708.3333333333335,27732.0,,en,2023-09-30,0.4719818260493293,214,False,False,True,False
user_zg4kjiw1,9,28926.0,3214.0,1712.25,35298.0,Italy,ja,2023-03-05,0.8194798572157063,423,False,False,False,False
user_zgfowqqb,3,12486.0,4162.0,3048.6666666666665,34765.0,Germany,de,2023-11-30,0.35915432187544943,153,False,False,True,False
user_zh3km46r,5,14360.0,2872.0,2306.25,44219.0,Australia,ru,2023-04-24,0.3247472805807458,373,False,False,False,True
user_zhiuj226,6,24562.0,4093.6666666666665,2566.6666666666665,40671.0,India,hi,2023-11-19,0.6039192545056674,164,False,False,False,False
user_zhouqige,7,28057.0,4008.1428571428573,3140.1666666666665,38584.0,Germany,zh,2023-02-14,0.727166701223305,442,False,False,False,False
user_zjpba9my,5,20845.0,4169.0,2638.4,37507.0,United States,es,2023-07-23,0.5557629242541392,283,False,False,True,False
user_zlwfitj0,3,6138.0,2046.0,2293.0,3699.0,United States,ja,2023-03-06,1.659367396593674,422,False,False,False,True
user_zmk7o7v0,5,21033.0,4206.6,2421.2,14414.0,Mexico,ru,2023-06-23,1.4592063271819065,313,False,False,True,False
user_zozhwbis,7,28366.0,4052.285714285714,3313.0,4580.0,France,de,2023-10-25,6.193449781659389,189,False,False,False,False
user_zp2gw1bo,6,27421.0,4570.166666666667,3237.8333333333335,4869.0,United States,de,2023-01-20,5.6317518997740805,467,False,False,False,False
user_zq2nib62,11,48315.0,4392.272727272727,2961.3636363636365,5153.0,India,ja,2023-08-05,9.376091597127887,270,True,False,False,False
user_zq5mipiu,3,14004.0,4668.0,2898.3333333333335,38518.0,United States,ja,2023-11-11,0.36357027883067655,172,False,False,True,False
user_zqv2vrf5,12,43596.0,3633.0,2781.6,13531.0,Canada,es,2023-09-17,3.221934816347646,227,False,False,False,False
user_zqzqyysg,7,38210.0,5458.571428571428,3567.1428571428573,30088.0,,ru,2023-02-07,1.2699415049189045,449,False,False,False,False
user_zrm2zekc,4,14026.0,3506.5,2278.0,6381.0,Brazil,pt,2023-05-29,2.1980880739695974,338,False,False,False,True
user_zsdvwipi,8,26904.0,3363.0,2161.8571428571427,19291.0,Mexico,ru,2023-12-26,1.3946399875589652,127,False,False,False,False
user_zsoad3v2,4,13166.0,3291.5,2067.25,16574.0,India,fr,2023-03-07,0.7943767346446241,421,False,False,False,True
user_ztrgkwrt,7,32997.0,4713.857142857143,2781.4285714285716,30306.0,South Africa,es,2023-08-27,1.0887942981587804,248,False,False,False,False
user_zw0wri6o,11,36548.0,3322.5454545454545,2098.375,7304.0,Australia,de,2023-12-14,5.003833515881708,139,False,True,False,False
user_zwe31kzt,11,35672.0,3242.909090909091,1961.888888888889,31220.0,Brazil,en,2023-03-27,1.1426008968609866,401,False,True,False,False
user_zwtc0w1c,5,18047.0,3609.4,2243.2,5798.0,United Kingdom,en,2023-12-17,3.1126250431183164,136,False,False,False,True
user_zwtxksrs,11,36677.0,3334.2727272727275,2052.8888888888887,1009.0,United States,es,2023-12-13,36.34985133795838,140,False,True,False,False
user_zyptgxi8,11,47907.0,4355.181818181818,3341.4,47455.0,China,ar,2023-02-17,1.0095248129807186,439,True,False,False,False
user_zz4hfjm7,9,27594.0,3066.0,2603.6666666666665,18075.0,Brazil,ja,2023-09-14,1.5266390041493776,230,False,False,False,False
user_zzq2044c,10,26683.0,2668.3,2092.3333333333335,34915.0,India,ar,2023-02-09,0.7642274094228841,447,False,True,False,False
