reaction_id,event_name,sport,event_date,video_title,video_id,video_url,channel_name,channel_id,comment_id,comment_url,comment_text,comment_author,comment_published_at,like_count,reply_count
YT2000001,"Afghanistan vs India (2026 T20I Series, Match 3)",Cricket,,Match Highlights | Afghanistan vs India | Match 03 | T20I Series 2026 | ACB | M9N1J,CJU-fIbr8Vk,https://www.youtube.com/watch?v=CJU-fIbr8Vk,Sports Central by DRM,UC-fzWbU1zavz77kP1gPPdSg,UgyHjG78zOeiWGHuY594AaABAg,https://www.youtube.com/watch?v=CJU-fIbr8Vk&lc=UgyHjG78zOeiWGHuY594AaABAg,Ravi bishnoi On the Fire 🎉,@MdSifatUllah-r3l6o,2026-09-21T00:00:00Z,0,
YT2000002,Carlos Alcaraz vs Jannik Sinner (2026 Monte-Carlo Final),Tennis,,Carlos Alcaraz vs Jannik Sinner FIRST Final of 2026 🔥 | Monte-Carlo 2026 Final Highlights,dQUKOY8D3IE,https://www.youtube.com/watch?v=dQUKOY8D3IE,Tennis TV,UCbcxFkd6B9xUU54InHv4Tig,Ugxv3PudAwY9HjpTjnF4AaABAg,https://www.youtube.com/watch?v=dQUKOY8D3IE&lc=Ugxv3PudAwY9HjpTjnF4AaABAg,Painful seeing Carlita lose,@KevinHenderson-r4v,2026-09-02T00:00:00Z,1,
YT2000003,2026 Australian Grand Prix,Formula 1,2026-03-08,Fans React to the 2026 Australian Grand Prix,uvMholf0zLI,https://www.youtube.com/watch?v=uvMholf0zLI,Kr1s,UCz-llHGeBJB06SA6g-Q_JKA,UgzdOk1B2QB6E9zNoix4AaABAg,https://www.youtube.com/watch?v=uvMholf0zLI&lc=UgzdOk1B2QB6E9zNoix4AaABAg,3:36 aged like milk,@PixelWatchesYoutube,2026-09-09T00:00:00Z,0,
YT2000004,Indiana Fever vs Toronto Tempo (2026 WNBA),Basketball,2026-09-18,"Indiana Fever vs. Toronto Tempo | FULL GAME HIGHLIGHTS | September 18, 2026",3ncxZOQBJBU,https://www.youtube.com/watch?v=3ncxZOQBJBU,WNBA,UCO9a_ryN_l7DIDS-VIt-zmw,UgyNpoPFlPS4sgwJwYR4AaABAg,https://www.youtube.com/watch?v=3ncxZOQBJBU&lc=UgyNpoPFlPS4sgwJwYR4AaABAg,Fever need to fire all the coaching staff starting with Stephanie White and also the General manager,@rogergonzalez7386,2026-09-22T00:00:00Z,0,
YT2000005,2026 European Athletics Championships Day 1,Athletics,,Day One Highlights | Birmingham 2026 European Athletics Championships,HBzZeY_kr_4,https://www.youtube.com/watch?v=HBzZeY_kr_4,European Athletics,UCp21zu_8Hd0w9HULooemRCA,UgyTeQfz0SX7jv1NdN14AaABAg,https://www.youtube.com/watch?v=HBzZeY_kr_4&lc=UgyTeQfz0SX7jv1NdN14AaABAg,jakob running past the finish line like he still had another lap left in him during these birmingham 2026 highlights is actually wild,@LiorettaEastmereMusic,2026-09-17T00:00:00Z,0,
YT2000006,Alex Lanier vs Kunlavut Vitidsarn (2026 BWF World Championships),Badminton,,Alex Lanier vs Kunlavut Vitidsarn | Pressure points and momentum swings,06FN__FMaUc,https://www.youtube.com/watch?v=06FN__FMaUc,BWF TV,UChh-akEbUM8_6ghGVnJd6cQ,Ugz2dT7-ZZI8I35VoSZ4AaABAg,https://www.youtube.com/watch?v=06FN__FMaUc&lc=Ugz2dT7-ZZI8I35VoSZ4AaABAg,2:47 hasil challengging nya kok nggk dinampakkan???,@HK-710,2026-09-12T00:00:00Z,0,
YT2000007,2026 Stanley Cup Final,Hockey,,Best Goals from the 2026 Stanley Cup Final,E4UXPDyRwgQ,https://www.youtube.com/watch?v=E4UXPDyRwgQ,NHL,UCqFMzb-4AUf6WAIbl132QKA,UgzihtpxxO_q_T3q4GJ4AaABAg,https://www.youtube.com/watch?v=E4UXPDyRwgQ&lc=UgzihtpxxO_q_T3q4GJ4AaABAg,Holayyyy 🎉,@JesseBrittain-n5h,2026-06-23T00:00:00Z,0,
YT2000008,Abdullah Mason vs Ornelas (2026 Boxing),Boxing,,Abdullah Mason DROPS Ornelas Repeatedly in Brutal Win,d6A3cVkIKGc,https://www.youtube.com/watch?v=d6A3cVkIKGc,Top Rank Boxing,UCbzRzJNHx7ZLlJML9BjZQVQ,Ugz_wlJZJBWpwybWTm54AaABAg,https://www.youtube.com/watch?v=d6A3cVkIKGc&lc=Ugz_wlJZJBWpwybWTm54AaABAg,☝️💕🙏 Allah be with you bro,@kwameasuo-l8e8y,2026-09-22T13:41:00Z,0,
YT2000009,Amru Magomedov vs Angel Alvarez (2026 PFL New York),MMA,,A DESTRUCTIVE DISPLAY! | Amru Magomedov v Angel Alvarez - Fight Highlights | PFL New York,MazPHXIWMVk,https://www.youtube.com/watch?v=MazPHXIWMVk,PFL MMA,UCPrONRG9hO1f-OrxW-WH-xg,UgzbdZx-wV-FBaEGyKt4AaABAg,https://www.youtube.com/watch?v=MazPHXIWMVk&lc=UgzbdZx-wV-FBaEGyKt4AaABAg,New champ is coming.,@zakirsin,2026-09-10T00:00:00Z,0,
YT2000010,2026 Biltmore Championship,Golf,,PGA Tour Highlights | Final Round | Biltmore Championship | 2026,SwVHCOFT7Wc,https://www.youtube.com/watch?v=SwVHCOFT7Wc,PGA Tour,UCKwGZZMrhNYKzucCtTPY2Nw,Ugww5TMwDTMaUp94wsB4AaABAg,https://www.youtube.com/watch?v=SwVHCOFT7Wc&lc=Ugww5TMwDTMaUp94wsB4AaABAg,"I prefer these ""easier"" courses, so much more movement on the leaderboard",@bm6026,2026-09-22T00:00:00Z,0,
YT2000011,2026 Green Mountain Championship,Disc Golf,,Final Round Highlights | MPO | 2026 Green Mountain Championship,UoebFpL95VE,https://www.youtube.com/watch?v=UoebFpL95VE,Disc Golf Pro Tour,UCw0WzNn6m2Na6ZW7rKqWI3g,UgzFZLoAAqMtyH_DSp94AaABAg,https://www.youtube.com/watch?v=UoebFpL95VE&lc=UgzFZLoAAqMtyH_DSp94AaABAg,Thank God Goose wasn’t there!!!!!,@mikepartridge339,2026-09-22T08:00:00Z,0,
YT2000012,Japan vs USA (2026 Men’s VNL Semifinal),Volleyball,,Japan 🇯🇵 vs. USA 🇺🇸 - Semi Final | Highlights | Men's VNL 2026,Cvj9Q6fYu3s,https://www.youtube.com/watch?v=Cvj9Q6fYu3s,Volleyball World,UCNMg6XDhRZI2QzL4pWOvP_w,UgzqAPav4ikGc5ZBaMJ4AaABAg,https://www.youtube.com/watch?v=Cvj9Q6fYu3s&lc=UgzqAPav4ikGc5ZBaMJ4AaABAg,Haikyuu got me interested in volleyball,@voodoostrings8314,2026-09-20T00:00:00Z,0,
YT2000013,Hurricanes vs Blues (2026 Super Rugby Pacific),Rugby,,HURRICANES v BLUES | Rd 9 Highlights | Super Rugby Pacific 2026,TLq0hc3Oxtg,https://www.youtube.com/watch?v=TLq0hc3Oxtg,Super Rugby Pacific,UCDOGExGCsrrt_RrGDgLuMww,Ugw2vYEsPn4mdGTh01l4AaABAg,https://www.youtube.com/watch?v=TLq0hc3Oxtg&lc=Ugw2vYEsPn4mdGTh01l4AaABAg,Carlos Spencer's son is not ready for this level.. drop him.,@Paul-gj5rn,2026-04-23T00:00:00Z,0,
YT2000014,Barcelona vs Feyenoord (2026 UEFA Champions League),Football,,Barcelona vs. Feyenoord: Extended Highlights | UCL League Phase MD 1 | CBS Sports Golazo,kPdMCaxCNJQ,https://www.youtube.com/watch?v=kPdMCaxCNJQ,CBS Sports Golazo,UCET00YnetHT7tOpu12v8jxg,Ugy554bLlc3d_rBzXYp4AaABAg,https://www.youtube.com/watch?v=kPdMCaxCNJQ&lc=Ugy554bLlc3d_rBzXYp4AaABAg,Who was offside on that feyenord goal?,@DavidGArsenal,2026-09-20T00:00:00Z,0,
YT2000015,"Afghanistan vs India (2026 T20I Series, Match 3)",Cricket,,Full Match Highlights | Afghanistan vs India | Match 03 | T20I Series 2026 | ACB | M9N1J,TapC28fhANQ,https://www.youtube.com/watch?v=TapC28fhANQ,Sports Central by DRM,UC-fzWbU1zavz77kP1gPPdSg,UgyF8fOSccUgnN4ccwx4AaABAg,https://www.youtube.com/watch?v=TapC28fhANQ&lc=UgyF8fOSccUgnN4ccwx4AaABAg,too many runouts! as if the batters have forgotten to play any gap shot!,@md.hazratali6796,2026-09-22T02:00:00Z,0,
YT2000016,Andrey Rublev vs Arthur Fils (2026 Barcelona Final),Tennis,,Andrey Rublev vs Arthur Fils for the Title! 🏆 | Barcelona 2026 Final Highlights,ugTb7lPGgI8,https://www.youtube.com/watch?v=ugTb7lPGgI8,Tennis TV,UCbcxFkd6B9xUU54InHv4Tig,UgxWmrrZIOFwWeXRwaF4AaABAg,https://www.youtube.com/watch?v=ugTb7lPGgI8&lc=UgxWmrrZIOFwWeXRwaF4AaABAg,"fils' forehand torque on clay is just different, fun final to watch",@EstelleRueMusic,2026-08-23T00:00:00Z,2,
YT2000017,2026 Italian Grand Prix,Formula 1,2026-09-06,Fans React to the 2026 Italian Grand Prix,ah1bbvzWhPE,https://www.youtube.com/watch?v=ah1bbvzWhPE,Kr1s,UCz-llHGeBJB06SA6g-Q_JKA,UgwMjgYuKFFQWXUhL6N4AaABAg,https://www.youtube.com/watch?v=ah1bbvzWhPE&lc=UgwMjgYuKFFQWXUhL6N4AaABAg,the one ocon fan pissed his driver was just too mid and had to much of an ego that it lost him his seat 😂,@killerbot5006,2026-09-21T00:00:00Z,0,
YT2000018,Phoenix Mercury vs Dallas Wings (2026 WNBA),Basketball,2026-09-19,"Phoenix Mercury vs. Dallas Wings | FULL GAME HIGHLIGHTS | September 19, 2026",gmTPOM9RMxU,https://www.youtube.com/watch?v=gmTPOM9RMxU,WNBA,UCO9a_ryN_l7DIDS-VIt-zmw,UgwjxIPGhCXHnAfxyr94AaABAg,https://www.youtube.com/watch?v=gmTPOM9RMxU&lc=UgwjxIPGhCXHnAfxyr94AaABAg,Top 8 Teams are going be EPIC!,@MichaelZandi-e3h,2026-09-22T00:00:00Z,0,
YT2000019,2026 European Athletics Championships Day 5,Athletics,,Day Five Highlights | Birmingham 2026 European Athletics Championships,SVDkKeN8kIU,https://www.youtube.com/watch?v=SVDkKeN8kIU,European Athletics,UCp21zu_8Hd0w9HULooemRCA,UgzfH_K5RXXkYOusJIZ4AaABAg,https://www.youtube.com/watch?v=SVDkKeN8kIU&lc=UgzfH_K5RXXkYOusJIZ4AaABAg,"All these European countries with dark skin people citizens winning here, and yet Europe is so ani immigration!! 
I know it is off topic, but you can't help noticing it, and these men and women, they do feel native of where they are from, so I never get the anti feelings for them, we got many in my country, and they do feel like they are HERE, not THERE...",@THEMOSTGODLESS8713GGR,2026-09-11T00:00:00Z,0,
YT2000020,An Se Young vs Akane Yamaguchi (2026 BWF World Championships),Badminton,,An Se Young vs Akane Yamaguchi | A clash of champions,49OglwaWp_Y,https://www.youtube.com/watch?v=49OglwaWp_Y,BWF TV,UChh-akEbUM8_6ghGVnJd6cQ,UgwVFfNuOHLBIlTt-1h4AaABAg,https://www.youtube.com/watch?v=49OglwaWp_Y&lc=UgwVFfNuOHLBIlTt-1h4AaABAg,Two of the most amazing playersbin the world,@RinguKagung,2026-09-09T00:00:00Z,0,
YT2000021,2026 Stanley Cup Final,Hockey,,EVERY GOAL from the 2026 Stanley Cup Final!,mlFpQC2i9Xw,https://www.youtube.com/watch?v=mlFpQC2i9Xw,NHL,UCqFMzb-4AUf6WAIbl132QKA,UgyPNnnmb22whXOvX7F4AaABAg,https://www.youtube.com/watch?v=mlFpQC2i9Xw&lc=UgyPNnnmb22whXOvX7F4AaABAg,"incredible finals man, Vegas never quit and the canes obviously were great",@emilycharles3623,2026-08-23T00:00:00Z,1,
YT2000022,Legendary Boxing Fights Collection,Boxing,,"12 Hours of Legendary Fights | Mayweather, Ali, Inoue & More",4GCNfWec-30,https://www.youtube.com/watch?v=4GCNfWec-30,Top Rank Boxing,UCbzRzJNHx7ZLlJML9BjZQVQ,UgzdxdBYuiZkv9LHM9V4AaABAg,https://www.youtube.com/watch?v=4GCNfWec-30&lc=UgzdxdBYuiZkv9LHM9V4AaABAg,8:28:56 Ramirez must be the worst closer (7:55:29) in history and came very close to throwing it all away (8:27:53) for not closing it in round 2.,@YTIDIOTS-l8i,2026-08-23T00:00:00Z,0,
YT2000023,Justin Clarke vs Abdoulaye Kane (2026 PFL Africa),MMA,,RUTHLESS Heavyweight Fight!! | Justin Clarke v Abdoulaye Kane | Full Fight | PFL Africa 1 2026,rAAW2ORZnwo,https://www.youtube.com/watch?v=rAAW2ORZnwo,PFL MMA,UCPrONRG9hO1f-OrxW-WH-xg,Ugyf2xqawxlCYe6CJ3J4AaABAg,https://www.youtube.com/watch?v=rAAW2ORZnwo&lc=Ugyf2xqawxlCYe6CJ3J4AaABAg,😢non,@AzizManiga-e3d,2026-09-02T00:00:00Z,0,
YT2000024,2026 Biltmore Championship,Golf,,"PGA Tour Highlights: 2026 Biltmore Championship Asheville, Final Round | Golf Channel",rL6FUtWrgjA,https://www.youtube.com/watch?v=rL6FUtWrgjA,Golf Channel,UC5igJFdBQVqg7hXFI7075OQ,UgwggoI5HARkWAaCrUJ4AaABAg,https://www.youtube.com/watch?v=rL6FUtWrgjA&lc=UgwggoI5HARkWAaCrUJ4AaABAg,"Why do the announcers keep calling him Castillio, like Coolio?

It’s just Castillo… pronounced Kha-stee-yo……kind of amazing, really.
Smh lmao",@EBosh1967,2026-09-22T00:00:00Z,0,
YT2000025,2026 Green Mountain Championship,Disc Golf,,Final Round Highlights | MPO | 2026 Green Mountain Championship,UoebFpL95VE,https://www.youtube.com/watch?v=UoebFpL95VE,Disc Golf Pro Tour,UCw0WzNn6m2Na6ZW7rKqWI3g,UgzNkZFPsSHzBDnicaB4AaABAg,https://www.youtube.com/watch?v=UoebFpL95VE&lc=UgzNkZFPsSHzBDnicaB4AaABAg,honestly? lets fuckin go,@glovester,2026-09-22T03:00:00Z,0,
YT2000026,USA vs Poland (2026 Men’s VNL Final),Volleyball,,USA 🇺🇸 vs. Poland 🇵🇱 - Gold Match | Highlights | Men's VNL 2026 - Final,SAjrSUNCQbc,https://www.youtube.com/watch?v=SAjrSUNCQbc,Volleyball World,UCNMg6XDhRZI2QzL4pWOvP_w,UgwIPbQIxnHPR7aD5rZ4AaABAg,https://www.youtube.com/watch?v=SAjrSUNCQbc&lc=UgwIPbQIxnHPR7aD5rZ4AaABAg,"Poland spiker are out of league in volleyball

USA ALSO MATCH IN POWER AND BLOCKING",@yaduyadav---,2026-09-20T00:00:00Z,1,
YT2000027,South Africa vs New Zealand (2026 Rugby Test),Rugby,,SOUTH AFRICA v NEW ZEALAND | 4th Test Highlights | Rugby's Greatest Rivalry 2026,G3s7nFFiRyk,https://www.youtube.com/watch?v=G3s7nFFiRyk,SANZAAR TV,UCvMgypvk0d5P0K3F3bB19Eg,UgwQXwMLlsfApYL6YSd4AaABAg,https://www.youtube.com/watch?v=G3s7nFFiRyk&lc=UgwQXwMLlsfApYL6YSd4AaABAg,Steelers and the Ravens,@grodad,2026-09-22T01:00:00Z,0,
YT2000028,Liverpool vs Atlético Madrid (2026 UEFA Champions League),Football,,Liverpool vs. Atlético Madrid: Extended Highlights | UCL League Phase MD 1 | CBS Sports Golazo,GRp9iiO-I3k,https://www.youtube.com/watch?v=GRp9iiO-I3k,CBS Sports Golazo,UCET00YnetHT7tOpu12v8jxg,Ugxkd2Rlm1aaIsBY4sR4AaABAg,https://www.youtube.com/watch?v=GRp9iiO-I3k&lc=Ugxkd2Rlm1aaIsBY4sR4AaABAg,Diego simone needs to be sacked,@Horse_Milk33,2026-09-14T00:00:00Z,0,
YT2000029,"Afghanistan vs India (2026 T20I Series, Match 2)",Cricket,,Full Match Highlights | Afghanistan vs India | Match 02 | T20I Series 2026 | ACB | M9N1J,svAuradtMZw,https://www.youtube.com/watch?v=svAuradtMZw,Sports Central by DRM,UC-fzWbU1zavz77kP1gPPdSg,UgwMIGGmooma-I0ZDk54AaABAg,https://www.youtube.com/watch?v=svAuradtMZw&lc=UgwMIGGmooma-I0ZDk54AaABAg,"We only have one player like Abishek that is Fakhar Zaman, india have two teams worth of players like Abishek. They mindset and technique is at next level. Our babar just wants to play to end tuk tuk block, that's mindset difference between our Jahal players and theirs.",@PakFan786,2026-09-19T00:00:00Z,0,
YT2000030,Jannik Sinner vs Arthur Fils (2026 Madrid Semifinal),Tennis,,Jannik Sinner vs Arthur Fils For A Place In The Final! | Madrid 2026 Highlights,-7V1paGhbiY,https://www.youtube.com/watch?v=-7V1paGhbiY,Tennis TV,UCbcxFkd6B9xUU54InHv4Tig,UgyMhhEkqF-cf5sGYE14AaABAg,https://www.youtube.com/watch?v=-7V1paGhbiY&lc=UgyMhhEkqF-cf5sGYE14AaABAg,If only Sinner was handsome...cannot look at his face,@susan6200,2026-09-12T00:00:00Z,1,
YT2000031,2026 Chinese Grand Prix,Formula 1,2026-03-15,Fans React to the 2026 Chinese Grand Prix,77NaHUPQZto,https://www.youtube.com/watch?v=77NaHUPQZto,Kr1s,UCz-llHGeBJB06SA6g-Q_JKA,Ugxdtdst3P0TWnGOz614AaABAg,https://www.youtube.com/watch?v=77NaHUPQZto&lc=Ugxdtdst3P0TWnGOz614AaABAg,4:12 aged like milk lmao,@kaiylmatharu,2026-09-14T00:00:00Z,0,
YT2000032,Atlanta Dream vs New York Liberty (2026 WNBA),Basketball,2026-09-21,"Atlanta Dream vs. New York Liberty | FULL GAME HIGHLIGHTS | September 21, 2026",Cazz5y4tbg8,https://www.youtube.com/watch?v=Cazz5y4tbg8,WNBA,UCO9a_ryN_l7DIDS-VIt-zmw,UgzTEr2QQ6yW6BYY2YF4AaABAg,https://www.youtube.com/watch?v=Cazz5y4tbg8&lc=UgzTEr2QQ6yW6BYY2YF4AaABAg,The verdict is in: DeWanna Bonner should resign w the Dream next year no matter what happens this year. Her 17 points and her 3s came in clutch for the Dream. All I want for an early Christmas present is the Dream to play at home vs the Fever in the 1st round of playoffs this year.,@IGvlsphoto,2026-09-22T14:02:00Z,0,
YT2000033,2026 European Athletics Championships Women’s 200m,Athletics,,"EVERY Race Women's 200m European Athletics Championships 2026 | Heats, Semi-Finals & Final",h3DQIN4CRts,https://www.youtube.com/watch?v=h3DQIN4CRts,European Athletics,UCp21zu_8Hd0w9HULooemRCA,UgzKU1Gd-wQlytvjZ2J4AaABAg,https://www.youtube.com/watch?v=h3DQIN4CRts&lc=UgzKU1Gd-wQlytvjZ2J4AaABAg,Amy Hunt is amazing!,@yurydobrin2810,2026-09-22T09:00:00Z,0,
YT2000034,Kim/Seo vs Chia/Soh (2026 BWF World Championships Semifinal),Badminton,,BWF World Championships 2026 | Kim/Seo (KOR) [1] vs Chia/Soh (MAS) [4] | SF,enONl4A9c5I,https://www.youtube.com/watch?v=enONl4A9c5I,BWF TV,UChh-akEbUM8_6ghGVnJd6cQ,UgzY-iBZY1AJp6jOByd4AaABAg,https://www.youtube.com/watch?v=enONl4A9c5I&lc=UgzY-iBZY1AJp6jOByd4AaABAg,3:40 Nice sync,@KhoiTran-ds5rj,2026-09-15T00:00:00Z,0,
YT2000035,Carolina Hurricanes vs Vegas Golden Knights (2026 Stanley Cup Final Game 6),Hockey,2026-06-14,"Hurricanes vs. Golden Knights | NHL Playoff Highlights | Game 6 | June 14, 2026",3jbQ58HKtXA,https://www.youtube.com/watch?v=3jbQ58HKtXA,NHL,UCqFMzb-4AUf6WAIbl132QKA,UgxUAtXHaMK-R_QR0kV4AaABAg,https://www.youtube.com/watch?v=3jbQ58HKtXA&lc=UgxUAtXHaMK-R_QR0kV4AaABAg,"캐롤라이나 축하입니다
한국팬이이에유~😂",@캐롤라이나허리케인스,2026-09-22T11:00:00Z,0,
YT2000036,Teremoana vs Heavyweight Opponent (2026 Matchroom Boxing),Boxing,,Undefeated giant heavyweight Teremoana | Non-Stop KOs | Matchroom Boxing,Q0PKJmMaV_U,https://www.youtube.com/watch?v=Q0PKJmMaV_U,Matchroom Boxing,UC7LReVje9aPB4B6XAsXX8WQ,UgwhdX9Xg_OcP9TGvs94AaABAg,https://www.youtube.com/watch?v=Q0PKJmMaV_U&lc=UgwhdX9Xg_OcP9TGvs94AaABAg,zuffa needs to sign and guide him,@shermin101,2026-09-09T00:00:00Z,0,
YT2000037,2026 PFL Africa: Nigeria,MMA,,2026 PFL Africa: Nigeria | Full Event,uIYQboeQ7do,https://www.youtube.com/watch?v=uIYQboeQ7do,PFL MMA,UCPrONRG9hO1f-OrxW-WH-xg,Ugze6nCa7ECU-GyhAQF4AaABAg,https://www.youtube.com/watch?v=uIYQboeQ7do&lc=Ugze6nCa7ECU-GyhAQF4AaABAg,Rubbish stoppage against Yahuza,@victoropara6573,2026-06-23T00:00:00Z,1,
YT2000038,2026 PURE Insurance Championship,Golf,,PGA Tour Champions Highlights | PURE Insurance | 2026,CDd42l9fDRg,https://www.youtube.com/watch?v=CDd42l9fDRg,PGA Tour Champions,UCA7NPMCfXmvsGeosBkio52Q,Ugw9EnDb4DPc6KSCf5t4AaABAg,https://www.youtube.com/watch?v=CDd42l9fDRg&lc=Ugw9EnDb4DPc6KSCf5t4AaABAg,Alker always in the mix......,@dclate62,2026-09-22T06:00:00Z,0,
YT2000039,2026 Green Mountain Championship,Disc Golf,,Final Round Highlights | MPO | 2026 Green Mountain Championship,UoebFpL95VE,https://www.youtube.com/watch?v=UoebFpL95VE,Disc Golf Pro Tour,UCw0WzNn6m2Na6ZW7rKqWI3g,Ugz6qpOv9wkmwow_VEN4AaABAg,https://www.youtube.com/watch?v=UoebFpL95VE&lc=Ugz6qpOv9wkmwow_VEN4AaABAg,"Amazing moment, great win by Raven - Congrats dude!",@cs2097,2026-09-22T02:00:00Z,0,
YT2000040,Italy vs Denmark (2026 CEV EuroVolley),Volleyball,,Highlights | Italy vs. Denmark | CEV Enel EuroVolley 2026 Men | Eight Finals,JK_IC9hRAMg,https://www.youtube.com/watch?v=JK_IC9hRAMg,European Volleyball,UC8XRC858pOERvclUDb_d7rg,UgyDC6G3t-SzdTc2fhR4AaABAg,https://www.youtube.com/watch?v=JK_IC9hRAMg&lc=UgyDC6G3t-SzdTc2fhR4AaABAg,"Great effort overall by us, failing against what should always be a world-class italy is no shame. Well done, boys!",@peterhaslund,2026-09-22T07:00:00Z,0,
YT2000041,England vs Fiji (2026 Nations Championship),Rugby,,England v Fiji highlights | 2026 Nations Championship,4tewDq2UAtI,https://www.youtube.com/watch?v=4tewDq2UAtI,England Rugby,UCmi7CahP3G3YySOAFOfSnkw,Ugzgl4-6ElUzkWpTb8N4AaABAg,https://www.youtube.com/watch?v=4tewDq2UAtI&lc=Ugzgl4-6ElUzkWpTb8N4AaABAg,Jb😊,@LorenzoPlaatjies-x5r,2026-09-13T00:00:00Z,0,
YT2000042,PSG vs Bayern Munich (2026 UEFA Champions League Semifinal),Football,,PSG vs. Bayern Munich: Extended Highlights | UCL Semifinals - Leg 1 | CBS Sports Golazo,JxzqIzEVQNE,https://www.youtube.com/watch?v=JxzqIzEVQNE,CBS Sports Golazo,UCET00YnetHT7tOpu12v8jxg,UgyXYBip0T5T8whrgL14AaABAg,https://www.youtube.com/watch?v=JxzqIzEVQNE&lc=UgyXYBip0T5T8whrgL14AaABAg,Can anyone tell me who the commentators r ? Can't get enough,@sauce_whippa808,2026-09-21T00:00:00Z,0,
YT2000043,India vs Pakistan (2026 Asia Cup Final),Cricket,,India VS Pakistan Extended Highlights | Asia Cup Final | Channel 9 Sports,GFj5cfzYoEQ,https://www.youtube.com/watch?v=GFj5cfzYoEQ,Channel Nine Sports,UCyDQWHMFMoNVDrdw7Y7jAZQ,UgwEoE5Of0AbwtsJkhV4AaABAg,https://www.youtube.com/watch?v=GFj5cfzYoEQ&lc=UgwEoE5Of0AbwtsJkhV4AaABAg,High lights by bbc😅,@SafiullahIftikhar5,2026-09-18T00:00:00Z,0,
YT2000044,Ben Shelton vs Brandon Nakashima (2026 Montreal Final),Tennis,,Ben Shelton vs Brandon Nakashima Title Battle 🏆 | Montreal 2026 Final Highlights,dvynMKs124E,https://www.youtube.com/watch?v=dvynMKs124E,Tennis TV,UCbcxFkd6B9xUU54InHv4Tig,UgyKTGtyXDgNfLB8fTt4AaABAg,https://www.youtube.com/watch?v=dvynMKs124E&lc=UgyKTGtyXDgNfLB8fTt4AaABAg,The lust in his dad eyes is crazy we can see that he is proud of him,@arcadius003,2026-08-23T00:00:00Z,0,
YT2000045,2026 Dutch Grand Prix,Formula 1,2026-08-23,Fans React to the 2026 Dutch Grand Prix,NyQ_Ukqyj1s,https://www.youtube.com/watch?v=NyQ_Ukqyj1s,Kr1s,UCz-llHGeBJB06SA6g-Q_JKA,UgxhYyzjA4a7uhCiBXN4AaABAg,https://www.youtube.com/watch?v=NyQ_Ukqyj1s&lc=UgxhYyzjA4a7uhCiBXN4AaABAg,"Timestamps

SQ1 - Antonelli Goes Off Track 0:00
SQ1 - Alonso Goes Off Track 1:07
SQ1 - Lawson Ahead of Verstappen 1:31
SQ1 - Verstappen Impedes Hamilton 2:53
SQ2 - Lawson Eliminated in SQ2 3:12
SQ3 - Russell Takes Sprint Pole 5:37
Sprint - Race Start 10:23
Sprint Lap 11 - Inphratic Goes Live 11:26
Sprint Lap 17 - Leclerc Overtakes Norris 11:53
Sprint Lap 24 - Russell Wins 13:02
Q3 - Verstappen Radio About Russell 14:47
Q3 - Norris Takes Provisional Pole 15:26
Q3 - Norris Takes Pole 18:35
Race Start 22:43
Lap 1 - Verstappen DNF 24:55
Lap 2 - Red Flag 26:10
Lap 2 - Verstappen DNF Replay 27:07
Lap 3 - Bortoleto Spin Replay 29:27
Lap 3 - Hulkenberg Avoids Bortoleto 30:10
Lap 4 - Bearman DNF 31:31
Lap 5 - Race Restart 31:58
Lap 5 - Lindblad Drive Through Penalty 34:00
Lap 7 - Colapinto Drive Through Penalty 34:28
Lap 17 - Russell Pits 35:18
Lap 18 - Piastri Pits 36:19
Lap 26 - Hulkenberg Overtakes Gasly and Lindblad 40:14
Lap 28 - Tsunoda Overtakes Gasly 42:06
Lap 34 - Leclerc Overtakes Piastri 43:57
Lap 35 - Hamilton Overtakes Piastri 45:24
Lap 42 - Leclerc Ignores Team Orders 45:54
Lap 43 - Hamilton Radio Rage 46:52
Lap 43 - Leclerc Pits 48:25
Lap 44 - Hamilton Radio Rage 49:36
Lap 53 - Norris Overtakes Antonelli 50:12
Lap 54 - Norris Overtakes Hamilton 51:11
Lap 55 - Ocon DNF 51:44
Lap 56 - Ferrari Double Stack 52:20
Lap 57 - Antonelli Pits 53:14
Lap 58 - Gasly Overtakes Tsunoda 54:06
Lap 58 - Russell Radio 54:25
Lap 65 - Russell Lets Antonelli Past 56:00
Lap 69 - Hamilton vs Russell 59:29
Lap 70 - VSC Deployed 1:00:23
Lap 70 - Sainz Crashes Into Albon Replay 1:01:42
Lap 72 - Russell vs Hamilton vs Leclerc 1:02:41
Lap 72 - Norris Wins 1:03:51",@Kr1s,2026-08-26T00:00:00Z,154,
YT2000046,Washington Mystics vs Indiana Fever (2026 WNBA),Basketball,2026-09-20,"Washington Mystics vs. Indiana Fever | FULL GAME HIGHLIGHTS | September 20, 2026",8cV4ZkdKn7g,https://www.youtube.com/watch?v=8cV4ZkdKn7g,WNBA,UCO9a_ryN_l7DIDS-VIt-zmw,Ugxyw3ZTVWUcDFFC5e94AaABAg,https://www.youtube.com/watch?v=8cV4ZkdKn7g&lc=Ugxyw3ZTVWUcDFFC5e94AaABAg,"WNBA
Western Conference 
Dallas Wings
Golden State Valkyries 
Houston Comets 
Las Vegas Aces
Los Angeles Sparks 
Minnesota Lynx
Nashville Vibes 
New Orleans Mage
Phoenix Mercury 
Portland Fire 
Sacramento Monarchs 
San Antonio Bloom
San Diego Surge
Seattle Storm
Tulsa Tempest 

Eastern Conference 
Atlanta Dream
Charlotte Sting
Chicago Sky
Cleveland Sirens
Detroit Shock 
Indiana Fever
Miami Sol
New York Liberty
Orlando Miracle 
Philadelphia Belles
Toronto Tempo 
Washington Mystics",@ReiDemetrio,2026-09-22T13:47:00Z,0,
YT2000047,2026 European Athletics Championships Day 6,Athletics,,Day Six Highlights | Birmingham 2026 European Athletics Championships,Pr8JLNyeRwU,https://www.youtube.com/watch?v=Pr8JLNyeRwU,European Athletics,UCp21zu_8Hd0w9HULooemRCA,Ugzyyt039fXpcFgGVgZ4AaABAg,https://www.youtube.com/watch?v=Pr8JLNyeRwU&lc=Ugzyyt039fXpcFgGVgZ4AaABAg,why are Israhel allowed to compete?,@harryorr8426,2026-08-23T00:00:00Z,0,
YT2000048,Feng/Huang vs Gicquel/Delrue (2026 BWF World Championships Final),Badminton,,BWF World Championships 2026 | Feng/Huang (CHN) [1] vs Gicquel/Delrue (FRA) [5] | F,6ajzFh9bQmQ,https://www.youtube.com/watch?v=6ajzFh9bQmQ,BWF TV,UChh-akEbUM8_6ghGVnJd6cQ,Ugwj8lhjGXY7YuFeLwV4AaABAg,https://www.youtube.com/watch?v=6ajzFh9bQmQ&lc=Ugwj8lhjGXY7YuFeLwV4AaABAg,G/D have finally arrived,@TPTurkey-x2i,2026-09-12T00:00:00Z,0,
YT2000049,Carolina Hurricanes vs Vegas Golden Knights (2026 Stanley Cup Final),Hockey,,The Wildest Stanley Cup Final in Years | Hurricanes vs. Golden Knights,ia_bIzb415w,https://www.youtube.com/watch?v=ia_bIzb415w,NHL,UCqFMzb-4AUf6WAIbl132QKA,UgzHyspIFb495_w-oIV4AaABAg,https://www.youtube.com/watch?v=ia_bIzb415w&lc=UgzHyspIFb495_w-oIV4AaABAg,Beautiful,@rasmusrosenqvist91,2026-09-21T00:00:00Z,0,
YT2000050,Rolly Romero vs Ryan Garcia (2026 Boxing),Boxing,,Fight Highlights | Rolly Romero Stuns Ryan Garcia | Matchroom Boxing,CWUVyUtDivQ,https://www.youtube.com/watch?v=CWUVyUtDivQ,Matchroom Boxing,UC7LReVje9aPB4B6XAsXX8WQ,UgwZMdXqZtBY-mDuYmB4AaABAg,https://www.youtube.com/watch?v=CWUVyUtDivQ&lc=UgwZMdXqZtBY-mDuYmB4AaABAg,"The ben, ben, ben .....ben ben ben  😅😅😅 where did he learn that ?",@ricardonarvaez1628,2026-09-22T12:00:00Z,0,
YT2000051,2026 PFL Africa: Pretoria,MMA,,2026 PFL Africa: Pretoria | Full Event,P1eO07hMeSU,https://www.youtube.com/watch?v=P1eO07hMeSU,PFL MMA,UCPrONRG9hO1f-OrxW-WH-xg,UgyMKmHtOxW-iOB2hu14AaABAg,https://www.youtube.com/watch?v=P1eO07hMeSU&lc=UgyMKmHtOxW-iOB2hu14AaABAg,"No sankara contra o cruz, parece que ninguém viu que o cruz levou os dedos para a frente e ainda tocou no pescoço do adversário, foi muito bem feito, porque ele sim tinha intenção 😮😅😅",@pauloalbuquerque1254,2026-07-23T00:00:00Z,0,
YT2000052,2026 BMW PGA Championship,Golf,,Round 4 Highlights | 2026 BMW PGA Championship,gQZomCyCWuw,https://www.youtube.com/watch?v=gQZomCyCWuw,DP World Tour,UCvZwbZt6YZQ4wj_7qyjPDZw,Ugy_Kihx2WSGH-uD9pB4AaABAg,https://www.youtube.com/watch?v=gQZomCyCWuw&lc=Ugy_Kihx2WSGH-uD9pB4AaABAg,"Came here expecting Rory won, this is awful…",@Bonkotsu928,2026-09-22T09:00:00Z,1,
YT2000053,2026 Green Mountain Championship,Disc Golf,,Final Round Highlights | MPO | 2026 Green Mountain Championship,UoebFpL95VE,https://www.youtube.com/watch?v=UoebFpL95VE,Disc Golf Pro Tour,UCw0WzNn6m2Na6ZW7rKqWI3g,Ugzx7ChTwa4OjyhBaFh4AaABAg,https://www.youtube.com/watch?v=UoebFpL95VE&lc=Ugzx7ChTwa4OjyhBaFh4AaABAg,Raven!,@jasonurroz570,2026-09-22T01:00:00Z,0,
YT2000054,Belgium vs Czechia (2026 CEV EuroVolley),Volleyball,,Highlights | BELGIUM vs. CZECHIA | CEV Enel EuroVolley 2026 Men | Eight Finals,PW7s66Q3ZPk,https://www.youtube.com/watch?v=PW7s66Q3ZPk,European Volleyball,UC8XRC858pOERvclUDb_d7rg,UgxDEhOvv36ppOPSQCl4AaABAg,https://www.youtube.com/watch?v=PW7s66Q3ZPk&lc=UgxDEhOvv36ppOPSQCl4AaABAg,"le bloc belge très efficace , COME ON BELGIUM",@jean-lucmassaux3377,2026-09-22T11:00:00Z,0,
YT2000055,Wallabies vs France (2026 Nations Championship),Rugby,,Wallabies v France Highlights | Nations Championship 2026 | Round 2,qKCIZyiqjbc,https://www.youtube.com/watch?v=qKCIZyiqjbc,Wallabies,UC4Y6lpmGz2rkbOVdrOhjgvQ,UgwT3Lq75LCP3jE9MTN4AaABAg,https://www.youtube.com/watch?v=qKCIZyiqjbc&lc=UgwT3Lq75LCP3jE9MTN4AaABAg,"What the hell is that team? Why there is no Dupont, LBB, Flament, Olivon, Jelonch etc etc etc?? Why they sent the B team?!",@TheTomasichek,2026-07-23T00:00:00Z,0,
YT2000056,PSG vs Arsenal (2026 UEFA Champions League Final),Football,,PSG vs. Arsenal: Extended Highlights | UCL Final | CBS Sports Golazo,tRnJRQmVMTg,https://www.youtube.com/watch?v=tRnJRQmVMTg,CBS Sports Golazo,UCET00YnetHT7tOpu12v8jxg,UgzMf2SN98-wR3KAl9d4AaABAg,https://www.youtube.com/watch?v=tRnJRQmVMTg&lc=UgzMf2SN98-wR3KAl9d4AaABAg,Bro Gabriel sold at that penalty,@wilcamecamilus178,2026-09-15T00:00:00Z,0,
YT2000057,India vs Japan (2026 T20I),Cricket,,India vs Japan T20 Match Full Highlights 2026 | India vs Japan Highlights,AcDMlgbrcK4,https://www.youtube.com/watch?v=AcDMlgbrcK4,Cricket Expert,UCWSCF-pqjmfIM4Dmxwh0ViQ,Ugy1-eGuE2100gdImQh4AaABAg,https://www.youtube.com/watch?v=AcDMlgbrcK4&lc=Ugy1-eGuE2100gdImQh4AaABAg,Abhishek 😂😂😂,@AbdulRehman-b7o7i,2026-09-22T13:57:00Z,0,
YT2000058,Taylor Fritz vs Rafael Jodar (2026 Washington Final),Tennis,,Taylor Fritz vs Rafael Jodar For The Washington Title 🏆 | 2026 Final Highlights,-4AXzTrC9Ls,https://www.youtube.com/watch?v=-4AXzTrC9Ls,Tennis TV,UCbcxFkd6B9xUU54InHv4Tig,Ugx6X_SjqXdb1CG3uS14AaABAg,https://www.youtube.com/watch?v=-4AXzTrC9Ls&lc=Ugx6X_SjqXdb1CG3uS14AaABAg,"So!!!  if my string is broken, can I ask umpire to wait until my racquet is restrung in 30 minutes reasonable time. How is this different from restring shoelace. It is the same violation of time. Your equipment broke, if you are unable to play within court-change time. It is your problem, not umpire's.",@jamesscott9471,2026-09-02T00:00:00Z,0,
YT2000059,2026 Barcelona-Catalunya Grand Prix,Formula 1,2026-06-14,Fans React to the 2026 Barcelona-Catalunya Grand Prix,thGDQT82t6c,https://www.youtube.com/watch?v=thGDQT82t6c,Kr1s,UCz-llHGeBJB06SA6g-Q_JKA,Ugx_U3QcCi83xEl89ot4AaABAg,https://www.youtube.com/watch?v=thGDQT82t6c&lc=Ugx_U3QcCi83xEl89ot4AaABAg,17:31 MattP1Tommy: OH SHUT UP YOU PAL!,@CarloMaria-r5b,2026-09-15T00:00:00Z,0,
YT2000060,Seattle Storm vs Golden State Valkyries (2026 WNBA),Basketball,2026-09-19,"Seattle Storm vs. Golden State Valkyries | FULL GAME HIGHLIGHTS | September 19, 2026",o8UOT-qXhs8,https://www.youtube.com/watch?v=o8UOT-qXhs8,WNBA,UCO9a_ryN_l7DIDS-VIt-zmw,Ugz_hYDT5jsWMqen7hB4AaABAg,https://www.youtube.com/watch?v=o8UOT-qXhs8&lc=Ugz_hYDT5jsWMqen7hB4AaABAg,Valkyries fan forever. That was six wins in a row and I like it. Keep it going Valkyries. Go Valkyries 💜⚫💜⚫💜⚫,@CyberAnonymous88,2026-09-22T08:00:00Z,1,
YT2000061,2026 European Athletics Championships Day 7,Athletics,,Day Seven Highlights | Birmingham 2026 European Athletics Championships,GK-bVPxtpxY,https://www.youtube.com/watch?v=GK-bVPxtpxY,European Athletics,UCp21zu_8Hd0w9HULooemRCA,UgyE23QAwN34kbJ06394AaABAg,https://www.youtube.com/watch?v=GK-bVPxtpxY&lc=UgyE23QAwN34kbJ06394AaABAg,So happy for Italy !,@tyandambika,2026-09-09T00:00:00Z,0,
YT2000062,Kim/Seo vs Alfian/Fikri (2026 BWF World Championships),Badminton,,Kim/Seo vs Alfian/Fikri | Fast-paced exchanges keep you on the edge,BmNEKEIZD1k,https://www.youtube.com/watch?v=BmNEKEIZD1k,BWF TV,UChh-akEbUM8_6ghGVnJd6cQ,Ugwr6zQVUdFamO4vV5V4AaABAg,https://www.youtube.com/watch?v=BmNEKEIZD1k&lc=Ugwr6zQVUdFamO4vV5V4AaABAg,Wow super match🎉,@wayanowl97,2026-08-23T00:00:00Z,0,
YT2000063,Vegas Golden Knights vs Carolina Hurricanes (2026 Stanley Cup Final Game 1),Hockey,,FULL REPLAY: Game 1 | Golden Knights vs. Hurricanes | 2026 Stanley Cup Final,A5xMc1hSnoQ,https://www.youtube.com/watch?v=A5xMc1hSnoQ,NHL,UCqFMzb-4AUf6WAIbl132QKA,Ugy50sn3bABQMHKUZqZ4AaABAg,https://www.youtube.com/watch?v=A5xMc1hSnoQ&lc=Ugy50sn3bABQMHKUZqZ4AaABAg,I'm Brazilian but I'm living in Portugal and thanks to The NHL  for this full replay game then I watched nothing of word hockey here on this platform.,@joemichael4053,2026-09-02T00:00:00Z,0,
YT2000064,Bam Rodriguez vs Vargas (2026 Boxing),Boxing,,Bam Rodriguez Knocks Out Vargas To Become Three-Weight World Champ | Matchroom Boxing,5i51aZYjocM,https://www.youtube.com/watch?v=5i51aZYjocM,Matchroom Boxing,UC7LReVje9aPB4B6XAsXX8WQ,Ugzd9dKmvMqxjquiUaZ4AaABAg,https://www.youtube.com/watch?v=5i51aZYjocM&lc=Ugzd9dKmvMqxjquiUaZ4AaABAg,"I think Inoue is too soon right now. 4 more pounds after moving to 118 is a lot. Sometimes people don’t understand the difference and this fight it showed. Skill wise I believe he can hang with Inoue but the power and weight is to much right now. I would say 1 more fight 118 for and 1 or 2 more fights at 122 before Inoue. 

People don’t realize when you’re used to fighting in a weight the advantage you have. But hey, greatness sometimes demands some pain and suffering.",@franciscoortiz5882,2026-08-23T00:00:00Z,0,
YT2000065,ONE Friday Fights 171,MMA,,ONE Friday Fights 171 | Explosive Highlights 🔥,dWNc1BdF9Mk,https://www.youtube.com/watch?v=dWNc1BdF9Mk,ONE Championship,UCiormkBf3jm6mfb7k0yPbKA,Ugwo5ntUU3yv6qvfqx54AaABAg,https://www.youtube.com/watch?v=dWNc1BdF9Mk&lc=Ugwo5ntUU3yv6qvfqx54AaABAg,"When on the ground the punching to the back of the heads got to stop, it’s madness it’s allowed time n time again",@bygoneera9521,2026-09-22T00:00:00Z,0,
YT2000066,2026 BMW PGA Championship Final Round,Golf,,Final Round DRAMA at Wentworth | 2026 BMW PGA Championship,fJWYN9Sk7wo,https://www.youtube.com/watch?v=fJWYN9Sk7wo,DP World Tour,UCvZwbZt6YZQ4wj_7qyjPDZw,UgwwM3AwOW6i8R0FQg54AaABAg,https://www.youtube.com/watch?v=fJWYN9Sk7wo&lc=UgwwM3AwOW6i8R0FQg54AaABAg,2 gloves must be kicking the hamster right now.,@IanArmstrong-s6k,2026-09-22T11:00:00Z,0,
YT2000067,2026 Green Mountain Championship,Disc Golf,,Final Round Highlights | MPO | 2026 Green Mountain Championship,UoebFpL95VE,https://www.youtube.com/watch?v=UoebFpL95VE,Disc Golf Pro Tour,UCw0WzNn6m2Na6ZW7rKqWI3g,Ugx7EBYPI1vtkEXN7Yp4AaABAg,https://www.youtube.com/watch?v=UoebFpL95VE&lc=Ugx7EBYPI1vtkEXN7Yp4AaABAg,What an absolutely heartwarming moment after the last putt! Congratulations to Raven on a well deserved win!,@journ9yman,2026-09-21T19:00:00Z,0,
YT2000068,Japan vs Iran (2026 AVC Men’s Continental Championship Final),Volleyball,,Japan 🇯🇵 vs. Iran 🇮🇷 - Final | AVC Men's Continental Championships 2026 | Gold Match Highlights,a0iA57_4oCw,https://www.youtube.com/watch?v=a0iA57_4oCw,Volleyball World,UCNMg6XDhRZI2QzL4pWOvP_w,UgyBg5eBEuGa2ngKZVN4AaABAg,https://www.youtube.com/watch?v=a0iA57_4oCw&lc=UgyBg5eBEuGa2ngKZVN4AaABAg,藍君覚醒している,@プツン,2026-09-22T03:00:00Z,0,
YT2000069,All Blacks vs Lions (2026 Rugby),Rugby,,"MINI MATCH | All Blacks v Lions | Johannesburg, 2026",6MbNY6WCctU,https://www.youtube.com/watch?v=6MbNY6WCctU,All Blacks,UCsAPiUMyBjtKamxYGbSUnLA,UgwWZuD_QTtN-28gvUN4AaABAg,https://www.youtube.com/watch?v=6MbNY6WCctU&lc=UgwWZuD_QTtN-28gvUN4AaABAg,5:12 All Blacks player throws a dummy to the side line. 😂,@9burger,2026-09-09T00:00:00Z,0,
YT2000070,Real Madrid vs Inter (2026 UEFA Champions League),Football,,Real Madrid vs. Inter: Extended Highlights | UCL League Phase MD 1 | CBS Sports Golazo,m-Er4N3eVpE,https://www.youtube.com/watch?v=m-Er4N3eVpE,CBS Sports Golazo,UCET00YnetHT7tOpu12v8jxg,UgzitYBS8C99HGnppBx4AaABAg,https://www.youtube.com/watch?v=m-Er4N3eVpE&lc=UgzitYBS8C99HGnppBx4AaABAg,The editing is really helpful I will definitely recommend this.,@SelvaKumar-c7w2d,2026-09-21T17:00:00Z,0,
YT2000071,"Afghanistan vs India (2026 T20I Series, Match 3)",Cricket,,Match Highlights | Afghanistan vs India | Match 03 | T20I Series 2026 | ACB | M9N1J,CJU-fIbr8Vk,https://www.youtube.com/watch?v=CJU-fIbr8Vk,Sports Central by DRM,UC-fzWbU1zavz77kP1gPPdSg,Ugx2kNZm4kshzlPS_ul4AaABAg,https://www.youtube.com/watch?v=CJU-fIbr8Vk&lc=Ugx2kNZm4kshzlPS_ul4AaABAg,❤🔥,@usmanfiaz-c2j8i,2026-09-21T00:00:00Z,0,
YT2000072,Tommy Paul vs Alexander Zverev (2026 Cincinnati),Tennis,,Tommy Paul Takes Down Top Seed Alexander Zverev | Cincinnati 2026 Highlights,Gko2ruOI7os,https://www.youtube.com/watch?v=Gko2ruOI7os,Tennis TV,UCbcxFkd6B9xUU54InHv4Tig,UgzAbwpP0d9Qpoq78DR4AaABAg,https://www.youtube.com/watch?v=Gko2ruOI7os&lc=UgzAbwpP0d9Qpoq78DR4AaABAg,Classic zverev had a match point in second set and a break in the third set and still he lost damn this guy consistency is so bad that the wta players are more consistent than him at this point 😢,@sarveshwarrenselvarajah7851,2026-08-26T00:00:00Z,0,
YT2000073,2026 Hungarian Grand Prix,Formula 1,2026-07-26,Fans React to the 2026 Hungarian Grand Prix,SDzQqr7-JwY,https://www.youtube.com/watch?v=SDzQqr7-JwY,Kr1s,UCz-llHGeBJB06SA6g-Q_JKA,UgznSsd4pfa20hpBcbh4AaABAg,https://www.youtube.com/watch?v=SDzQqr7-JwY&lc=UgznSsd4pfa20hpBcbh4AaABAg,"I love that these videos are longer, thank you @Kr1s",@darkfeared,2026-08-23T00:00:00Z,0,
YT2000074,Phoenix Mercury vs Portland Fire (2026 WNBA),Basketball,2026-09-17,"Phoenix Mercury vs. Portland Fire | FULL GAME HIGHLIGHTS | September 17, 2026",HkKKiotHvyI,https://www.youtube.com/watch?v=HkKKiotHvyI,WNBA,UCO9a_ryN_l7DIDS-VIt-zmw,UgxaHKBnMPNkd8PIg6p4AaABAg,https://www.youtube.com/watch?v=HkKKiotHvyI&lc=UgxaHKBnMPNkd8PIg6p4AaABAg,Portland with another valient fight but Phoenix held them off.,@R2Jizzo1,2026-09-20T00:00:00Z,0,
YT2000075,2026 European Athletics Championships Men’s 100m,Athletics,,"EVERY RACE - Men's 100m European Athletics Championships 2026 | Heats, Semi finals and Final",4bLPTpMw99E,https://www.youtube.com/watch?v=4bLPTpMw99E,European Athletics,UCp21zu_8Hd0w9HULooemRCA,UgwmXq1rkhFPnWlAM654AaABAg,https://www.youtube.com/watch?v=4bLPTpMw99E&lc=UgwmXq1rkhFPnWlAM654AaABAg,The next Linford,@RankPupDaily,2026-09-22T13:05:00Z,0,
YT2000076,An Se Young vs Akane Yamaguchi (2026 BWF World Championships Final),Badminton,,BWF World Championships 2026 | An Se Young (KOR) [1] vs Akane Yamaguchi (JPN) [2] | F,99riPBazzfk,https://www.youtube.com/watch?v=99riPBazzfk,BWF TV,UChh-akEbUM8_6ghGVnJd6cQ,Ugw36D2OtQ48TqMhzCF4AaABAg,https://www.youtube.com/watch?v=99riPBazzfk&lc=Ugw36D2OtQ48TqMhzCF4AaABAg,"난 안세영의 팬이지만, 왕즈이. 야마구치. 천위페이, 미야자키..등~  선수분들도 참 좋아요.  항상 친절하고 경기에서 좋은 모습을 보여줘요.❤",@앵구리구리,2026-09-22T00:00:00Z,0,
YT2000077,Vegas Golden Knights vs Carolina Hurricanes (2026 Stanley Cup Final Game 2),Hockey,,FULL REPLAY: Game 2 | Golden Knights vs. Hurricanes | 2026 Stanley Cup Final,TGduVpjEXKM,https://www.youtube.com/watch?v=TGduVpjEXKM,NHL,UCqFMzb-4AUf6WAIbl132QKA,UgxyY910TIfaDlefEvJ4AaABAg,https://www.youtube.com/watch?v=TGduVpjEXKM&lc=UgxyY910TIfaDlefEvJ4AaABAg,I remember working in parking for that game. I was not feeling good watching us trail 2-0 during break time. I was very delighted to see that not be the ultimate result.,@matthewsbackupchannel9990,2026-09-09T00:00:00Z,0,
YT2000078,Raymond Muratalla vs Andy Cruz (2026 Boxing),Boxing,,Raymond Muratalla Retains World Title vs Andy Cruz | Highlights | Matchroom,5gddebIxomA,https://www.youtube.com/watch?v=5gddebIxomA,Matchroom Boxing,UC7LReVje9aPB4B6XAsXX8WQ,Ugy65lxBTNRIkownaPB4AaABAg,https://www.youtube.com/watch?v=5gddebIxomA&lc=Ugy65lxBTNRIkownaPB4AaABAg,Jus look at his face 🤣,@christophersmith5549,2026-08-23T00:00:00Z,0,
YT2000079,ONE Friday Fights 170,MMA,,ONE Friday Fights 170 | Thrilling Fight Highlights 💪,n_ZYgAY0EIM,https://www.youtube.com/watch?v=n_ZYgAY0EIM,ONE Championship,UCiormkBf3jm6mfb7k0yPbKA,UgxkApKoViz-eqAWFHp4AaABAg,https://www.youtube.com/watch?v=n_ZYgAY0EIM&lc=UgxkApKoViz-eqAWFHp4AaABAg,For some reason I love that hair color on pompet,@javarius.dareaper,2026-09-18T00:00:00Z,0,
YT2000080,2026 Biltmore Championship,Golf,,PGA Tour Highlights | Final Round | Biltmore Championship | 2026,SwVHCOFT7Wc,https://www.youtube.com/watch?v=SwVHCOFT7Wc,PGA Tour,UCKwGZZMrhNYKzucCtTPY2Nw,Ugzw1ERRtvsT30BR4E14AaABAg,https://www.youtube.com/watch?v=SwVHCOFT7Wc&lc=Ugzw1ERRtvsT30BR4E14AaABAg,“Blades” Brown.  Now THAT is a great golf name right there.  Kind of like Roy Hobbs as a baseball player in “The Natural.”,@Washington-Dreaming,2026-09-22T00:00:00Z,1,
YT2000081,2026 Green Mountain Championship,Disc Golf,,Final Round Highlights | MPO | 2026 Green Mountain Championship,UoebFpL95VE,https://www.youtube.com/watch?v=UoebFpL95VE,Disc Golf Pro Tour,UCw0WzNn6m2Na6ZW7rKqWI3g,UgwvQNo7XD_SqPIzrKZ4AaABAg,https://www.youtube.com/watch?v=UoebFpL95VE&lc=UgwvQNo7XD_SqPIzrKZ4AaABAg,As I knew.hoped it would disc golf bounces back to greatness. A forever moment as a new winner sees his wife after the win.,@marcsandias2758,2026-09-21T16:00:00Z,2,
YT2000082,Slovenia vs Serbia (2026 CEV EuroVolley),Volleyball,,Highlights | SLOVENIA vs. SERBIA | CEV Enel EuroVolley 2026 Men | Eight Finals,4OR3mlRfFDU,https://www.youtube.com/watch?v=4OR3mlRfFDU,European Volleyball,UC8XRC858pOERvclUDb_d7rg,Ugws3H0G_wLEuh2B2Xh4AaABAg,https://www.youtube.com/watch?v=4OR3mlRfFDU&lc=Ugws3H0G_wLEuh2B2Xh4AaABAg,Bruka i sramota 😩😮 kad pogledamo Vladimira i Nikolu kako su igrali nekad ovo je dno dna 😭,@JelenaMilojevic-bv5ts,2026-09-22T13:27:00Z,0,
YT2000083,Springboks vs England (2026 Rugby),Rugby,2026-07-04,Springboks v England at Ellis Park | Extended Highlights | 4 July 2026,hS3CsahX3Kc,https://www.youtube.com/watch?v=hS3CsahX3Kc,Official Springbok YouTube,UCVI5iqtQOsWZwtAg1o3SIAQ,UgxObg4YQ0fktwb660x4AaABAg,https://www.youtube.com/watch?v=hS3CsahX3Kc&lc=UgxObg4YQ0fktwb660x4AaABAg,How'd they just let Ox Nche break away like that?🤷,@nduduzomadlala878,2026-09-22T11:00:00Z,0,
YT2000084,Bayern Munich vs Real Madrid (2026 UEFA Champions League Quarterfinal),Football,,Bayern vs. Real Madrid: Extended Highlights | UCL Quarterfinals - Leg 2 | CBS Sports Golazo,dF-JIdw_PW4,https://www.youtube.com/watch?v=dF-JIdw_PW4,CBS Sports Golazo,UCET00YnetHT7tOpu12v8jxg,UgwqzO2NVCN6tcTTFpV4AaABAg,https://www.youtube.com/watch?v=dF-JIdw_PW4&lc=UgwqzO2NVCN6tcTTFpV4AaABAg,Harry Kane first touch in his goal was the key 😅,@abdifitahsiyad,2026-09-21T00:00:00Z,0,
YT2000085,"Afghanistan vs India (2026 T20I Series, Match 3)",Cricket,,Full Match Highlights | Afghanistan vs India | Match 03 | T20I Series 2026 | ACB | M9N1J,TapC28fhANQ,https://www.youtube.com/watch?v=TapC28fhANQ,Sports Central by DRM,UC-fzWbU1zavz77kP1gPPdSg,UgxPUCdecDeGIRwt7RB4AaABAg,https://www.youtube.com/watch?v=TapC28fhANQ&lc=UgxPUCdecDeGIRwt7RB4AaABAg,Afg fielding:👏,@smartlight561,2026-09-21T00:00:00Z,0,
YT2000086,Tommy Paul vs Roman Burruchaga (2026 Houston Final),Tennis,,Tommy Paul vs Roman Burruchaga For The Title 🏆 | Houston 2026 Final Highlights,YPJzLCm5qKI,https://www.youtube.com/watch?v=YPJzLCm5qKI,Tennis TV,UCbcxFkd6B9xUU54InHv4Tig,UgwtWDTltGW5Q0fKUsp4AaABAg,https://www.youtube.com/watch?v=YPJzLCm5qKI&lc=UgwtWDTltGW5Q0fKUsp4AaABAg,Wish there was footage of the full match somewhere? A total classic that I watched in real time. One of those matches that's just great to keep for watching again on a rainy day. 👍,@craigphillips7653,2026-05-23T00:00:00Z,0,
YT2000087,2026 Canadian Grand Prix,Formula 1,2026-05-24,Fans React to the 2026 Canadian Grand Prix,MfGFEzeee54,https://www.youtube.com/watch?v=MfGFEzeee54,Kr1s,UCz-llHGeBJB06SA6g-Q_JKA,UgzSU81vQYIVonU4tIB4AaABAg,https://www.youtube.com/watch?v=MfGFEzeee54&lc=UgzSU81vQYIVonU4tIB4AaABAg,Where is Gary becoming 2D?,@krisgordon3116,2026-08-23T00:00:00Z,0,
YT2000088,2025-26 EuroLeague Season Plays,Basketball,,Top 10 PLAYS of the Season | EuroLeague Basketball 2025-26,Gnq_Nhv-ZAM,https://www.youtube.com/watch?v=Gnq_Nhv-ZAM,EUROLEAGUE BASKETBALL,UCGr3nR_XH9r6E5b09ZJAT9w,UgxCLUp9pOHT435JwR14AaABAg,https://www.youtube.com/watch?v=Gnq_Nhv-ZAM&lc=UgxCLUp9pOHT435JwR14AaABAg,are you kidding us?where is olympiakos?,@lefteriskrem,2026-08-23T00:00:00Z,1,
YT2000089,2026 European Athletics Championships Men’s 4x100m Relay,Athletics,,EVERY Race Men's 4x100m Relay European Athletics Championships 2026 | Heats & Final,tjXxk7FCeac,https://www.youtube.com/watch?v=tjXxk7FCeac,European Athletics,UCp21zu_8Hd0w9HULooemRCA,UgzRwTFDXn4FV7NTYfh4AaABAg,https://www.youtube.com/watch?v=tjXxk7FCeac&lc=UgzRwTFDXn4FV7NTYfh4AaABAg,Man if Jacobs and Ali were fit Italy could have done very well,@13131Toni,2026-09-22T00:00:00Z,1,
YT2000090,Kodai Naraoka vs Alex Lanier (2026 BWF World Championships Final),Badminton,,BWF World Championships 2026 | Kodai Naraoka (JPN) [10] vs Alex Lanier (FRA) [9] | F,go2uajSiBnE,https://www.youtube.com/watch?v=go2uajSiBnE,BWF TV,UChh-akEbUM8_6ghGVnJd6cQ,UgyZ5JEW66rXePqKWtN4AaABAg,https://www.youtube.com/watch?v=go2uajSiBnE&lc=UgyZ5JEW66rXePqKWtN4AaABAg,"奈良岡今回どうしちゃったんだろ。
とんでもなく雑魚じゃん",@COSMICDREAMER-ID,2026-09-09T00:00:00Z,0,
YT2000091,Hungary vs Latvia (2026 IIHF Men’s World Championship),Hockey,,Highlights: Hungary vs Latvia | 2026 #MensWorlds,dhgqnUsBfBk,https://www.youtube.com/watch?v=dhgqnUsBfBk,IIHF,UCtmgna7qB0oQF2oOcVgndbw,Ugyn0eibMmDQFxsEpFB4AaABAg,https://www.youtube.com/watch?v=dhgqnUsBfBk&lc=Ugyn0eibMmDQFxsEpFB4AaABAg,"2:35 against the backboard pass to himself, that's some NBA stuff 😅👌",@UselessGlobal,2026-06-23T00:00:00Z,0,
YT2000092,Abdullah Mason vs Ornelas (2026 Boxing),Boxing,,Abdullah Mason DROPS Ornelas Repeatedly in Brutal Win,d6A3cVkIKGc,https://www.youtube.com/watch?v=d6A3cVkIKGc,Top Rank Boxing,UCbzRzJNHx7ZLlJML9BjZQVQ,UgxXzvpDAHWm02xKp9Z4AaABAg,https://www.youtube.com/watch?v=d6A3cVkIKGc&lc=UgxXzvpDAHWm02xKp9Z4AaABAg,Ornelas took a knee because sometimes when you get hit so hard you lose your vision for a few seconds. I felt what he was going through,@suleymanmohamed1018,2026-08-23T00:00:00Z,0,
YT2000093,ONE Friday Fights 169,MMA,,ONE Friday Fights 169 Highlights 💥🥊,RwqvQX9iDJE,https://www.youtube.com/watch?v=RwqvQX9iDJE,ONE Championship,UCiormkBf3jm6mfb7k0yPbKA,UgyEf47d1Q18Lu_7EbF4AaABAg,https://www.youtube.com/watch?v=RwqvQX9iDJE&lc=UgyEf47d1Q18Lu_7EbF4AaABAg,日本のエンタメと違って、Oneは素晴らしい👍,@aaa-d2e5f,2026-09-14T00:00:00Z,0,
YT2000094,2026 Biltmore Championship,Golf,,"PGA Tour Highlights: 2026 Biltmore Championship Asheville, Final Round | Golf Channel",rL6FUtWrgjA,https://www.youtube.com/watch?v=rL6FUtWrgjA,Golf Channel,UC5igJFdBQVqg7hXFI7075OQ,Ugw85pgvz-sDCSy9YCt4AaABAg,https://www.youtube.com/watch?v=rL6FUtWrgjA&lc=Ugw85pgvz-sDCSy9YCt4AaABAg,Great job this is Lex,@LexMohon,2026-09-22T00:00:00Z,0,
YT2000095,2026 Green Mountain Championship,Disc Golf,,Final Round Highlights | MPO | 2026 Green Mountain Championship,UoebFpL95VE,https://www.youtube.com/watch?v=UoebFpL95VE,Disc Golf Pro Tour,UCw0WzNn6m2Na6ZW7rKqWI3g,Ugxlemg59X0AHw2X88Z4AaABAg,https://www.youtube.com/watch?v=UoebFpL95VE&lc=Ugxlemg59X0AHw2X88Z4AaABAg,"He was in command and really made it look easy. Wanted the win and just went and took it. Awesome moment with the wife showing up. All on one of the most beautiful courses in disc golf. Congrats, Raven!🫡",@Flint_Hyzermatic,2026-09-21T15:00:00Z,0,
YT2000096,Japan vs USA (2026 Men’s VNL Semifinal),Volleyball,,Japan 🇯🇵 vs. USA 🇺🇸 - Semi Final | Highlights | Men's VNL 2026,Cvj9Q6fYu3s,https://www.youtube.com/watch?v=Cvj9Q6fYu3s,Volleyball World,UCNMg6XDhRZI2QzL4pWOvP_w,UgwZpgMcNPeNrLIXAzR4AaABAg,https://www.youtube.com/watch?v=Cvj9Q6fYu3s&lc=UgwZpgMcNPeNrLIXAzR4AaABAg,"Man give something to that japnese libero, he was outstanding this match.",@yaduyadav---,2026-09-20T00:00:00Z,1,
YT2000097,Hurricanes vs Blues (2026 Super Rugby Pacific),Rugby,,HURRICANES v BLUES | Rd 9 Highlights | Super Rugby Pacific 2026,TLq0hc3Oxtg,https://www.youtube.com/watch?v=TLq0hc3Oxtg,Super Rugby Pacific,UCDOGExGCsrrt_RrGDgLuMww,Ugz4ZBETmhsb43APAs94AaABAg,https://www.youtube.com/watch?v=TLq0hc3Oxtg&lc=Ugz4ZBETmhsb43APAs94AaABAg,No defending…,@dominicbritt,2026-04-23T00:00:00Z,0,
YT2000098,Napoli vs Arsenal (2026 UEFA Champions League),Football,,Napoli vs. Arsenal: Extended Highlights | UCL League Phase MD 1 | CBS Sports Golazo,7HFHdzIMgZ8,https://www.youtube.com/watch?v=7HFHdzIMgZ8,CBS Sports Golazo,UCET00YnetHT7tOpu12v8jxg,UgxgdBXUC2yTy6-5eId4AaABAg,https://www.youtube.com/watch?v=7HFHdzIMgZ8&lc=UgxgdBXUC2yTy6-5eId4AaABAg,Odergaard is class,@mastershotznv,2026-09-18T00:00:00Z,0,
YT2000099,"Afghanistan vs India (2026 T20I Series, Match 2)",Cricket,,Full Match Highlights | Afghanistan vs India | Match 02 | T20I Series 2026 | ACB | M9N1J,svAuradtMZw,https://www.youtube.com/watch?v=svAuradtMZw,Sports Central by DRM,UC-fzWbU1zavz77kP1gPPdSg,UgwU5w-CmGyMGvA_2s94AaABAg,https://www.youtube.com/watch?v=svAuradtMZw&lc=UgwU5w-CmGyMGvA_2s94AaABAg,"althese reddy arshdeep    these r ipl bowler 

bhuwanewor shami      >>>   alll these ashdeep reddy. 


once hardik is back reddy dont even deserve boh bat and bowl wise.....    if bhuvi is back arshdeep doesn  eveb stand a  chance",@AashishGurung-n1l,2026-09-19T00:00:00Z,0,
YT2000100,Jannik Sinner vs Jiri Lehecka (2026 Miami Final),Tennis,,Jannik Sinner vs Jiri Lehecka For The Title 🏆 | Miami 2026 Final Highlights,qWXm2tzc6OY,https://www.youtube.com/watch?v=qWXm2tzc6OY,Tennis TV,UCbcxFkd6B9xUU54InHv4Tig,UgwkCcMVyGVoWmh-qSh4AaABAg,https://www.youtube.com/watch?v=qWXm2tzc6OY&lc=UgwkCcMVyGVoWmh-qSh4AaABAg,"МАЖУ МАЗИ С СОСТАВОМ КЛОСТЕБОЛ, ДОРОГО!!! НА ПОЛ ГОДА МОГУ ОФИЦИАЛЬНО ИЗВиНИТЬСЯ ЕСТЬ ПОДОБИЕ ЛИЦА 😂",@Рлрплр-щ7ф,2026-05-23T00:00:00Z,0,
YT2000101,2026 Barcelona-Catalunya Grand Prix,Formula 1,2026-06-14,Our 2026 Barcelona-Catalunya Grand Prix Race Review,0jVk2QviEog,https://www.youtube.com/watch?v=0jVk2QviEog,P1 with Matt & Tommy,UCD5jAyCSDRR5yTgswfDbK8w,UgxtGS7tvgDgOKTAoRV4AaABAg,https://www.youtube.com/watch?v=0jVk2QviEog&lc=UgxtGS7tvgDgOKTAoRV4AaABAg,"Don't joke about Charles losing his seat.  All the media are attacking him right now.  As soon as a driver has a couple of bad races people start writing them off.  It's the same with Russell.  It was the same with Hamilton last year.  Let's face it, he's had technical issues with the car.  2 DNF's that were either completely due to the car or in part due to the car.  Added to that the car has been totally built around Hamilton's driving style.  It's evident that Hamilton has a lot of sway at Ferrari and I don't think Charles has had any power in that team...ever.",@alarchwen6123,2026-06-23T00:00:00Z,0,
YT2000102,Real Madrid vs Olympiacos (2026 EuroLeague SuperCup),Basketball,,A FINAL TO REMEMBER! | Real Madrid vs Olympiacos | Euroleague Basketball SuperCup,AEqOzTt3y0o,https://www.youtube.com/watch?v=AEqOzTt3y0o,EUROLEAGUE BASKETBALL,UCGr3nR_XH9r6E5b09ZJAT9w,Ugy5vY8bUIZlC-o-xdx4AaABAg,https://www.youtube.com/watch?v=AEqOzTt3y0o&lc=Ugy5vY8bUIZlC-o-xdx4AaABAg,"Πάλι με τα ψέμματα πήγαν να το γυρίσουν, αλλά δεν είναι κάθε μέρα τ αγιαννιού...",@Dionysis-d2v,2026-09-22T10:00:00Z,0,
YT2000103,"Italy Gold Highlights, 2026 European Athletics Championships",Athletics,,ITALIA 🇮🇹 Every Gold Highlights | Birmingham 2026 European Athletics Championships,YKRgXPIqK7s,https://www.youtube.com/watch?v=YKRgXPIqK7s,European Athletics,UCp21zu_8Hd0w9HULooemRCA,UgzjOU3QS9z5ba97dlV4AaABAg,https://www.youtube.com/watch?v=YKRgXPIqK7s&lc=UgzjOU3QS9z5ba97dlV4AaABAg,Penati 🥹💪🏻,@AleCaptain,2026-09-17T00:00:00Z,0,
YT2000104,An Se Young vs Wang Zhi Yi (2026 BWF World Championships Semifinal),Badminton,,BWF World Championships 2026 | An Se Young (KOR) [1] vs Wang Zhi Yi (CHN) [3] | SF,7XPUAD74usE,https://www.youtube.com/watch?v=7XPUAD74usE,BWF TV,UChh-akEbUM8_6ghGVnJd6cQ,UgyUBQX8coIHbTOe_214AaABAg,https://www.youtube.com/watch?v=7XPUAD74usE&lc=UgyUBQX8coIHbTOe_214AaABAg,ASY  GOAT,@밍기적af,2026-09-09T00:00:00Z,10,
YT2000105,Canada vs Norway (2026 IIHF Men’s World Championship),Hockey,,Highlights: Canada vs Norway | 2026 #MensWorlds,OOpKz9itTzs,https://www.youtube.com/watch?v=OOpKz9itTzs,IIHF,UCtmgna7qB0oQF2oOcVgndbw,Ugw0BxxocZH3RoYT3v54AaABAg,https://www.youtube.com/watch?v=OOpKz9itTzs&lc=Ugw0BxxocZH3RoYT3v54AaABAg,Koblar !,@DV8R_IRL,2026-08-23T00:00:00Z,0,
YT2000106,Legendary Boxing Fights Collection,Boxing,,"12 Hours of Legendary Fights | Mayweather, Ali, Inoue & More",4GCNfWec-30,https://www.youtube.com/watch?v=4GCNfWec-30,Top Rank Boxing,UCbzRzJNHx7ZLlJML9BjZQVQ,UgxNlxoi7VOVLxY0fgV4AaABAg,https://www.youtube.com/watch?v=4GCNfWec-30&lc=UgxNlxoi7VOVLxY0fgV4AaABAg,Duran v moore was a war. With the worst commentary ive ever heard.,@alexhuff426,2026-08-23T00:00:00Z,0,
YT2000107,Joshua Pacio vs Mansur Malachiev (ONE Championship),MMA,,Wushu Meets Dagestani Wrestling ⚔️ Joshua Pacio 🇵🇭 vs. Mansur Malachiev 🇷🇺 | MMA Full Fight,fW2PNH4L-DU,https://www.youtube.com/watch?v=fW2PNH4L-DU,ONE Championship,UCiormkBf3jm6mfb7k0yPbKA,Ugx0nLQ8pQV_nh3RZOF4AaABAg,https://www.youtube.com/watch?v=fW2PNH4L-DU&lc=Ugx0nLQ8pQV_nh3RZOF4AaABAg,👏🏻👏🏻👏🏻👏🏻👏🏻👏🏻,@MuhammadKhan-v6s7m,2026-09-15T00:00:00Z,0,
YT2000108,2026 PURE Insurance Championship,Golf,,PGA Tour Champions Highlights | PURE Insurance | 2026,CDd42l9fDRg,https://www.youtube.com/watch?v=CDd42l9fDRg,PGA Tour Champions,UCA7NPMCfXmvsGeosBkio52Q,Ugwl2OpMTQpXGa5BYLd4AaABAg,https://www.youtube.com/watch?v=CDd42l9fDRg&lc=Ugwl2OpMTQpXGa5BYLd4AaABAg,Zach is making the Senior Tour look easy.  I guess the long reign of Bernhard Langer is over!  Pebble looks awesome without the grandstands and big crowds.,@ww2remembered983,2026-09-22T01:00:00Z,0,
YT2000109,2026 Green Mountain Championship,Disc Golf,,Final Round Highlights | MPO | 2026 Green Mountain Championship,UoebFpL95VE,https://www.youtube.com/watch?v=UoebFpL95VE,Disc Golf Pro Tour,UCw0WzNn6m2Na6ZW7rKqWI3g,UgzKMpD9q2iIE6jGTm14AaABAg,https://www.youtube.com/watch?v=UoebFpL95VE&lc=UgzKMpD9q2iIE6jGTm14AaABAg,"Got to love how the mvp team is there except for K'aaron. Probably back home crying already since he wasn't needed for the assist this time 😂 For the stans about to say he finished hours ago, when did Smiley finish? :)",@Luffy-344,2026-09-22T00:00:00Z,1,
YT2000110,USA vs Poland (2026 Men’s VNL Final),Volleyball,,USA 🇺🇸 vs. Poland 🇵🇱 - Gold Match | Highlights | Men's VNL 2026 - Final,SAjrSUNCQbc,https://www.youtube.com/watch?v=SAjrSUNCQbc,Volleyball World,UCNMg6XDhRZI2QzL4pWOvP_w,Ugyfh_2APeYdi2rfcRJ4AaABAg,https://www.youtube.com/watch?v=SAjrSUNCQbc&lc=Ugyfh_2APeYdi2rfcRJ4AaABAg,where is kurek,@TL....,2026-09-17T00:00:00Z,0,
YT2000111,South Africa vs New Zealand (2026 Rugby Test),Rugby,,SOUTH AFRICA v NEW ZEALAND | 4th Test Highlights | Rugby's Greatest Rivalry 2026,G3s7nFFiRyk,https://www.youtube.com/watch?v=G3s7nFFiRyk,SANZAAR TV,UCvMgypvk0d5P0K3F3bB19Eg,UgyH41SIvASuKFV47Gl4AaABAg,https://www.youtube.com/watch?v=G3s7nFFiRyk&lc=UgyH41SIvASuKFV47Gl4AaABAg,Felicitaciones Sudáfrica,@GastonSmud,2026-09-21T00:00:00Z,0,
YT2000112,Porto vs Manchester City (2026 UEFA Champions League),Football,,Porto vs. Man. City: Extended Highlights | UCL League Phase MD 1 | CBS Sports Golazo,mXNFbZJdcqY,https://www.youtube.com/watch?v=mXNFbZJdcqY,CBS Sports Golazo,UCET00YnetHT7tOpu12v8jxg,Ugz7aoIr7XbK0z_4B1N4AaABAg,https://www.youtube.com/watch?v=mXNFbZJdcqY&lc=Ugz7aoIr7XbK0z_4B1N4AaABAg,Yo manchester city cooked them out there not even joking that's good,@kellengriffin254,2026-09-22T05:00:00Z,0,
YT2000113,India vs Pakistan (2026 Asia Cup Final),Cricket,,India VS Pakistan Extended Highlights | Asia Cup Final | Channel 9 Sports,GFj5cfzYoEQ,https://www.youtube.com/watch?v=GFj5cfzYoEQ,Channel Nine Sports,UCyDQWHMFMoNVDrdw7Y7jAZQ,UgyXMcsukeXluuty1RV4AaABAg,https://www.youtube.com/watch?v=GFj5cfzYoEQ&lc=UgyXMcsukeXluuty1RV4AaABAg,Every final jaddu always play key inniing,@dhavalchauhan2469,2026-09-16T00:00:00Z,0,
YT2000114,Jannik Sinner vs Alexander Zverev (2026 Madrid Final),Tennis,,Jannik Sinner vs Alexander Zverev For The Title | Madrid 2026 Final Highlights,U111uQCv6yc,https://www.youtube.com/watch?v=U111uQCv6yc,Tennis TV,UCbcxFkd6B9xUU54InHv4Tig,UgzZbsZT79ZlgBFpqoN4AaABAg,https://www.youtube.com/watch?v=U111uQCv6yc&lc=UgzZbsZT79ZlgBFpqoN4AaABAg,Early 2026 Sinner was insane,@mabz158,2026-09-09T00:00:00Z,0,
YT2000115,2026 Australian Grand Prix,Formula 1,2026-03-08,Fans React to the 2026 Australian Grand Prix,uvMholf0zLI,https://www.youtube.com/watch?v=uvMholf0zLI,Kr1s,UCz-llHGeBJB06SA6g-Q_JKA,UgxSbrW9_Boganf0_bx4AaABAg,https://www.youtube.com/watch?v=uvMholf0zLI&lc=UgxSbrW9_Boganf0_bx4AaABAg,"What’s funny is when Charles does the same exact thing as George its the coolest thing ever but when George does it its booohoo regs, I know I’m late but just something I noticed watching this back. Even now you don’t hear people complain about the regs as much a they did at the start when it was a Mercedes 1-2 for breakfast lunch and dinner. Im just saying it sounds kinda hypocritical how “the regs aren’t that bad” now that Mercedes aren’t  as dominant, so was it ever the regs or the fact the you maybe just don’t like Mercedes? Im not gonna lie the regs aren’t the best but I think people dislike Mercedes dominating more, and if that’s the case then it’s fine, but don’t hide behind the regs.",@marzzzz.11,2026-08-23T00:00:00Z,2,
YT2000116,Olympiacos vs Real Madrid (2026 EuroLeague SuperCup Final),Basketball,,OLYMPIACOS takes THE CROWN IN ATHENS | Olympiacos - Real Madrid | CHAMPIONSHIP GAME Highlights 2026,MDWcq_KCkzY,https://www.youtube.com/watch?v=MDWcq_KCkzY,EUROLEAGUE BASKETBALL,UCGr3nR_XH9r6E5b09ZJAT9w,Ugw9uMJC67v0Fh8h0mZ4AaABAg,https://www.youtube.com/watch?v=MDWcq_KCkzY&lc=Ugw9uMJC67v0Fh8h0mZ4AaABAg,Real Madrid el siempre ❤,@Pablo-q3j1y,2026-09-21T00:00:00Z,0,
YT2000117,2026 World Athletics Relays Gaborone,Athletics,,Top 10 Moments from the World Athletics Relays Gaborone 2026,6OeLLKS5EoA,https://www.youtube.com/watch?v=6OeLLKS5EoA,World Athletics,UCQk7fWv15ChjMJLCRVmtApw,UgxfFfGO9UvsywVrHRN4AaABAg,https://www.youtube.com/watch?v=6OeLLKS5EoA&lc=UgxfFfGO9UvsywVrHRN4AaABAg,that anchor leg was unreal! seeing them compete like this at the world athletics relays gaborone 2026 is pure cinema. botswana knew how to show up,@EstelleRueMusic,2026-09-17T00:00:00Z,0,
YT2000118,Alex Lanier vs Kunlavut Vitidsarn (2026 BWF World Championships Quarterfinal),Badminton,,BWF World Championships 2026 | Alex Lanier (FRA) [9] vs Kunlavut Vitidsarn (THA) [2] | QF,bsdgjFX-nhQ,https://www.youtube.com/watch?v=bsdgjFX-nhQ,BWF TV,UChh-akEbUM8_6ghGVnJd6cQ,UgzPCpnEjwYkzTA2upB4AaABAg,https://www.youtube.com/watch?v=bsdgjFX-nhQ&lc=UgzPCpnEjwYkzTA2upB4AaABAg,Who is this annoying woman cheering sound that sounds like screaming every time kulnavut scores in the background? Reminds me of 2019 all England final,@jimyang8824,2026-08-23T00:00:00Z,1,
YT2000119,Canada vs USA (2026 IIHF Men’s World Championship),Hockey,,Highlights: Canada vs USA | 2026 #MensWorlds,gEPn42NmMIs,https://www.youtube.com/watch?v=gEPn42NmMIs,IIHF,UCtmgna7qB0oQF2oOcVgndbw,UgxTi6GS3o3cOb_Jhfd4AaABAg,https://www.youtube.com/watch?v=gEPn42NmMIs&lc=UgxTi6GS3o3cOb_Jhfd4AaABAg,This proves it hockey is our game 🇨🇦🎉,@quinnwerner2753,2026-06-23T00:00:00Z,0,
YT2000120,Teremoana vs Heavyweight Opponent (2026 Matchroom Boxing),Boxing,,Undefeated giant heavyweight Teremoana | Non-Stop KOs | Matchroom Boxing,Q0PKJmMaV_U,https://www.youtube.com/watch?v=Q0PKJmMaV_U,Matchroom Boxing,UC7LReVje9aPB4B6XAsXX8WQ,UgwJh1HnjLwZuUNmBiZ4AaABAg,https://www.youtube.com/watch?v=Q0PKJmMaV_U&lc=UgwJh1HnjLwZuUNmBiZ4AaABAg,Get him in there with joyce or clarke. Anyone that is willing to take a punch without jumping to one knee.,@aayaan5138,2026-09-02T00:00:00Z,0,
YT2000121,Amru Magomedov vs Angel Alvarez (2026 PFL New York),MMA,,A DESTRUCTIVE DISPLAY! | Amru Magomedov v Angel Alvarez - Fight Highlights | PFL New York,MazPHXIWMVk,https://www.youtube.com/watch?v=MazPHXIWMVk,PFL MMA,UCPrONRG9hO1f-OrxW-WH-xg,Ugww0mM9VQ6G7G8188t4AaABAg,https://www.youtube.com/watch?v=MazPHXIWMVk&lc=Ugww0mM9VQ6G7G8188t4AaABAg,I love this guy. Choosing a ground and pound instead of looking for submission.,@Avdol-S,2026-09-02T00:00:00Z,0,
YT2000122,2026 BMW PGA Championship,Golf,,Round 4 Highlights | 2026 BMW PGA Championship,gQZomCyCWuw,https://www.youtube.com/watch?v=gQZomCyCWuw,DP World Tour,UCvZwbZt6YZQ4wj_7qyjPDZw,UgzKuTpt577seGyR4dV4AaABAg,https://www.youtube.com/watch?v=gQZomCyCWuw&lc=UgzKuTpt577seGyR4dV4AaABAg,"Highlights ????? The highlights is not just a random collection of great golf shots (which are not even correctly sequenced btw) with no coherent narrative and the key moments left out. Abysmal editing, amateur hour stuff.",@dbquek,2026-09-22T06:00:00Z,1,
YT2000123,2026 Green Mountain Championship,Disc Golf,,Final Round Highlights | MPO | 2026 Green Mountain Championship,UoebFpL95VE,https://www.youtube.com/watch?v=UoebFpL95VE,Disc Golf Pro Tour,UCw0WzNn6m2Na6ZW7rKqWI3g,UgxaxzHNYTNcCt6Ea6l4AaABAg,https://www.youtube.com/watch?v=UoebFpL95VE&lc=UgxaxzHNYTNcCt6Ea6l4AaABAg,This video is well made I did not expect it to be this good.,@AustinSwenson-m7s,2026-09-22T00:00:00Z,0,
YT2000124,Italy vs Denmark (2026 CEV EuroVolley),Volleyball,,Highlights | Italy vs. Denmark | CEV Enel EuroVolley 2026 Men | Eight Finals,JK_IC9hRAMg,https://www.youtube.com/watch?v=JK_IC9hRAMg,European Volleyball,UC8XRC858pOERvclUDb_d7rg,UgyYRBdIuQZ1sdqdECJ4AaABAg,https://www.youtube.com/watch?v=JK_IC9hRAMg&lc=UgyYRBdIuQZ1sdqdECJ4AaABAg,The DJ was the MVP of the match 🎵 🎼,@asevado,2026-09-22T03:00:00Z,0,
YT2000125,England vs Fiji (2026 Nations Championship),Rugby,,England v Fiji highlights | 2026 Nations Championship,4tewDq2UAtI,https://www.youtube.com/watch?v=4tewDq2UAtI,England Rugby,UCmi7CahP3G3YySOAFOfSnkw,Ugx6bGuby0xOwZBKlax4AaABAg,https://www.youtube.com/watch?v=4tewDq2UAtI&lc=Ugx6bGuby0xOwZBKlax4AaABAg,Pollock is a clown.,@Bloubul-Naas-en-Danie,2026-07-23T00:00:00Z,0,
YT2000126,Barcelona vs Feyenoord (2026 UEFA Champions League),Football,,HIGHLIGHTS | FC BARCELONA 5 vs 1 FEYENOORD | UEFA CHAMPIONS LEAGUE 26/27 🔵🔴,XqSrz6MKVlk,https://www.youtube.com/watch?v=XqSrz6MKVlk,FC Barcelona,UC14UlmYlSNiQCBe9Eookf_A,UgzrklCXOiTro-jSvKV4AaABAg,https://www.youtube.com/watch?v=XqSrz6MKVlk&lc=UgzrklCXOiTro-jSvKV4AaABAg,free kick so good it caused me an exestensial crisis,@IMTS3747,2026-09-22T10:00:00Z,0,
YT2000127,India vs Japan (2026 T20I),Cricket,,India vs Japan T20 Match Full Highlights 2026 | India vs Japan Highlights,AcDMlgbrcK4,https://www.youtube.com/watch?v=AcDMlgbrcK4,Cricket Expert,UCWSCF-pqjmfIM4Dmxwh0ViQ,UgxOpZ7DOukHvZH3ywB4AaABAg,https://www.youtube.com/watch?v=AcDMlgbrcK4&lc=UgxOpZ7DOukHvZH3ywB4AaABAg,😂😂😂 India 😂😂😂,@vickyy205,2026-09-22T13:41:00Z,0,
YT2000128,Peyton Stearns vs Iva Jovic (2026 Guadalajara Final),Tennis,,Peyton Stearns vs. Iva Jovic  | 2026 Guadalajara Final | WTA Match Highlights,CgTatzO1WpQ,https://www.youtube.com/watch?v=CgTatzO1WpQ,WTA,UCaBIVVpHjq6j3tSyxwTE-8Q,Ugx-pashqrXdsaxc1914AaABAg,https://www.youtube.com/watch?v=CgTatzO1WpQ&lc=Ugx-pashqrXdsaxc1914AaABAg,"Good game Peyton and Iva!!
👏👏👏👌👍👌👍🤩🤩✌️💞🇵🇭🎉🎉",@elmushaw2367,2026-09-21T16:00:00Z,1,
YT2000129,2026 Italian Grand Prix,Formula 1,2026-09-06,Fans React to the 2026 Italian Grand Prix,ah1bbvzWhPE,https://www.youtube.com/watch?v=ah1bbvzWhPE,Kr1s,UCz-llHGeBJB06SA6g-Q_JKA,UgwpXBvWz0l4WTTPBFd4AaABAg,https://www.youtube.com/watch?v=ah1bbvzWhPE&lc=UgwpXBvWz0l4WTTPBFd4AaABAg,"Once again Thank you editor!!!
(I Was late to this)",@crystalcandy04,2026-09-14T00:00:00Z,0,
YT2000130,Zalgiris vs Olympiacos (2025-26 EuroLeague),Basketball,,DOUBLE-OVERTIME Drama in Kaunas | Zalgiris - Olympiacos | R29 BASKETBALL HIGHLIGHTS 2025-26,9V96SKrVgR0,https://www.youtube.com/watch?v=9V96SKrVgR0,EUROLEAGUE BASKETBALL,UCGr3nR_XH9r6E5b09ZJAT9w,Ugz-uRuq34oJeedwAEJ4AaABAg,https://www.youtube.com/watch?v=9V96SKrVgR0&lc=Ugz-uRuq34oJeedwAEJ4AaABAg,Priėjo olympiaco bu žalgiris jė,@VainiusKanišauskas,2026-08-23T00:00:00Z,0,
YT2000131,2026 World Athletics Ultimate Championship Day 1,Athletics,,Day 1 Full Highlights | World Athletics Ultimate Championship,yaw5_mUtsLE,https://www.youtube.com/watch?v=yaw5_mUtsLE,World Athletics,UCQk7fWv15ChjMJLCRVmtApw,UgyWShHUNFDxRD9Zt0R4AaABAg,https://www.youtube.com/watch?v=yaw5_mUtsLE&lc=UgyWShHUNFDxRD9Zt0R4AaABAg,Excelentes atletas 🎉🎉🎉,@ELVIs-fw4re,2026-09-19T00:00:00Z,0,
YT2000132,Chia/Soh vs Liang/Wang (2026 BWF World Championships Final),Badminton,,BWF World Championships 2026 | Chia/Soh (MAS) [4] vs Liang/Wang (CHN) [3] | F,OyTqFMdLb_U,https://www.youtube.com/watch?v=OyTqFMdLb_U,BWF TV,UChh-akEbUM8_6ghGVnJd6cQ,Ugx1Eq5zoU0M3TZchMF4AaABAg,https://www.youtube.com/watch?v=OyTqFMdLb_U&lc=Ugx1Eq5zoU0M3TZchMF4AaABAg,Adoi badi betul jumpa pair yg ni.. susah nak lepas,@missrk9429,2026-09-21T00:00:00Z,0,
YT2000133,Switzerland vs Finland (2026 IIHF Men’s World Championship),Hockey,,Highlights: Switzerland vs Finland | 2026 #MensWorlds,HIpHZ_vblSo,https://www.youtube.com/watch?v=HIpHZ_vblSo,IIHF,UCtmgna7qB0oQF2oOcVgndbw,UgweN8R9Qo2AnQbvpWl4AaABAg,https://www.youtube.com/watch?v=HIpHZ_vblSo&lc=UgweN8R9Qo2AnQbvpWl4AaABAg,"finsh goalia half of team.,,,,calm",@jounimaenpaa7507,2026-09-12T00:00:00Z,0,
YT2000134,Rolly Romero vs Ryan Garcia (2026 Boxing),Boxing,,Fight Highlights | Rolly Romero Stuns Ryan Garcia | Matchroom Boxing,CWUVyUtDivQ,https://www.youtube.com/watch?v=CWUVyUtDivQ,Matchroom Boxing,UC7LReVje9aPB4B6XAsXX8WQ,UgwGVK-jb5kqVlKiHl14AaABAg,https://www.youtube.com/watch?v=CWUVyUtDivQ&lc=UgwGVK-jb5kqVlKiHl14AaABAg,Bro Ryan was scared asf rolly Romero was bouncing with his hands down Ryan had a free shot and Ryan was really throwing a jab like bro but when it was Conner Ben Ryan was actually trying,@JJTheGoat-21k,2026-09-22T00:00:00Z,1,
YT2000135,Justin Clarke vs Abdoulaye Kane (2026 PFL Africa),MMA,,RUTHLESS Heavyweight Fight!! | Justin Clarke v Abdoulaye Kane | Full Fight | PFL Africa 1 2026,rAAW2ORZnwo,https://www.youtube.com/watch?v=rAAW2ORZnwo,PFL MMA,UCPrONRG9hO1f-OrxW-WH-xg,Ugw4oFpFxMrXR0VKhTV4AaABAg,https://www.youtube.com/watch?v=rAAW2ORZnwo&lc=Ugw4oFpFxMrXR0VKhTV4AaABAg,That was a great fight but the ref stopped it way too early that big ass dude could of took a few more shots and the round was almost over anyway so I’m pretty sure he could’ve held on till the bell,@anthonybracco2145,2026-08-23T00:00:00Z,0,
YT2000136,2026 BMW PGA Championship Final Round,Golf,,Final Round DRAMA at Wentworth | 2026 BMW PGA Championship,fJWYN9Sk7wo,https://www.youtube.com/watch?v=fJWYN9Sk7wo,DP World Tour,UCvZwbZt6YZQ4wj_7qyjPDZw,UgwB8voGX-b_HC-FfXt4AaABAg,https://www.youtube.com/watch?v=fJWYN9Sk7wo&lc=UgwB8voGX-b_HC-FfXt4AaABAg,I’m shocked they didn’t put their propped up Princess as the thumb nail,@swflfishing2902,2026-09-22T11:00:00Z,0,
YT2000137,2026 Green Mountain Championship,Disc Golf,,Final Round Highlights | MPO | 2026 Green Mountain Championship,UoebFpL95VE,https://www.youtube.com/watch?v=UoebFpL95VE,Disc Golf Pro Tour,UCw0WzNn6m2Na6ZW7rKqWI3g,UgzXCNk9rNi14SkPCYN4AaABAg,https://www.youtube.com/watch?v=UoebFpL95VE&lc=UgzXCNk9rNi14SkPCYN4AaABAg,Damn.   What a performance from Newsom.,@ScottSmith-vc5vf,2026-09-22T00:00:00Z,0,
YT2000138,Belgium vs Czechia (2026 CEV EuroVolley),Volleyball,,Highlights | BELGIUM vs. CZECHIA | CEV Enel EuroVolley 2026 Men | Eight Finals,PW7s66Q3ZPk,https://www.youtube.com/watch?v=PW7s66Q3ZPk,European Volleyball,UC8XRC858pOERvclUDb_d7rg,Ugy3PJYKUeR4A3MAAHB4AaABAg,https://www.youtube.com/watch?v=PW7s66Q3ZPk&lc=Ugy3PJYKUeR4A3MAAHB4AaABAg,Deroo 6:43 middle attack xD,@vbxdxdvb,2026-09-22T08:00:00Z,2,
YT2000139,Wallabies vs France (2026 Nations Championship),Rugby,,Wallabies v France Highlights | Nations Championship 2026 | Round 2,qKCIZyiqjbc,https://www.youtube.com/watch?v=qKCIZyiqjbc,Wallabies,UC4Y6lpmGz2rkbOVdrOhjgvQ,UgwsX4QXKW-Huu4fH7J4AaABAg,https://www.youtube.com/watch?v=qKCIZyiqjbc&lc=UgwsX4QXKW-Huu4fH7J4AaABAg,Ag Australia se mase poes,@CobusMay-l1k,2026-07-23T00:00:00Z,0,
YT2000140,Manchester City vs Sunderland (2026 Premier League),Football,,EXTENDED HIGHLIGHTS | Man City 5-3 Sunderland | A Premier League Classic at the Etihad!,dVFiXhUKXmI,https://www.youtube.com/watch?v=dVFiXhUKXmI,Man City,UCkzCjdRMrW2vXLx8mvPVLdQ,UgyktjUgNIqXvmrNZpN4AaABAg,https://www.youtube.com/watch?v=dVFiXhUKXmI&lc=UgyktjUgNIqXvmrNZpN4AaABAg,King 🩵,@BilalSaleh-b2i,2026-09-22T13:32:00Z,0,
YT2000141,"Afghanistan vs India (2026 T20I Series, Match 3)",Cricket,,Match Highlights | Afghanistan vs India | Match 03 | T20I Series 2026 | ACB | M9N1J,CJU-fIbr8Vk,https://www.youtube.com/watch?v=CJU-fIbr8Vk,Sports Central by DRM,UC-fzWbU1zavz77kP1gPPdSg,UgyIJttHokJcfjMCW6d4AaABAg,https://www.youtube.com/watch?v=CJU-fIbr8Vk&lc=UgyIJttHokJcfjMCW6d4AaABAg,1v1 pro vs bot 🤖,@naimatullahofficial01,2026-09-20T00:00:00Z,0,
YT2000142,Donna Vekic vs Xinyu Wang (2026 Singapore),Tennis,,Donna Vekic vs. Xinyu Wang | 2026 Singapore Round 1 | WTA Match Highlights,q4_xHFJv1eg,https://www.youtube.com/watch?v=q4_xHFJv1eg,WTA,UCaBIVVpHjq6j3tSyxwTE-8Q,UgxS9gDA7UNQTAsdfN14AaABAg,https://www.youtube.com/watch?v=q4_xHFJv1eg&lc=UgxS9gDA7UNQTAsdfN14AaABAg,Xinyu ❤❤❤❤,@MichealAndretti,2026-09-22T13:53:00Z,0,
YT2000143,2026 Chinese Grand Prix,Formula 1,2026-03-15,Fans React to the 2026 Chinese Grand Prix,77NaHUPQZto,https://www.youtube.com/watch?v=77NaHUPQZto,Kr1s,UCz-llHGeBJB06SA6g-Q_JKA,Ugy924GfolZtMDqNOhN4AaABAg,https://www.youtube.com/watch?v=77NaHUPQZto&lc=Ugy924GfolZtMDqNOhN4AaABAg,36:41 - Monza 2026 ...,@SIXITHS,2026-09-13T00:00:00Z,0,
YT2000144,Dubai Basketball vs Real Madrid (2026 EuroLeague SuperCup),Basketball,,FROM 16 DOWN TO VICTORY! | Dubai Basketball vs Real Madrid | Euroleague Basketball SuperCup,hSAsSbKH7T8,https://www.youtube.com/watch?v=hSAsSbKH7T8,EUROLEAGUE BASKETBALL,UCGr3nR_XH9r6E5b09ZJAT9w,Ugz0D-XglAPlDI9tMK14AaABAg,https://www.youtube.com/watch?v=hSAsSbKH7T8&lc=Ugz0D-XglAPlDI9tMK14AaABAg,"Dubai ni un título ,pase que jueguen Euroliga ,pero título ninguno .",@pedroviriato9356,2026-09-21T00:00:00Z,0,
YT2000145,2026 European Athletics Championships Day 1,Athletics,,Day One Highlights | Birmingham 2026 European Athletics Championships,HBzZeY_kr_4,https://www.youtube.com/watch?v=HBzZeY_kr_4,European Athletics,UCp21zu_8Hd0w9HULooemRCA,UgyaJIV_F4JtLu6TOjV4AaABAg,https://www.youtube.com/watch?v=HBzZeY_kr_4&lc=UgyaJIV_F4JtLu6TOjV4AaABAg,"Jimmy Gressier let him pass. His pace dropped off really fast... It was a fix...
This race should be cancelled...",@Fabio41321,2026-08-23T00:00:00Z,0,
YT2000146,Lakshya Sen vs Lin Chun-Yi (2026 All England Open),Badminton,,YONEX All England Open 2026 | Lakshya Sen (IND) vs Lin Chun-Yi (TPE) | F,7Q5JTy88JfQ,https://www.youtube.com/watch?v=7Q5JTy88JfQ,BWF TV,UChh-akEbUM8_6ghGVnJd6cQ,UgyMHguciA_9urlKpah4AaABAg,https://www.youtube.com/watch?v=7Q5JTy88JfQ&lc=UgyMHguciA_9urlKpah4AaABAg,Are those lads cheering for Sen ?,@sureshmoirangthem6435,2026-09-02T00:00:00Z,0,
YT2000147,Slovakia vs Czechia (2026 IIHF Men’s World Championship),Hockey,,Highlights: Slovakia vs Czechia | 2026 #MensWorlds,i9HSH4dvZg8,https://www.youtube.com/watch?v=i9HSH4dvZg8,IIHF,UCtmgna7qB0oQF2oOcVgndbw,Ugx6mnzvnk6hJZcux554AaABAg,https://www.youtube.com/watch?v=i9HSH4dvZg8&lc=Ugx6mnzvnk6hJZcux554AaABAg,"Dať víťazný gol v hokeji nohou, ktorú český hráč okate a jasne natiahol, natočil a nasmeroval puk do našej bránky je nielen porušením pravidiel, ale aj fair play. Ten gol vôbec nemal platiť, nabudúce ho dajú rukou? Rozhodcovia by mali byť potrestaní za porušenie pravidiel.",@tiborfojcik3259,2026-06-23T00:00:00Z,0,
YT2000148,Bam Rodriguez vs Vargas (2026 Boxing),Boxing,,Bam Rodriguez Knocks Out Vargas To Become Three-Weight World Champ | Matchroom Boxing,5i51aZYjocM,https://www.youtube.com/watch?v=5i51aZYjocM,Matchroom Boxing,UC7LReVje9aPB4B6XAsXX8WQ,UgxNMsC2udP8tnnleaR4AaABAg,https://www.youtube.com/watch?v=5i51aZYjocM&lc=UgxNMsC2udP8tnnleaR4AaABAg,Swak na swak sa bodyshot ni inoue,@AisaCodonera-dl5ie,2026-08-23T00:00:00Z,0,
YT2000149,2026 PFL Africa: Nigeria,MMA,,2026 PFL Africa: Nigeria | Full Event,uIYQboeQ7do,https://www.youtube.com/watch?v=uIYQboeQ7do,PFL MMA,UCPrONRG9hO1f-OrxW-WH-xg,Ugyl4fgLdyjhmUPrYJx4AaABAg,https://www.youtube.com/watch?v=uIYQboeQ7do&lc=Ugyl4fgLdyjhmUPrYJx4AaABAg,Really good event,@alinahart1239,2026-06-23T00:00:00Z,0,
YT2000150,2026 Biltmore Championship,Golf,,PGA Tour Highlights | Final Round | Biltmore Championship | 2026,SwVHCOFT7Wc,https://www.youtube.com/watch?v=SwVHCOFT7Wc,PGA Tour,UCKwGZZMrhNYKzucCtTPY2Nw,UgygumVSffozbmJ6mrh4AaABAg,https://www.youtube.com/watch?v=SwVHCOFT7Wc&lc=UgygumVSffozbmJ6mrh4AaABAg,This 210 yard shot from Bridgeman at 7:33 had 1 ft of curve. Very sweet stuff.,@maynard3legs,2026-09-22T00:00:00Z,0,
YT2000151,2026 Green Mountain Championship,Disc Golf,,Final Round Highlights | MPO | 2026 Green Mountain Championship,UoebFpL95VE,https://www.youtube.com/watch?v=UoebFpL95VE,Disc Golf Pro Tour,UCw0WzNn6m2Na6ZW7rKqWI3g,Ugyj7UQPEIGK9q9NzIZ4AaABAg,https://www.youtube.com/watch?v=UoebFpL95VE&lc=Ugyj7UQPEIGK9q9NzIZ4AaABAg,"Tamm doesn't even look like he is throwing and the disc goes 500ft. How does he do it?  Congrats on your first win, Mainiac!",@bixby9797,2026-09-22T00:00:00Z,0,
YT2000152,Japan vs Iran (2026 AVC Men’s Continental Championship Final),Volleyball,,Japan 🇯🇵 vs. Iran 🇮🇷 - Final | AVC Men's Continental Championships 2026 | Gold Match Highlights,a0iA57_4oCw,https://www.youtube.com/watch?v=a0iA57_4oCw,Volleyball World,UCNMg6XDhRZI2QzL4pWOvP_w,UgzCFJnyNi_yjsD6X-V4AaABAg,https://www.youtube.com/watch?v=a0iA57_4oCw&lc=UgzCFJnyNi_yjsD6X-V4AaABAg,Japan was better. Congrats from Iran❤,@zahirazimi6402,2026-09-22T00:00:00Z,2,
YT2000153,All Blacks vs Lions (2026 Rugby),Rugby,,"MINI MATCH | All Blacks v Lions | Johannesburg, 2026",6MbNY6WCctU,https://www.youtube.com/watch?v=6MbNY6WCctU,All Blacks,UCsAPiUMyBjtKamxYGbSUnLA,UgxbHlZ0fSWpczwSbyN4AaABAg,https://www.youtube.com/watch?v=6MbNY6WCctU&lc=UgxbHlZ0fSWpczwSbyN4AaABAg,"what a narrow win by the All Blacks! 3 remarkable things: 1. The Lions score 5 tries against a national team 2. What a result for a club team, which isn't even the best in SA 3. Finally a ref seeing AB forward passes. One of the most reliable refs now. Good game by Blackadder though, should get more playtime",@Cephaeus,2026-09-02T00:00:00Z,0,
YT2000154,Brentford vs Chelsea (2026 Premier League),Football,2026-09-18,Brentford 3-0 Chelsea | HIGHLIGHTS | Premier League 2026/27,gwrydB4FO_Y,https://www.youtube.com/watch?v=gwrydB4FO_Y,Chelsea Football Club,UCU2PacFf99vhb3hNiYDmxww,Ugw5QaNv12_V7cn1TPB4AaABAg,https://www.youtube.com/watch?v=gwrydB4FO_Y&lc=Ugw5QaNv12_V7cn1TPB4AaABAg,Emiliano Martinez is overrated! Put Sanchez!,@Dr.Lupulo,2026-09-22T13:16:00Z,1,
YT2000155,"Afghanistan vs India (2026 T20I Series, Match 3)",Cricket,,Full Match Highlights | Afghanistan vs India | Match 03 | T20I Series 2026 | ACB | M9N1J,TapC28fhANQ,https://www.youtube.com/watch?v=TapC28fhANQ,Sports Central by DRM,UC-fzWbU1zavz77kP1gPPdSg,Ugyya4319ttqvSyxcFd4AaABAg,https://www.youtube.com/watch?v=TapC28fhANQ&lc=Ugyya4319ttqvSyxcFd4AaABAg,Best player Abhishek Sharma,@UmarFarooq-v5z3v,2026-09-21T00:00:00Z,0,
YT2000156,Alycia Parks vs Mei Yamaguchi (2026 Singapore),Tennis,,Alycia Parks vs. Mei Yamaguchi | 2026 Singapore Round 1 | WTA Match Highlights,tXwyGKvLFrM,https://www.youtube.com/watch?v=tXwyGKvLFrM,WTA,UCaBIVVpHjq6j3tSyxwTE-8Q,UgxbRW4qrqC0dicVpER4AaABAg,https://www.youtube.com/watch?v=tXwyGKvLFrM&lc=UgxbRW4qrqC0dicVpER4AaABAg,"Whenever Alycia plays, she's heavily taped on her shoulder. Is it precautionary or a long term injury",@jaybrownprince9772,2026-09-22T13:57:00Z,1,
YT2000157,2026 Dutch Grand Prix,Formula 1,2026-08-23,Fans React to the 2026 Dutch Grand Prix,NyQ_Ukqyj1s,https://www.youtube.com/watch?v=NyQ_Ukqyj1s,Kr1s,UCz-llHGeBJB06SA6g-Q_JKA,Ugw4wo6Yj80Xmk8ugWt4AaABAg,https://www.youtube.com/watch?v=NyQ_Ukqyj1s&lc=Ugw4wo6Yj80Xmk8ugWt4AaABAg,56:50 what the actual hell is this guy always freakin yelling about man?,@PixelWatchesYoutube,2026-09-09T00:00:00Z,0,
YT2000158,Zalgiris vs Barcelona (2025-26 EuroLeague),Basketball,,Francisco Owned The Fourth | Zalgiris - FC Barcelona | R35 BASKETBALL HIGHLIGHTS 2025-26,Pug9o4wfkMs,https://www.youtube.com/watch?v=Pug9o4wfkMs,EUROLEAGUE BASKETBALL,UCGr3nR_XH9r6E5b09ZJAT9w,Ugy8RQfvZ_7DzN8hVJp4AaABAg,https://www.youtube.com/watch?v=Pug9o4wfkMs&lc=Ugy8RQfvZ_7DzN8hVJp4AaABAg,"7:40 7:12 6:42 5:40

Just beautiful.",@Drambo-k77j,2026-04-23T00:00:00Z,0,
YT2000159,2026 European Athletics Championships Day 5,Athletics,,Day Five Highlights | Birmingham 2026 European Athletics Championships,SVDkKeN8kIU,https://www.youtube.com/watch?v=SVDkKeN8kIU,European Athletics,UCp21zu_8Hd0w9HULooemRCA,UgykSeqH7ky4oMEZmOh4AaABAg,https://www.youtube.com/watch?v=SVDkKeN8kIU&lc=UgykSeqH7ky4oMEZmOh4AaABAg,"Bol, una coraggiosa fuoriclasse, divertendosi negli 800 metri.",@TanoTanino-p8i,2026-08-23T00:00:00Z,1,
YT2000160,China vs France (2026 BWF Thomas Cup Final),Badminton,,BWF Thomas Cup Finals 2026 | China vs France | Final,X-Swcau8laI,https://www.youtube.com/watch?v=X-Swcau8laI,BWF TV,UChh-akEbUM8_6ghGVnJd6cQ,UgzrBD21Ztqn3CJcRhl4AaABAg,https://www.youtube.com/watch?v=X-Swcau8laI&lc=UgzrBD21Ztqn3CJcRhl4AaABAg,Flight 🦦🐟🤪🤪🤪🤪,@pietkapa71piotr99,2026-07-23T00:00:00Z,0,
YT2000161,Finland vs USA (2026 IIHF Men’s World Championship),Hockey,,Highlights: Finland vs USA | 2026 #MensWorlds,5Z4XRREGbmU,https://www.youtube.com/watch?v=5Z4XRREGbmU,IIHF,UCtmgna7qB0oQF2oOcVgndbw,UgwSSnZvVnQaBp8wixt4AaABAg,https://www.youtube.com/watch?v=5Z4XRREGbmU&lc=UgwSSnZvVnQaBp8wixt4AaABAg,"Девочки в принципе сыграли, 😂😂. Вам бы одного Радулова или Кузнецова 😂😂 и смотрел бы весь мир.",@Иосиф-н7ж,2026-07-23T00:00:00Z,0,
YT2000162,Raymond Muratalla vs Andy Cruz (2026 Boxing),Boxing,,Raymond Muratalla Retains World Title vs Andy Cruz | Highlights | Matchroom,5gddebIxomA,https://www.youtube.com/watch?v=5gddebIxomA,Matchroom Boxing,UC7LReVje9aPB4B6XAsXX8WQ,Ugx3Hb5fn1BCvfalARp4AaABAg,https://www.youtube.com/watch?v=5gddebIxomA&lc=Ugx3Hb5fn1BCvfalARp4AaABAg,Por eso no miro el boxeo por qué los americanos siempre tienen ventajas es injusto,@YuniorDelCerroAlvarez,2026-08-23T00:00:00Z,0,
YT2000163,2026 PFL Africa: Pretoria,MMA,,2026 PFL Africa: Pretoria | Full Event,P1eO07hMeSU,https://www.youtube.com/watch?v=P1eO07hMeSU,PFL MMA,UCPrONRG9hO1f-OrxW-WH-xg,UgzE6-xQwl1-76zeCp14AaABAg,https://www.youtube.com/watch?v=P1eO07hMeSU&lc=UgzE6-xQwl1-76zeCp14AaABAg,ban this commentary,@PeytonsYT,2026-07-23T00:00:00Z,0,
YT2000164,2026 Biltmore Championship,Golf,,"PGA Tour Highlights: 2026 Biltmore Championship Asheville, Final Round | Golf Channel",rL6FUtWrgjA,https://www.youtube.com/watch?v=rL6FUtWrgjA,Golf Channel,UC5igJFdBQVqg7hXFI7075OQ,UgzLk2C2oH4KgLuhH0h4AaABAg,https://www.youtube.com/watch?v=rL6FUtWrgjA&lc=UgzLk2C2oH4KgLuhH0h4AaABAg,11 under par for the day! That's just amazing!,@johnhoward1181,2026-09-22T00:00:00Z,0,
YT2000165,2026 Green Mountain Championship,Disc Golf,,Final Round Highlights | MPO | 2026 Green Mountain Championship,UoebFpL95VE,https://www.youtube.com/watch?v=UoebFpL95VE,Disc Golf Pro Tour,UCw0WzNn6m2Na6ZW7rKqWI3g,UgyxoTIYZpBUmT2wlDh4AaABAg,https://www.youtube.com/watch?v=UoebFpL95VE&lc=UgyxoTIYZpBUmT2wlDh4AaABAg,Great to see Matty O’s darkwing duck again,@tpd1399,2026-09-22T00:00:00Z,0,
YT2000166,Slovenia vs Serbia (2026 CEV EuroVolley),Volleyball,,Highlights | SLOVENIA vs. SERBIA | CEV Enel EuroVolley 2026 Men | Eight Finals,4OR3mlRfFDU,https://www.youtube.com/watch?v=4OR3mlRfFDU,European Volleyball,UC8XRC858pOERvclUDb_d7rg,UgwKW4vUmG-p4Tf-W4J4AaABAg,https://www.youtube.com/watch?v=4OR3mlRfFDU&lc=UgwKW4vUmG-p4Tf-W4J4AaABAg,Serbia's coach sucks,@CL000PY,2026-09-22T13:00:00Z,0,
YT2000167,Springboks vs England (2026 Rugby),Rugby,2026-07-04,Springboks v England at Ellis Park | Extended Highlights | 4 July 2026,hS3CsahX3Kc,https://www.youtube.com/watch?v=hS3CsahX3Kc,Official Springbok YouTube,UCVI5iqtQOsWZwtAg1o3SIAQ,UgzEwShxmGaBcv0q56J4AaABAg,https://www.youtube.com/watch?v=hS3CsahX3Kc&lc=UgzEwShxmGaBcv0q56J4AaABAg,I came here after Mike Tindall called England #2 in the world in the wrap up of the RGR2026 series.  NZ would 50 on England if they played today,@MetYsJa,2026-09-21T00:00:00Z,0,
YT2000168,2026 UEFA Champions League Matchday 1,Football,,EVERY Champions League Goal From Matchday 1 | Highlights,DLOUfAVwuXA,https://www.youtube.com/watch?v=DLOUfAVwuXA,UEFA,UCyGa1YEx9ST66rYrJTGIKOw,UgxntqzQ8FIXe9eq3DF4AaABAg,https://www.youtube.com/watch?v=DLOUfAVwuXA&lc=UgxntqzQ8FIXe9eq3DF4AaABAg,👍,@eminshiralizade5686,2026-09-21T00:00:00Z,0,
YT2000169,"Afghanistan vs India (2026 T20I Series, Match 2)",Cricket,,Full Match Highlights | Afghanistan vs India | Match 02 | T20I Series 2026 | ACB | M9N1J,svAuradtMZw,https://www.youtube.com/watch?v=svAuradtMZw,Sports Central by DRM,UC-fzWbU1zavz77kP1gPPdSg,Ugy3hcGQALSJkqUkt7l4AaABAg,https://www.youtube.com/watch?v=svAuradtMZw&lc=Ugy3hcGQALSJkqUkt7l4AaABAg,Who won?,@ManoBilli_rj,2026-09-19T00:00:00Z,0,
YT2000170,Kaitlin Quevedo vs Nadia Podoroska (2026 Sao Paulo Final),Tennis,,Kaitlin Quevedo vs. Nadia Podoroska | 2026 Sao Paulo Final | WTA Match Highlights,paaBBGyLF1A,https://www.youtube.com/watch?v=paaBBGyLF1A,WTA,UCaBIVVpHjq6j3tSyxwTE-8Q,Ugy1_W_JOoy9OYu_ESR4AaABAg,https://www.youtube.com/watch?v=paaBBGyLF1A&lc=Ugy1_W_JOoy9OYu_ESR4AaABAg,YAY for Kaitlyn!! I'm glad the quieter girl won ❤❤🎉🎉😊😊 never heard of either player before so it's kind of good to see new players upping their game at the 250 level,@pei-hsuanli6017,2026-09-22T08:00:00Z,0,
YT2000171,2026 Barcelona-Catalunya Grand Prix,Formula 1,2026-06-14,Fans React to the 2026 Barcelona-Catalunya Grand Prix,thGDQT82t6c,https://www.youtube.com/watch?v=thGDQT82t6c,Kr1s,UCz-llHGeBJB06SA6g-Q_JKA,UgxzypCWRxmQipzua3l4AaABAg,https://www.youtube.com/watch?v=thGDQT82t6c&lc=UgxzypCWRxmQipzua3l4AaABAg,Aint no way she called Hamilton “Lew Lew”😭✌️,@JavinPalafox-b4m,2026-09-13T00:00:00Z,1,
YT2000172,Olympiacos vs Fenerbahce (2026 EuroLeague SuperCup),Basketball,,The LAST FEW MINUTES WERE CRAZY! | Olympiacos vs Fenerbahce Tarfin | Euroleague Basketball SuperCup,3Me3QvbuL2M,https://www.youtube.com/watch?v=3Me3QvbuL2M,EUROLEAGUE BASKETBALL,UCGr3nR_XH9r6E5b09ZJAT9w,UgzF1onLUKoRTSVd7DN4AaABAg,https://www.youtube.com/watch?v=3Me3QvbuL2M&lc=UgzF1onLUKoRTSVd7DN4AaABAg,Where can i watch the replay for free,@willy1986tralara,2026-09-22T00:00:00Z,0,
YT2000173,2026 European Athletics Championships Women’s 200m,Athletics,,"EVERY Race Women's 200m European Athletics Championships 2026 | Heats, Semi-Finals & Final",h3DQIN4CRts,https://www.youtube.com/watch?v=h3DQIN4CRts,European Athletics,UCp21zu_8Hd0w9HULooemRCA,UgyJpfzsRlZTfAx85_N4AaABAg,https://www.youtube.com/watch?v=h3DQIN4CRts&lc=UgyJpfzsRlZTfAx85_N4AaABAg,hunt ❤,@selahattinastan9083,2026-09-21T22:00:00Z,1,
YT2000174,Alex Lanier vs Kunlavut Vitidsarn (2026 BWF World Championships),Badminton,,Alex Lanier vs Kunlavut Vitidsarn | Pressure points and momentum swings,06FN__FMaUc,https://www.youtube.com/watch?v=06FN__FMaUc,BWF TV,UChh-akEbUM8_6ghGVnJd6cQ,UgwoXzniv49F8DN8vMd4AaABAg,https://www.youtube.com/watch?v=06FN__FMaUc&lc=UgwoXzniv49F8DN8vMd4AaABAg,Miss Viktor !,@lardoparado6931,2026-09-02T00:00:00Z,0,
YT2000175,2026 Stanley Cup Final,Hockey,,Best Goals from the 2026 Stanley Cup Final,E4UXPDyRwgQ,https://www.youtube.com/watch?v=E4UXPDyRwgQ,NHL,UCqFMzb-4AUf6WAIbl132QKA,UgyGsiDUOaSIz0IxzGB4AaABAg,https://www.youtube.com/watch?v=E4UXPDyRwgQ&lc=UgyGsiDUOaSIz0IxzGB4AaABAg,The ping on that first shot hit like crack,@facemash,2026-06-23T00:00:00Z,2,
YT2000176,Abdullah Mason vs Ornelas (2026 Boxing),Boxing,,Abdullah Mason DROPS Ornelas Repeatedly in Brutal Win,d6A3cVkIKGc,https://www.youtube.com/watch?v=d6A3cVkIKGc,Top Rank Boxing,UCbzRzJNHx7ZLlJML9BjZQVQ,UgyhLvt7t1v-GYjbV8Z4AaABAg,https://www.youtube.com/watch?v=d6A3cVkIKGc&lc=UgyhLvt7t1v-GYjbV8Z4AaABAg,He still couldn't beat Abdullah even if he trained. And the ref was allowing dude to take a knee every time he felt trouble and Mason took it lightly on him. Stop lying to yourselves,@jeru6722,2026-08-23T00:00:00Z,0,
YT2000177,ONE Friday Fights 171,MMA,,ONE Friday Fights 171 | Explosive Highlights 🔥,dWNc1BdF9Mk,https://www.youtube.com/watch?v=dWNc1BdF9Mk,ONE Championship,UCiormkBf3jm6mfb7k0yPbKA,UgzI9RUWcnXvyW5Jc4l4AaABAg,https://www.youtube.com/watch?v=dWNc1BdF9Mk&lc=UgzI9RUWcnXvyW5Jc4l4AaABAg,Esses cablicks muito fodas mano,@matuejesus,2026-09-21T00:00:00Z,0,
YT2000178,2026 PURE Insurance Championship,Golf,,PGA Tour Champions Highlights | PURE Insurance | 2026,CDd42l9fDRg,https://www.youtube.com/watch?v=CDd42l9fDRg,PGA Tour Champions,UCA7NPMCfXmvsGeosBkio52Q,UgztEgp4dX8_KEhmMZB4AaABAg,https://www.youtube.com/watch?v=CDd42l9fDRg&lc=UgztEgp4dX8_KEhmMZB4AaABAg,Only watch this stuff to see Ernie’s swing… pure poetry!,@Socks-q9b,2026-09-21T19:00:00Z,1,
YT2000179,2026 Green Mountain Championship,Disc Golf,,Final Round Highlights | MPO | 2026 Green Mountain Championship,UoebFpL95VE,https://www.youtube.com/watch?v=UoebFpL95VE,Disc Golf Pro Tour,UCw0WzNn6m2Na6ZW7rKqWI3g,Ugzoz_cLM5DNYDuQNPF4AaABAg,https://www.youtube.com/watch?v=UoebFpL95VE&lc=Ugzoz_cLM5DNYDuQNPF4AaABAg,Hole 4 gavin foot faulted hit his disc in the follow threw,@noneofurbiz2304,2026-09-22T00:00:00Z,1,
YT2000180,Japan vs USA (2026 Men’s VNL Semifinal),Volleyball,,Japan 🇯🇵 vs. USA 🇺🇸 - Semi Final | Highlights | Men's VNL 2026,Cvj9Q6fYu3s,https://www.youtube.com/watch?v=Cvj9Q6fYu3s,Volleyball World,UCNMg6XDhRZI2QzL4pWOvP_w,Ugz6aNTxAszevHZtHoZ4AaABAg,https://www.youtube.com/watch?v=Cvj9Q6fYu3s&lc=Ugz6aNTxAszevHZtHoZ4AaABAg,Power vs defence that's what this match was.,@yaduyadav---,2026-09-20T00:00:00Z,0,
YT2000181,Hurricanes vs Blues (2026 Super Rugby Pacific),Rugby,,HURRICANES v BLUES | Rd 9 Highlights | Super Rugby Pacific 2026,TLq0hc3Oxtg,https://www.youtube.com/watch?v=TLq0hc3Oxtg,Super Rugby Pacific,UCDOGExGCsrrt_RrGDgLuMww,UgzyeP6Y0L4hIcaUh0l4AaABAg,https://www.youtube.com/watch?v=TLq0hc3Oxtg&lc=UgzyeP6Y0L4hIcaUh0l4AaABAg,"4:50 el pase es de otro monDe, otro monde

muy a lo del sur y VERIDICAMEnte soRprendiendo, S O R P R E N d I E N D o 


💖💖✌✌✌✌👍👍😎😎🤑🤑",@AlfredoJacome,2026-04-23T00:00:00Z,0,
YT2000182,Barcelona vs Feyenoord (2026 UEFA Champions League),Football,,Barcelona vs. Feyenoord: Extended Highlights | UCL League Phase MD 1 | CBS Sports Golazo,kPdMCaxCNJQ,https://www.youtube.com/watch?v=kPdMCaxCNJQ,CBS Sports Golazo,UCET00YnetHT7tOpu12v8jxg,Ugz0myrJJiNEQ-UFpBh4AaABAg,https://www.youtube.com/watch?v=kPdMCaxCNJQ&lc=Ugz0myrJJiNEQ-UFpBh4AaABAg,Messi would be proud of that first goal 🔥,@scheimong,2026-09-19T00:00:00Z,0,
YT2000183,India vs Pakistan (2026 Asia Cup Final),Cricket,,India VS Pakistan Extended Highlights | Asia Cup Final | Channel 9 Sports,GFj5cfzYoEQ,https://www.youtube.com/watch?v=GFj5cfzYoEQ,Channel Nine Sports,UCyDQWHMFMoNVDrdw7Y7jAZQ,UgzMj5Ah7ygWi1r3Q0d4AaABAg,https://www.youtube.com/watch?v=GFj5cfzYoEQ&lc=UgzMj5Ah7ygWi1r3Q0d4AaABAg,Win ladu patirura 😂😂😂🤙🤙,@durgaprasaddandu8089,2026-09-15T00:00:00Z,0,
YT2000184,Jessica Pegula vs Alexandra Eala (2026 Washington Final),Tennis,,"Jessica Pegula vs. Alexandra Eala | 2026 Washington, DC Final | WTA Match Highlights",OvjNXy1mQjY,https://www.youtube.com/watch?v=OvjNXy1mQjY,WTA,UCaBIVVpHjq6j3tSyxwTE-8Q,UgzpZ1OcFdhfUnvCEZp4AaABAg,https://www.youtube.com/watch?v=OvjNXy1mQjY&lc=UgzpZ1OcFdhfUnvCEZp4AaABAg,Alex Eala ❤👏,@JalenRivadavia,2026-09-15T00:00:00Z,0,
YT2000185,2026 Hungarian Grand Prix,Formula 1,2026-07-26,Fans React to the 2026 Hungarian Grand Prix,SDzQqr7-JwY,https://www.youtube.com/watch?v=SDzQqr7-JwY,Kr1s,UCz-llHGeBJB06SA6g-Q_JKA,Ugzw7Mk-vRpBXUBL4v94AaABAg,https://www.youtube.com/watch?v=SDzQqr7-JwY&lc=Ugzw7Mk-vRpBXUBL4v94AaABAg,"I would rather watch these without Fabio or whatever his name is. Annoying, loud. Absolutely nothing of worth would be lost by removing him from the reactions. Please.",@jonathanarie2813,2026-08-23T00:00:00Z,1,
YT2000186,Valencia vs Milan (2025-26 EuroLeague),Basketball,,From Trouble to PLAYOFFS | Valencia - Milan | R36 BASKETBALL HIGHLIGHTS 2025-26,ezcvRat7sYM,https://www.youtube.com/watch?v=ezcvRat7sYM,EUROLEAGUE BASKETBALL,UCGr3nR_XH9r6E5b09ZJAT9w,UgyuAsz5a0I-mPqVEqt4AaABAg,https://www.youtube.com/watch?v=ezcvRat7sYM&lc=UgyuAsz5a0I-mPqVEqt4AaABAg,Que espectaculo pr parte de ambos equipos pero el Valencia ha sido superior.,@convenientbusinesscb,2026-04-23T00:00:00Z,0,
YT2000187,2026 European Athletics Championships Day 6,Athletics,,Day Six Highlights | Birmingham 2026 European Athletics Championships,Pr8JLNyeRwU,https://www.youtube.com/watch?v=Pr8JLNyeRwU,European Athletics,UCp21zu_8Hd0w9HULooemRCA,Ugy8GXEkViz5kX4D66F4AaABAg,https://www.youtube.com/watch?v=Pr8JLNyeRwU&lc=Ugy8GXEkViz5kX4D66F4AaABAg,"Whilst watching the race, I was very surprised to hear that the 10K record had remained unbroken for almost half a century. After all, sports science and footwear technology have come a long way in all that time (see we have people who ran a whole ass marathon under 2 hours now).

So either the conditions weren’t right (can't be for 48 straight years though), or the athletes played safe all these years to secure a medal. So, huge congrats to Almgren for whatever he did right for this time. :)",@sinanceylan,2026-08-23T00:00:00Z,2,
YT2000188,An Se Young vs Akane Yamaguchi (2026 BWF World Championships),Badminton,,An Se Young vs Akane Yamaguchi | A clash of champions,49OglwaWp_Y,https://www.youtube.com/watch?v=49OglwaWp_Y,BWF TV,UChh-akEbUM8_6ghGVnJd6cQ,UgzvMqh3c_BP6zscJPJ4AaABAg,https://www.youtube.com/watch?v=49OglwaWp_Y&lc=UgzvMqh3c_BP6zscJPJ4AaABAg,an ❤❤,@蔡依林-t3m,2026-09-09T00:00:00Z,1,
YT2000189,2026 Stanley Cup Final,Hockey,,EVERY GOAL from the 2026 Stanley Cup Final!,mlFpQC2i9Xw,https://www.youtube.com/watch?v=mlFpQC2i9Xw,NHL,UCqFMzb-4AUf6WAIbl132QKA,UgxpCmeTNaZVtCpbeZt4AaABAg,https://www.youtube.com/watch?v=mlFpQC2i9Xw&lc=UgxpCmeTNaZVtCpbeZt4AaABAg,you can just realize vegas fans are fake by how much louder the canes got for all of their goals compared to the knights,@AdamCampbell-i6o,2026-08-23T00:00:00Z,0,
YT2000190,Legendary Boxing Fights Collection,Boxing,,"12 Hours of Legendary Fights | Mayweather, Ali, Inoue & More",4GCNfWec-30,https://www.youtube.com/watch?v=4GCNfWec-30,Top Rank Boxing,UCbzRzJNHx7ZLlJML9BjZQVQ,UgztrhdjNaJa45isdvh4AaABAg,https://www.youtube.com/watch?v=4GCNfWec-30&lc=UgztrhdjNaJa45isdvh4AaABAg,28:45 '' right now he's got to worry about being targetted Crawford'' 🤣🤣🤣🤣🤣🤣🤣,@DRulo-h4d,2026-06-23T00:00:00Z,0,
YT2000191,ONE Friday Fights 170,MMA,,ONE Friday Fights 170 | Thrilling Fight Highlights 💪,n_ZYgAY0EIM,https://www.youtube.com/watch?v=n_ZYgAY0EIM,ONE Championship,UCiormkBf3jm6mfb7k0yPbKA,UgwSA0s6TRLDFi7eEF54AaABAg,https://www.youtube.com/watch?v=n_ZYgAY0EIM&lc=UgwSA0s6TRLDFi7eEF54AaABAg,Gonzales won that first fight,@ChapterMasterAres,2026-09-17T00:00:00Z,2,
YT2000192,2026 BMW PGA Championship,Golf,,Round 4 Highlights | 2026 BMW PGA Championship,gQZomCyCWuw,https://www.youtube.com/watch?v=gQZomCyCWuw,DP World Tour,UCvZwbZt6YZQ4wj_7qyjPDZw,UgwKQY-P9aARImS9PFV4AaABAg,https://www.youtube.com/watch?v=gQZomCyCWuw&lc=UgwKQY-P9aARImS9PFV4AaABAg,When you put poorly trained Ai in charge of your editing… THIS is what you get!,@drewr729,2026-09-21T20:00:00Z,1,
YT2000193,2026 Green Mountain Championship,Disc Golf,,Final Round Highlights | MPO | 2026 Green Mountain Championship,UoebFpL95VE,https://www.youtube.com/watch?v=UoebFpL95VE,Disc Golf Pro Tour,UCw0WzNn6m2Na6ZW7rKqWI3g,UgyosjXJU4MA_doXpyx4AaABAg,https://www.youtube.com/watch?v=UoebFpL95VE&lc=UgyosjXJU4MA_doXpyx4AaABAg,So nice of Gannon to share a tad,@BooneFlowers1990,2026-09-22T00:00:00Z,1,
YT2000194,USA vs Poland (2026 Men’s VNL Final),Volleyball,,USA 🇺🇸 vs. Poland 🇵🇱 - Gold Match | Highlights | Men's VNL 2026 - Final,SAjrSUNCQbc,https://www.youtube.com/watch?v=SAjrSUNCQbc,Volleyball World,UCNMg6XDhRZI2QzL4pWOvP_w,UgwidlYiUcuxxgJQKFN4AaABAg,https://www.youtube.com/watch?v=SAjrSUNCQbc&lc=UgwidlYiUcuxxgJQKFN4AaABAg,Congrats poland from india❤,@Rohan-i5t5c,2026-09-14T00:00:00Z,0,
YT2000195,South Africa vs New Zealand (2026 Rugby Test),Rugby,,SOUTH AFRICA v NEW ZEALAND | 4th Test Highlights | Rugby's Greatest Rivalry 2026,G3s7nFFiRyk,https://www.youtube.com/watch?v=G3s7nFFiRyk,SANZAAR TV,UCvMgypvk0d5P0K3F3bB19Eg,UgxZTum9YJmuLkPZ-0l4AaABAg,https://www.youtube.com/watch?v=G3s7nFFiRyk&lc=UgxZTum9YJmuLkPZ-0l4AaABAg,Damn I had no idea this game was being played in Baltimore. I live 40 minutes away and would have liked to attend. I have no idea what’s going on as far as the rules but I bet it would have been fun and interesting to attend.,@johnraumjr6383,2026-09-20T00:00:00Z,1,
YT2000196,Liverpool vs Atlético Madrid (2026 UEFA Champions League),Football,,Liverpool vs. Atlético Madrid: Extended Highlights | UCL League Phase MD 1 | CBS Sports Golazo,GRp9iiO-I3k,https://www.youtube.com/watch?v=GRp9iiO-I3k,CBS Sports Golazo,UCET00YnetHT7tOpu12v8jxg,UgzRDgQa83m4tjR4gu14AaABAg,https://www.youtube.com/watch?v=GRp9iiO-I3k&lc=UgzRDgQa83m4tjR4gu14AaABAg,Bro barcola lock in 😭,@AlexCandela-o1p,2026-09-14T00:00:00Z,0,
YT2000197,India vs Japan (2026 T20I),Cricket,,India vs Japan T20 Match Full Highlights 2026 | India vs Japan Highlights,AcDMlgbrcK4,https://www.youtube.com/watch?v=AcDMlgbrcK4,Cricket Expert,UCWSCF-pqjmfIM4Dmxwh0ViQ,UgzUxlnkeb0Tzpkbdnt4AaABAg,https://www.youtube.com/watch?v=AcDMlgbrcK4&lc=UgzUxlnkeb0Tzpkbdnt4AaABAg,They should give chance to Vaibhav against small teams they are not giving him chance to play,@Be_legend786,2026-09-22T13:36:00Z,0,
YT2000198,Kyoka Okamura vs Leylah Fernandez (2026 Singapore),Tennis,,Kyoka Okamura vs. Leylah Fernandez | 2026 Singapore Round 1 | WTA Match Highlights,87I2JwzG140,https://www.youtube.com/watch?v=87I2JwzG140,WTA,UCaBIVVpHjq6j3tSyxwTE-8Q,UgxXmw9S4so3fUeGZTV4AaABAg,https://www.youtube.com/watch?v=87I2JwzG140&lc=UgxXmw9S4so3fUeGZTV4AaABAg,"So lucky to see this live last night. It was an electrifying match, Leylah was great but amazed by Kyoka’s grit and never say die attitude until the end. She made Leylah earn that win. Awesome players!",@sqrlgrlus,2026-09-22T13:55:00Z,0,
YT2000199,2026 Canadian Grand Prix,Formula 1,2026-05-24,Fans React to the 2026 Canadian Grand Prix,MfGFEzeee54,https://www.youtube.com/watch?v=MfGFEzeee54,Kr1s,UCz-llHGeBJB06SA6g-Q_JKA,UgxOh8xs7qeXNeIDl6N4AaABAg,https://www.youtube.com/watch?v=MfGFEzeee54&lc=UgxOh8xs7qeXNeIDl6N4AaABAg,the constant lando digs just says you’re desperate for likes,@boucher4.jp3g,2026-06-23T00:00:00Z,0,
YT2000200,Indiana Fever vs Toronto Tempo (2026 WNBA),Basketball,2026-09-18,"Indiana Fever vs. Toronto Tempo | FULL GAME HIGHLIGHTS | September 18, 2026",3ncxZOQBJBU,https://www.youtube.com/watch?v=3ncxZOQBJBU,WNBA,UCO9a_ryN_l7DIDS-VIt-zmw,UgyqR1bFiVu0Y4hFjed4AaABAg,https://www.youtube.com/watch?v=3ncxZOQBJBU&lc=UgyqR1bFiVu0Y4hFjed4AaABAg,Caitlin!!!!!,@polokucoch8112,2026-09-22T00:00:00Z,1,
YT2000201,2026 European Athletics Championships Day 7,Athletics,,Day Seven Highlights | Birmingham 2026 European Athletics Championships,GK-bVPxtpxY,https://www.youtube.com/watch?v=GK-bVPxtpxY,European Athletics,UCp21zu_8Hd0w9HULooemRCA,UgwVQMd3HI90YBuDBL14AaABAg,https://www.youtube.com/watch?v=GK-bVPxtpxY&lc=UgwVQMd3HI90YBuDBL14AaABAg,"Why it is Great Britain? Is Scotland,Wales,Ireland not allowed to Represent themselves?",@SamRichardson1990,2026-09-09T00:00:00Z,0,
YT2000202,Kim/Seo vs Chia/Soh (2026 BWF World Championships Semifinal),Badminton,,BWF World Championships 2026 | Kim/Seo (KOR) [1] vs Chia/Soh (MAS) [4] | SF,enONl4A9c5I,https://www.youtube.com/watch?v=enONl4A9c5I,BWF TV,UChh-akEbUM8_6ghGVnJd6cQ,UgwCqJzjGXkLgb4cZ6l4AaABAg,https://www.youtube.com/watch?v=enONl4A9c5I&lc=UgwCqJzjGXkLgb4cZ6l4AaABAg,Watching from Sri Lanka ❤️🙏🇱🇰,@KeshanNadeera-d2v,2026-09-11T00:00:00Z,0,
YT2000203,Carolina Hurricanes vs Vegas Golden Knights (2026 Stanley Cup Final Game 6),Hockey,2026-06-14,"Hurricanes vs. Golden Knights | NHL Playoff Highlights | Game 6 | June 14, 2026",3jbQ58HKtXA,https://www.youtube.com/watch?v=3jbQ58HKtXA,NHL,UCqFMzb-4AUf6WAIbl132QKA,UgxXeTHSEEiEgkiOU3R4AaABAg,https://www.youtube.com/watch?v=3jbQ58HKtXA&lc=UgxXeTHSEEiEgkiOU3R4AaABAg,Rds,@wandabowring4816,2026-09-21T00:00:00Z,0,
YT2000204,Teremoana vs Heavyweight Opponent (2026 Matchroom Boxing),Boxing,,Undefeated giant heavyweight Teremoana | Non-Stop KOs | Matchroom Boxing,Q0PKJmMaV_U,https://www.youtube.com/watch?v=Q0PKJmMaV_U,Matchroom Boxing,UC7LReVje9aPB4B6XAsXX8WQ,UgytZVXzPa6wEVaj_0V4AaABAg,https://www.youtube.com/watch?v=Q0PKJmMaV_U&lc=UgytZVXzPa6wEVaj_0V4AaABAg,Only bullshit wins,@The_Solitary_Man,2026-08-23T00:00:00Z,0,
YT2000205,ONE Friday Fights 169,MMA,,ONE Friday Fights 169 Highlights 💥🥊,RwqvQX9iDJE,https://www.youtube.com/watch?v=RwqvQX9iDJE,ONE Championship,UCiormkBf3jm6mfb7k0yPbKA,Ugy2nICRgM-Vb8I5RBV4AaABAg,https://www.youtube.com/watch?v=RwqvQX9iDJE&lc=Ugy2nICRgM-Vb8I5RBV4AaABAg,Inai was such a satisfying win.,@ChapterMasterAres,2026-09-10T00:00:00Z,0,
YT2000206,2026 BMW PGA Championship Final Round,Golf,,Final Round DRAMA at Wentworth | 2026 BMW PGA Championship,fJWYN9Sk7wo,https://www.youtube.com/watch?v=fJWYN9Sk7wo,DP World Tour,UCvZwbZt6YZQ4wj_7qyjPDZw,UgxMBUo6-1KkP4mFzKp4AaABAg,https://www.youtube.com/watch?v=fJWYN9Sk7wo&lc=UgxMBUo6-1KkP4mFzKp4AaABAg,"more like, M.Elvira looses championship . feel bad for him, at least he has his bro on tour too, that must be epic",@michaelmuldoonmikesm08,2026-09-22T09:00:00Z,0,
YT2000207,2026 Green Mountain Championship,Disc Golf,,Final Round Highlights | MPO | 2026 Green Mountain Championship,UoebFpL95VE,https://www.youtube.com/watch?v=UoebFpL95VE,Disc Golf Pro Tour,UCw0WzNn6m2Na6ZW7rKqWI3g,UgyS8OZAYq-5xKjXAjV4AaABAg,https://www.youtube.com/watch?v=UoebFpL95VE&lc=UgyS8OZAYq-5xKjXAjV4AaABAg,An awesome representation for MVP I hope he is still going to win some more 😊 stay humble kid 😎 congratulations on the win🎉🎉,@12kingsmuaythai,2026-09-22T00:00:00Z,1,
YT2000208,Italy vs Denmark (2026 CEV EuroVolley),Volleyball,,Highlights | Italy vs. Denmark | CEV Enel EuroVolley 2026 Men | Eight Finals,JK_IC9hRAMg,https://www.youtube.com/watch?v=JK_IC9hRAMg,European Volleyball,UC8XRC858pOERvclUDb_d7rg,UgyRAzfwGmAn4ZInTd94AaABAg,https://www.youtube.com/watch?v=JK_IC9hRAMg&lc=UgyRAzfwGmAn4ZInTd94AaABAg,"Way to go, guys ♥️ 🇮🇹✨💙 Now let's focus on Finland—the quarterfinals are going to be tough. Congratulations to Denmark on a well-deserved spot in the round of 16 💪🏻🇩🇰",@synym7699,2026-09-22T00:00:00Z,1,
YT2000209,England vs Fiji (2026 Nations Championship),Rugby,,England v Fiji highlights | 2026 Nations Championship,4tewDq2UAtI,https://www.youtube.com/watch?v=4tewDq2UAtI,England Rugby,UCmi7CahP3G3YySOAFOfSnkw,UgwiAbljCTqjSJOxhhd4AaABAg,https://www.youtube.com/watch?v=4tewDq2UAtI&lc=UgwiAbljCTqjSJOxhhd4AaABAg,"Why have we got a woman ref in our game , enough already",@joe5033,2026-07-23T00:00:00Z,0,
YT2000210,PSG vs Bayern Munich (2026 UEFA Champions League Semifinal),Football,,PSG vs. Bayern Munich: Extended Highlights | UCL Semifinals - Leg 1 | CBS Sports Golazo,JxzqIzEVQNE,https://www.youtube.com/watch?v=JxzqIzEVQNE,CBS Sports Golazo,UCET00YnetHT7tOpu12v8jxg,UgyY4X-sWsVpAL-XxSt4AaABAg,https://www.youtube.com/watch?v=JxzqIzEVQNE&lc=UgyY4X-sWsVpAL-XxSt4AaABAg,My coffee got cold because I couldn t stop watching.,@สาครค่อนดี,2026-09-09T00:00:00Z,1,
YT2000211,"Afghanistan vs India (2026 T20I Series, Match 3)",Cricket,,Match Highlights | Afghanistan vs India | Match 03 | T20I Series 2026 | ACB | M9N1J,CJU-fIbr8Vk,https://www.youtube.com/watch?v=CJU-fIbr8Vk,Sports Central by DRM,UC-fzWbU1zavz77kP1gPPdSg,UgyEgghzwYxzOd6-O7B4AaABAg,https://www.youtube.com/watch?v=CJU-fIbr8Vk&lc=UgyEgghzwYxzOd6-O7B4AaABAg,😢,@Noor-h3v1n,2026-09-20T00:00:00Z,0,
YT2000212,Goffin vs Lajal and Maestrelli vs Guerrieri (2026 Saint-Tropez Challenger),Tennis,,Goffin Faces Lajal; Maestrelli vs Guerrieri | Saint-Tropez 2026 Day 1 Highlights,BXX1YxqXda8,https://www.youtube.com/watch?v=BXX1YxqXda8,ATP Challenger,UCT12ocLoA-sqRfs12yQM2Bg,Ugx-l2ruWKwOR19C2c14AaABAg,https://www.youtube.com/watch?v=BXX1YxqXda8&lc=Ugx-l2ruWKwOR19C2c14AaABAg,Lajal always has good fits,@mirzicd,2026-09-22T03:00:00Z,0,
YT2000213,2026 Barcelona-Catalunya Grand Prix,Formula 1,2026-06-14,Our 2026 Barcelona-Catalunya Grand Prix Race Review,0jVk2QviEog,https://www.youtube.com/watch?v=0jVk2QviEog,P1 with Matt & Tommy,UCD5jAyCSDRR5yTgswfDbK8w,UgyOmOYuCgU_PnYki_94AaABAg,https://www.youtube.com/watch?v=0jVk2QviEog&lc=UgyOmOYuCgU_PnYki_94AaABAg,"So, Mercedes have found the root causes of the failures, but can't do a quick fix. They talked about reducing the stress on the energy system. That's says to me a reduction in power. Kimi had a raging cold over the weekend, so I think he'll have a better qualifying, but Lewis will be the driver to beat, especially with another engine upgrade.",@rudevectors8018,2026-06-23T00:00:00Z,1,
YT2000214,Phoenix Mercury vs Dallas Wings (2026 WNBA),Basketball,2026-09-19,"Phoenix Mercury vs. Dallas Wings | FULL GAME HIGHLIGHTS | September 19, 2026",gmTPOM9RMxU,https://www.youtube.com/watch?v=gmTPOM9RMxU,WNBA,UCO9a_ryN_l7DIDS-VIt-zmw,UgzHpGvlKP7B4ajuLCx4AaABAg,https://www.youtube.com/watch?v=gmTPOM9RMxU&lc=UgzHpGvlKP7B4ajuLCx4AaABAg,AT🔥🔥🔥,@HoopsIsland,2026-09-22T00:00:00Z,0,
YT2000215,2026 European Athletics Championships Men’s 100m,Athletics,,"EVERY RACE - Men's 100m European Athletics Championships 2026 | Heats, Semi finals and Final",4bLPTpMw99E,https://www.youtube.com/watch?v=4bLPTpMw99E,European Athletics,UCp21zu_8Hd0w9HULooemRCA,UgwPiTfEVlCIJGrr6jd4AaABAg,https://www.youtube.com/watch?v=4bLPTpMw99E&lc=UgwPiTfEVlCIJGrr6jd4AaABAg,"rigged, got paid a bomb for the loss - jacobs",@grantyouthis1,2026-09-19T00:00:00Z,0,
YT2000216,Feng/Huang vs Gicquel/Delrue (2026 BWF World Championships Final),Badminton,,BWF World Championships 2026 | Feng/Huang (CHN) [1] vs Gicquel/Delrue (FRA) [5] | F,6ajzFh9bQmQ,https://www.youtube.com/watch?v=6ajzFh9bQmQ,BWF TV,UChh-akEbUM8_6ghGVnJd6cQ,Ugz3pulxQxYTvRQ_WEF4AaABAg,https://www.youtube.com/watch?v=6ajzFh9bQmQ&lc=Ugz3pulxQxYTvRQ_WEF4AaABAg,"I have to be honest, I really don't like this Chinese pair because they keep playing drop shot somehow and don't even want to smash when there is opportunity.",@yansenmaruli7758,2026-09-12T00:00:00Z,0,
YT2000217,Carolina Hurricanes vs Vegas Golden Knights (2026 Stanley Cup Final),Hockey,,The Wildest Stanley Cup Final in Years | Hurricanes vs. Golden Knights,ia_bIzb415w,https://www.youtube.com/watch?v=ia_bIzb415w,NHL,UCqFMzb-4AUf6WAIbl132QKA,UgzTWow6owgX8CGbi_B4AaABAg,https://www.youtube.com/watch?v=ia_bIzb415w&lc=UgzTWow6owgX8CGbi_B4AaABAg,RBA is a hall of famer no matter what. He’s already in as a player and soon to be coach. He is our  Quinneville!,@bradbengel917,2026-09-18T00:00:00Z,0,
YT2000218,Rolly Romero vs Ryan Garcia (2026 Boxing),Boxing,,Fight Highlights | Rolly Romero Stuns Ryan Garcia | Matchroom Boxing,CWUVyUtDivQ,https://www.youtube.com/watch?v=CWUVyUtDivQ,Matchroom Boxing,UC7LReVje9aPB4B6XAsXX8WQ,UgwccwaQ0tyof-KUV-d4AaABAg,https://www.youtube.com/watch?v=CWUVyUtDivQ&lc=UgwccwaQ0tyof-KUV-d4AaABAg,Good sportsmanship by Ryan there,@GO_1277,2026-09-15T00:00:00Z,0,
YT2000219,Joshua Pacio vs Mansur Malachiev (ONE Championship),MMA,,Wushu Meets Dagestani Wrestling ⚔️ Joshua Pacio 🇵🇭 vs. Mansur Malachiev 🇷🇺 | MMA Full Fight,fW2PNH4L-DU,https://www.youtube.com/watch?v=fW2PNH4L-DU,ONE Championship,UCiormkBf3jm6mfb7k0yPbKA,UgzhI5EUuskWBqYjP4V4AaABAg,https://www.youtube.com/watch?v=fW2PNH4L-DU&lc=UgzhI5EUuskWBqYjP4V4AaABAg,Where is the rematch? Why not uploading it?,@alvindgreat99,2026-09-14T00:00:00Z,0,
YT2000220,2026 Biltmore Championship,Golf,,PGA Tour Highlights | Final Round | Biltmore Championship | 2026,SwVHCOFT7Wc,https://www.youtube.com/watch?v=SwVHCOFT7Wc,PGA Tour,UCKwGZZMrhNYKzucCtTPY2Nw,Ugz1CU3RbvOh82iuBKJ4AaABAg,https://www.youtube.com/watch?v=SwVHCOFT7Wc&lc=Ugz1CU3RbvOh82iuBKJ4AaABAg,Nice ❤,@naturefood-g8b,2026-09-22T00:00:00Z,0,
YT2000221,2026 Green Mountain Championship,Disc Golf,,Final Round Highlights | MPO | 2026 Green Mountain Championship,UoebFpL95VE,https://www.youtube.com/watch?v=UoebFpL95VE,Disc Golf Pro Tour,UCw0WzNn6m2Na6ZW7rKqWI3g,UgyYBdNfrW9apQtpsXF4AaABAg,https://www.youtube.com/watch?v=UoebFpL95VE&lc=UgyYBdNfrW9apQtpsXF4AaABAg,Letsgooo!!,@lesketom,2026-09-22T00:00:00Z,0,
YT2000222,Belgium vs Czechia (2026 CEV EuroVolley),Volleyball,,Highlights | BELGIUM vs. CZECHIA | CEV Enel EuroVolley 2026 Men | Eight Finals,PW7s66Q3ZPk,https://www.youtube.com/watch?v=PW7s66Q3ZPk,European Volleyball,UC8XRC858pOERvclUDb_d7rg,UgznUDqCjJUT2JqgUTd4AaABAg,https://www.youtube.com/watch?v=PW7s66Q3ZPk&lc=UgznUDqCjJUT2JqgUTd4AaABAg,Belgium survived the second set and the Czech ran out of gas,@EduardoGrassoTV,2026-09-21T22:00:00Z,1,
YT2000223,Wallabies vs France (2026 Nations Championship),Rugby,,Wallabies v France Highlights | Nations Championship 2026 | Round 2,qKCIZyiqjbc,https://www.youtube.com/watch?v=qKCIZyiqjbc,Wallabies,UC4Y6lpmGz2rkbOVdrOhjgvQ,UgyNSugvbSJbK_D0tnt4AaABAg,https://www.youtube.com/watch?v=qKCIZyiqjbc&lc=UgyNSugvbSJbK_D0tnt4AaABAg,Man. Gutted to see Wallabies go down.,@ethelnaera7377,2026-07-23T00:00:00Z,0,
YT2000224,PSG vs Arsenal (2026 UEFA Champions League Final),Football,,PSG vs. Arsenal: Extended Highlights | UCL Final | CBS Sports Golazo,tRnJRQmVMTg,https://www.youtube.com/watch?v=tRnJRQmVMTg,CBS Sports Golazo,UCET00YnetHT7tOpu12v8jxg,UgwAmLAhgz0O2_8_wkB4AaABAg,https://www.youtube.com/watch?v=tRnJRQmVMTg&lc=UgwAmLAhgz0O2_8_wkB4AaABAg,I was in the hall watching this game and Arsenal fans were talking trash. They got humbled,@RobertGuill-l5o,2026-09-09T00:00:00Z,2,
YT2000225,"Afghanistan vs India (2026 T20I Series, Match 3)",Cricket,,Full Match Highlights | Afghanistan vs India | Match 03 | T20I Series 2026 | ACB | M9N1J,TapC28fhANQ,https://www.youtube.com/watch?v=TapC28fhANQ,Sports Central by DRM,UC-fzWbU1zavz77kP1gPPdSg,UgyHIAr7QJm4Bi20B-B4AaABAg,https://www.youtube.com/watch?v=TapC28fhANQ&lc=UgyHIAr7QJm4Bi20B-B4AaABAg,Incredible India,@Bharatshah95A,2026-09-21T00:00:00Z,0,
YT2000226,Carlos Alcaraz vs Jannik Sinner (2026 Monte-Carlo Final),Tennis,,Carlos Alcaraz vs Jannik Sinner FIRST Final of 2026 🔥 | Monte-Carlo 2026 Final Highlights,dQUKOY8D3IE,https://www.youtube.com/watch?v=dQUKOY8D3IE,Tennis TV,UCbcxFkd6B9xUU54InHv4Tig,Ugw-TdGMiDte8iRslN54AaABAg,https://www.youtube.com/watch?v=dQUKOY8D3IE&lc=Ugw-TdGMiDte8iRslN54AaABAg,"Normalement Sinner est meilleur joueur sur terre battue. Beaucoup le verront après, et bien meilleur que Carlos.",@academieadp808,2026-09-02T00:00:00Z,0,
YT2000227,2026 Australian Grand Prix,Formula 1,2026-03-08,Fans React to the 2026 Australian Grand Prix,uvMholf0zLI,https://www.youtube.com/watch?v=uvMholf0zLI,Kr1s,UCz-llHGeBJB06SA6g-Q_JKA,UgycvMpU3kQMHK_2VU54AaABAg,https://www.youtube.com/watch?v=uvMholf0zLI&lc=UgycvMpU3kQMHK_2VU54AaABAg,"1:20 
""This is why this generation of car is so ass. The rears locked because of superclip.""

I'm all for new fans and what not but don't comment on regulation quality when you clearly dont understand what your talking about 😭😭",@bill4665,2026-07-23T00:00:00Z,0,
YT2000228,Atlanta Dream vs New York Liberty (2026 WNBA),Basketball,2026-09-21,"Atlanta Dream vs. New York Liberty | FULL GAME HIGHLIGHTS | September 21, 2026",Cazz5y4tbg8,https://www.youtube.com/watch?v=Cazz5y4tbg8,WNBA,UCO9a_ryN_l7DIDS-VIt-zmw,Ugxdn95EseXQyh3Uegp4AaABAg,https://www.youtube.com/watch?v=Cazz5y4tbg8&lc=Ugxdn95EseXQyh3Uegp4AaABAg,...Gritty W!,@julesjackson4178,2026-09-22T13:44:00Z,0,
YT2000229,"Italy Gold Highlights, 2026 European Athletics Championships",Athletics,,ITALIA 🇮🇹 Every Gold Highlights | Birmingham 2026 European Athletics Championships,YKRgXPIqK7s,https://www.youtube.com/watch?v=YKRgXPIqK7s,European Athletics,UCp21zu_8Hd0w9HULooemRCA,UgyODJEuR5j5UMYQwLN4AaABAg,https://www.youtube.com/watch?v=YKRgXPIqK7s&lc=UgyODJEuR5j5UMYQwLN4AaABAg,commento automatico RIDICOLO.,@yu-tu_official,2026-09-11T00:00:00Z,0,
YT2000230,Kim/Seo vs Alfian/Fikri (2026 BWF World Championships),Badminton,,Kim/Seo vs Alfian/Fikri | Fast-paced exchanges keep you on the edge,BmNEKEIZD1k,https://www.youtube.com/watch?v=BmNEKEIZD1k,BWF TV,UChh-akEbUM8_6ghGVnJd6cQ,Ugy8tHngo5bhUClQC2F4AaABAg,https://www.youtube.com/watch?v=BmNEKEIZD1k&lc=Ugy8tHngo5bhUClQC2F4AaABAg,07:59 Indonesian coach reaction 😁😁,@huahintrainspotters,2026-08-23T00:00:00Z,2,
YT2000231,Vegas Golden Knights vs Carolina Hurricanes (2026 Stanley Cup Final Game 1),Hockey,,FULL REPLAY: Game 1 | Golden Knights vs. Hurricanes | 2026 Stanley Cup Final,A5xMc1hSnoQ,https://www.youtube.com/watch?v=A5xMc1hSnoQ,NHL,UCqFMzb-4AUf6WAIbl132QKA,UgwCwKTw1RzXhNAZdax4AaABAg,https://www.youtube.com/watch?v=A5xMc1hSnoQ&lc=UgwCwKTw1RzXhNAZdax4AaABAg,The entire Final is uploaded? That's good stuff. Wasn't able to watch this year. Huge thanks.,@WetSlimDog,2026-09-02T00:00:00Z,0,
YT2000232,Bam Rodriguez vs Vargas (2026 Boxing),Boxing,,Bam Rodriguez Knocks Out Vargas To Become Three-Weight World Champ | Matchroom Boxing,5i51aZYjocM,https://www.youtube.com/watch?v=5i51aZYjocM,Matchroom Boxing,UC7LReVje9aPB4B6XAsXX8WQ,UgxoN1exYEQxCohTDUp4AaABAg,https://www.youtube.com/watch?v=5i51aZYjocM&lc=UgxoN1exYEQxCohTDUp4AaABAg,What does he think Inoue's punch is going to be like?,@gageboy14,2026-08-23T00:00:00Z,0,
YT2000233,Amru Magomedov vs Angel Alvarez (2026 PFL New York),MMA,,A DESTRUCTIVE DISPLAY! | Amru Magomedov v Angel Alvarez - Fight Highlights | PFL New York,MazPHXIWMVk,https://www.youtube.com/watch?v=MazPHXIWMVk,PFL MMA,UCPrONRG9hO1f-OrxW-WH-xg,UgzL2xojwh9BDzj_mG54AaABAg,https://www.youtube.com/watch?v=MazPHXIWMVk&lc=UgzL2xojwh9BDzj_mG54AaABAg,He looks better than usman. Can’t wait for the next fight,@skidrow-black,2026-09-02T00:00:00Z,1,
YT2000234,2026 Biltmore Championship,Golf,,"PGA Tour Highlights: 2026 Biltmore Championship Asheville, Final Round | Golf Channel",rL6FUtWrgjA,https://www.youtube.com/watch?v=rL6FUtWrgjA,Golf Channel,UC5igJFdBQVqg7hXFI7075OQ,UgwPw2Y2Da3acXudb5F4AaABAg,https://www.youtube.com/watch?v=rL6FUtWrgjA&lc=UgwPw2Y2Da3acXudb5F4AaABAg,Why didn’t they show Bridgeman’s birdie on 17 that basically won the tournament?,@lindsaynewell6319,2026-09-22T00:00:00Z,1,
YT2000235,2026 Green Mountain Championship,Disc Golf,,Final Round Highlights | MPO | 2026 Green Mountain Championship,UoebFpL95VE,https://www.youtube.com/watch?v=UoebFpL95VE,Disc Golf Pro Tour,UCw0WzNn6m2Na6ZW7rKqWI3g,UgyVLGRo4-rdL54QmZp4AaABAg,https://www.youtube.com/watch?v=UoebFpL95VE&lc=UgyVLGRo4-rdL54QmZp4AaABAg,Congrats,@TheCosmicSpirit,2026-09-22T00:00:00Z,0,
YT2000236,Japan vs Iran (2026 AVC Men’s Continental Championship Final),Volleyball,,Japan 🇯🇵 vs. Iran 🇮🇷 - Final | AVC Men's Continental Championships 2026 | Gold Match Highlights,a0iA57_4oCw,https://www.youtube.com/watch?v=a0iA57_4oCw,Volleyball World,UCNMg6XDhRZI2QzL4pWOvP_w,UgwuVilXyd99XNREZjd4AaABAg,https://www.youtube.com/watch?v=a0iA57_4oCw&lc=UgwuVilXyd99XNREZjd4AaABAg,Japon unas bestias!!!!! Y Ran 🔥,@archytekt,2026-09-22T00:00:00Z,2,
YT2000237,All Blacks vs Lions (2026 Rugby),Rugby,,"MINI MATCH | All Blacks v Lions | Johannesburg, 2026",6MbNY6WCctU,https://www.youtube.com/watch?v=6MbNY6WCctU,All Blacks,UCsAPiUMyBjtKamxYGbSUnLA,UgxDoipeeetOMw_Rezl4AaABAg,https://www.youtube.com/watch?v=6MbNY6WCctU&lc=UgxDoipeeetOMw_Rezl4AaABAg,That's the Holy Gra'al. The scaling problem... You need a reliable source of randomness for that :)) Pseudo-randomness may work.... Mum's the word.,@ValentinBrutusBura,2026-09-02T00:00:00Z,0,
YT2000238,Real Madrid vs Inter (2026 UEFA Champions League),Football,,Real Madrid vs. Inter: Extended Highlights | UCL League Phase MD 1 | CBS Sports Golazo,m-Er4N3eVpE,https://www.youtube.com/watch?v=m-Er4N3eVpE,CBS Sports Golazo,UCET00YnetHT7tOpu12v8jxg,UgwGzwxPYwc1JdLjR5N4AaABAg,https://www.youtube.com/watch?v=m-Er4N3eVpE&lc=UgwGzwxPYwc1JdLjR5N4AaABAg,Inter Milan goalie lookin funny tryna dribble around buddy 😂😂 nah Madrid cooked you.,@GDpro2029,2026-09-18T00:00:00Z,0,
YT2000239,"Afghanistan vs India (2026 T20I Series, Match 2)",Cricket,,Full Match Highlights | Afghanistan vs India | Match 02 | T20I Series 2026 | ACB | M9N1J,svAuradtMZw,https://www.youtube.com/watch?v=svAuradtMZw,Sports Central by DRM,UC-fzWbU1zavz77kP1gPPdSg,UgxMwrohkPpGiTojDCF4AaABAg,https://www.youtube.com/watch?v=svAuradtMZw&lc=UgxMwrohkPpGiTojDCF4AaABAg,You never disappoint.,@Mahinderrawat,2026-09-19T00:00:00Z,0,
YT2000240,Andrey Rublev vs Arthur Fils (2026 Barcelona Final),Tennis,,Andrey Rublev vs Arthur Fils for the Title! 🏆 | Barcelona 2026 Final Highlights,ugTb7lPGgI8,https://www.youtube.com/watch?v=ugTb7lPGgI8,Tennis TV,UCbcxFkd6B9xUU54InHv4Tig,UgzfgCQGu29vIVNxlgx4AaABAg,https://www.youtube.com/watch?v=ugTb7lPGgI8&lc=UgzfgCQGu29vIVNxlgx4AaABAg,Poor Rublev,@BarbaraG-bs8bp,2026-07-23T00:00:00Z,1,
YT2000241,2026 Italian Grand Prix,Formula 1,2026-09-06,Fans React to the 2026 Italian Grand Prix,ah1bbvzWhPE,https://www.youtube.com/watch?v=ah1bbvzWhPE,Kr1s,UCz-llHGeBJB06SA6g-Q_JKA,Ugw9q6QjlqQnnwD94td4AaABAg,https://www.youtube.com/watch?v=ah1bbvzWhPE&lc=Ugw9q6QjlqQnnwD94td4AaABAg,actually very well made reaction compilation video,@Neuronecia,2026-09-13T00:00:00Z,0,
YT2000242,Washington Mystics vs Indiana Fever (2026 WNBA),Basketball,2026-09-20,"Washington Mystics vs. Indiana Fever | FULL GAME HIGHLIGHTS | September 20, 2026",8cV4ZkdKn7g,https://www.youtube.com/watch?v=8cV4ZkdKn7g,WNBA,UCO9a_ryN_l7DIDS-VIt-zmw,UgwVUZwmJCCdyW0D5RJ4AaABAg,https://www.youtube.com/watch?v=8cV4ZkdKn7g&lc=UgwVUZwmJCCdyW0D5RJ4AaABAg,Look at all those empty seats!!,@CujoJones,2026-09-22T13:38:00Z,0,
YT2000243,2026 World Athletics Relays Gaborone,Athletics,,Top 10 Moments from the World Athletics Relays Gaborone 2026,6OeLLKS5EoA,https://www.youtube.com/watch?v=6OeLLKS5EoA,World Athletics,UCQk7fWv15ChjMJLCRVmtApw,UgxnWsso45ouJqQ3MlN4AaABAg,https://www.youtube.com/watch?v=6OeLLKS5EoA&lc=UgxnWsso45ouJqQ3MlN4AaABAg,Wonderful to see from Botswana! What a gorgeous setting - beautiful and love the crowd!,@LeoRen2685,2026-09-12T00:00:00Z,0,
YT2000244,An Se Young vs Akane Yamaguchi (2026 BWF World Championships Final),Badminton,,BWF World Championships 2026 | An Se Young (KOR) [1] vs Akane Yamaguchi (JPN) [2] | F,99riPBazzfk,https://www.youtube.com/watch?v=99riPBazzfk,BWF TV,UChh-akEbUM8_6ghGVnJd6cQ,UgzR43QSwtIZELnWGjF4AaABAg,https://www.youtube.com/watch?v=99riPBazzfk&lc=UgzR43QSwtIZELnWGjF4AaABAg,GOAT 안세영!! 넘 멋있당~,@Lee-수달,2026-09-18T00:00:00Z,1,
YT2000245,Vegas Golden Knights vs Carolina Hurricanes (2026 Stanley Cup Final Game 2),Hockey,,FULL REPLAY: Game 2 | Golden Knights vs. Hurricanes | 2026 Stanley Cup Final,TGduVpjEXKM,https://www.youtube.com/watch?v=TGduVpjEXKM,NHL,UCqFMzb-4AUf6WAIbl132QKA,UgwrXAuU4Lun3e38QGV4AaABAg,https://www.youtube.com/watch?v=TGduVpjEXKM&lc=UgwrXAuU4Lun3e38QGV4AaABAg,Thanks to the NHL for showing this cool game👍🏾,@joemichael4053,2026-09-02T00:00:00Z,1,
YT2000246,Raymond Muratalla vs Andy Cruz (2026 Boxing),Boxing,,Raymond Muratalla Retains World Title vs Andy Cruz | Highlights | Matchroom,5gddebIxomA,https://www.youtube.com/watch?v=5gddebIxomA,Matchroom Boxing,UC7LReVje9aPB4B6XAsXX8WQ,UgwQ5qYwZ387gJPbuq54AaABAg,https://www.youtube.com/watch?v=5gddebIxomA&lc=UgwQ5qYwZ387gJPbuq54AaABAg,Shakur is coming back down. He wants to fight him. Cruz showed too much arrogance. Showed Mutaralla little respect.,@humbertothebeliever2443,2026-05-23T00:00:00Z,0,
YT2000247,Justin Clarke vs Abdoulaye Kane (2026 PFL Africa),MMA,,RUTHLESS Heavyweight Fight!! | Justin Clarke v Abdoulaye Kane | Full Fight | PFL Africa 1 2026,rAAW2ORZnwo,https://www.youtube.com/watch?v=rAAW2ORZnwo,PFL MMA,UCPrONRG9hO1f-OrxW-WH-xg,UgwKgx2olb5aGbL2t_F4AaABAg,https://www.youtube.com/watch?v=rAAW2ORZnwo&lc=UgwKgx2olb5aGbL2t_F4AaABAg,"Sometimes we joke about death but it's really not funny, the Bible says; it is appointed unto men once to die but after this the judgement. Hebrews 9:27. But God loved the world so much that He sent His only begotten Son that whosoever believeth in him should not perish but have everlasting life.John 3:16. Jesus said the Kingdom of God is at hand repent ye and believe the Gospel. Mark 1:15",@Patriot6269,2026-08-23T00:00:00Z,0,
YT2000248,2026 PURE Insurance Championship,Golf,,PGA Tour Champions Highlights | PURE Insurance | 2026,CDd42l9fDRg,https://www.youtube.com/watch?v=CDd42l9fDRg,PGA Tour Champions,UCA7NPMCfXmvsGeosBkio52Q,UgyYmV24H9DoKbvvoJl4AaABAg,https://www.youtube.com/watch?v=CDd42l9fDRg&lc=UgyYmV24H9DoKbvvoJl4AaABAg,"Consider some WITB content from the Champions Tour.  I grew up watching this generation of player, their golf is great and would love to see how their bag has transitioned with the onset of father time.",@MarkLeach-h9i,2026-09-22T00:00:00Z,5,
YT2000249,2026 Green Mountain Championship,Disc Golf,,Final Round Highlights | MPO | 2026 Green Mountain Championship,UoebFpL95VE,https://www.youtube.com/watch?v=UoebFpL95VE,Disc Golf Pro Tour,UCw0WzNn6m2Na6ZW7rKqWI3g,UgwXOV76nB0EMcUOSBZ4AaABAg,https://www.youtube.com/watch?v=UoebFpL95VE&lc=UgwXOV76nB0EMcUOSBZ4AaABAg,"""It makes no sense...it makes no sense.""  What are these guys talking about? Down three - even with seeing the OB, still gotta go high risk and high reward. The plan would have always been hoping for that mistake while going for the big shot. One box was checked. Go for the other box.",@brianmurphy2757,2026-09-22T00:00:00Z,1,
YT2000250,Slovenia vs Serbia (2026 CEV EuroVolley),Volleyball,,Highlights | SLOVENIA vs. SERBIA | CEV Enel EuroVolley 2026 Men | Eight Finals,4OR3mlRfFDU,https://www.youtube.com/watch?v=4OR3mlRfFDU,European Volleyball,UC8XRC858pOERvclUDb_d7rg,Ugwlz7W_1WhRN4hS3Gx4AaABAg,https://www.youtube.com/watch?v=4OR3mlRfFDU&lc=Ugwlz7W_1WhRN4hS3Gx4AaABAg,"Sometimes you win, sometimes you lose.
In the third set, Serbia definitely showed that they are on a similar level.
Twice, they demonstrated how to turn a 2–0 deficit into a 3–2 victory. Better luck next time!",@taatajefaca,2026-09-22T12:00:00Z,5,
YT2000251,Springboks vs England (2026 Rugby),Rugby,2026-07-04,Springboks v England at Ellis Park | Extended Highlights | 4 July 2026,hS3CsahX3Kc,https://www.youtube.com/watch?v=hS3CsahX3Kc,Official Springbok YouTube,UCVI5iqtQOsWZwtAg1o3SIAQ,UgwE-FLs3JJApvbUSbt4AaABAg,https://www.youtube.com/watch?v=hS3CsahX3Kc&lc=UgwE-FLs3JJApvbUSbt4AaABAg,Yellow card for a good tackle from Tommy Freeman. Rugby is becoming a joke,@markskewed9620,2026-08-23T00:00:00Z,0,
YT2000252,Bayern Munich vs Real Madrid (2026 UEFA Champions League Quarterfinal),Football,,Bayern vs. Real Madrid: Extended Highlights | UCL Quarterfinals - Leg 2 | CBS Sports Golazo,dF-JIdw_PW4,https://www.youtube.com/watch?v=dF-JIdw_PW4,CBS Sports Golazo,UCET00YnetHT7tOpu12v8jxg,UgznehfEpZWVZby_fg54AaABAg,https://www.youtube.com/watch?v=dF-JIdw_PW4&lc=UgznehfEpZWVZby_fg54AaABAg,Madrid fan here but love the yabbbadabbadoooooo,@Rustyshackleford762,2026-09-16T00:00:00Z,0,
YT2000253,India vs Pakistan (2026 Asia Cup Final),Cricket,,India VS Pakistan Extended Highlights | Asia Cup Final | Channel 9 Sports,GFj5cfzYoEQ,https://www.youtube.com/watch?v=GFj5cfzYoEQ,Channel Nine Sports,UCyDQWHMFMoNVDrdw7Y7jAZQ,UgwXv22PhYhfBi--88N4AaABAg,https://www.youtube.com/watch?v=GFj5cfzYoEQ&lc=UgwXv22PhYhfBi--88N4AaABAg,"Hindustan 🇮🇳🇮🇳🇮🇳 vs Pakistan🇵🇰 asia cup head to head record  
7 played 
Hindustan  🇮🇳🇮🇳🇮🇳 13 won
Pakistan🇵🇰🇵🇰🇵🇰 6 won 
 No result 1   
Hum ne Pakistan🇵🇰🇵🇰🇵🇰 ko Asia cup meh bahut bhaar haarya hum ne Pakistan🇵🇰🇵🇰 ko hum ne  Asia cup meh jaayeda thar Pakistan🇵🇰🇵🇰 ko haarya hai hum ne",@vaibhavdeogurjar,2026-09-11T00:00:00Z,0,
YT2000254,Jannik Sinner vs Arthur Fils (2026 Madrid Semifinal),Tennis,,Jannik Sinner vs Arthur Fils For A Place In The Final! | Madrid 2026 Highlights,-7V1paGhbiY,https://www.youtube.com/watch?v=-7V1paGhbiY,Tennis TV,UCbcxFkd6B9xUU54InHv4Tig,UgzU_f2OEav1c_4Vgvl4AaABAg,https://www.youtube.com/watch?v=-7V1paGhbiY&lc=UgzU_f2OEav1c_4Vgvl4AaABAg,"at 0:59 right before he ends the point you can see he stops for a split second to confirm fils is going the other way, then he finishes it off.",@MalharModak,2026-09-02T00:00:00Z,1,
YT2000255,2026 Chinese Grand Prix,Formula 1,2026-03-15,Fans React to the 2026 Chinese Grand Prix,77NaHUPQZto,https://www.youtube.com/watch?v=77NaHUPQZto,Kr1s,UCz-llHGeBJB06SA6g-Q_JKA,UgyY7sOlzxCwSU0y4H54AaABAg,https://www.youtube.com/watch?v=77NaHUPQZto&lc=UgyY7sOlzxCwSU0y4H54AaABAg,32:38   Whole house bouta have an aneurysm 😂 best entertainment of the year fr 😂,@IflyGirl,2026-08-23T00:00:00Z,0,
YT2000256,Seattle Storm vs Golden State Valkyries (2026 WNBA),Basketball,2026-09-19,"Seattle Storm vs. Golden State Valkyries | FULL GAME HIGHLIGHTS | September 19, 2026",o8UOT-qXhs8,https://www.youtube.com/watch?v=o8UOT-qXhs8,WNBA,UCO9a_ryN_l7DIDS-VIt-zmw,UgwaQUbciLCwc8efRrp4AaABAg,https://www.youtube.com/watch?v=o8UOT-qXhs8&lc=UgwaQUbciLCwc8efRrp4AaABAg,"There are THREE things that are certain in life: Death, Taxes, and the Storm getting their bricks flipped.",@brokensoul8390,2026-09-22T02:00:00Z,0,
YT2000257,2026 World Athletics Ultimate Championship Day 1,Athletics,,Day 1 Full Highlights | World Athletics Ultimate Championship,yaw5_mUtsLE,https://www.youtube.com/watch?v=yaw5_mUtsLE,World Athletics,UCQk7fWv15ChjMJLCRVmtApw,Ugy2FIPMzWk7cXKh1gl4AaABAg,https://www.youtube.com/watch?v=yaw5_mUtsLE&lc=Ugy2FIPMzWk7cXKh1gl4AaABAg,I love this  for track and field .. this is the blueprint for how track and field should be going forward,@kingvid9146,2026-09-14T00:00:00Z,0,
YT2000258,Kodai Naraoka vs Alex Lanier (2026 BWF World Championships Final),Badminton,,BWF World Championships 2026 | Kodai Naraoka (JPN) [10] vs Alex Lanier (FRA) [9] | F,go2uajSiBnE,https://www.youtube.com/watch?v=go2uajSiBnE,BWF TV,UChh-akEbUM8_6ghGVnJd6cQ,UgxPkSvD_mZ1wUsfztd4AaABAg,https://www.youtube.com/watch?v=go2uajSiBnE&lc=UgxPkSvD_mZ1wUsfztd4AaABAg,"ABCC (anyone but cheating chicoms), well done Lanier, so good, and no cheating.",@GaryM67-71,2026-09-09T00:00:00Z,0,
YT2000259,Hungary vs Latvia (2026 IIHF Men’s World Championship),Hockey,,Highlights: Hungary vs Latvia | 2026 #MensWorlds,dhgqnUsBfBk,https://www.youtube.com/watch?v=dhgqnUsBfBk,IIHF,UCtmgna7qB0oQF2oOcVgndbw,UgwVtmZs4fPn_0hCSPZ4AaABAg,https://www.youtube.com/watch?v=dhgqnUsBfBk&lc=UgwVtmZs4fPn_0hCSPZ4AaABAg,2:10 is just cinema,@musicnation3934,2026-06-23T00:00:00Z,0,
YT2000260,Abdullah Mason vs Ornelas (2026 Boxing),Boxing,,Abdullah Mason DROPS Ornelas Repeatedly in Brutal Win,d6A3cVkIKGc,https://www.youtube.com/watch?v=d6A3cVkIKGc,Top Rank Boxing,UCbzRzJNHx7ZLlJML9BjZQVQ,UgxaqzIcfR2-ut3f8pF4AaABAg,https://www.youtube.com/watch?v=d6A3cVkIKGc&lc=UgxaqzIcfR2-ut3f8pF4AaABAg,"Mason...
The clean fighter 🎉🎉",@TotokTaman-c7o,2026-07-23T00:00:00Z,0,
YT2000261,2026 PFL Africa: Nigeria,MMA,,2026 PFL Africa: Nigeria | Full Event,uIYQboeQ7do,https://www.youtube.com/watch?v=uIYQboeQ7do,PFL MMA,UCPrONRG9hO1f-OrxW-WH-xg,Ugw37iBEsXwsKnVm3a54AaABAg,https://www.youtube.com/watch?v=uIYQboeQ7do&lc=Ugw37iBEsXwsKnVm3a54AaABAg,Wait PFL Africa actually happened and I didn’t know about it until afterwards,@rustyshackleford4958,2026-06-23T00:00:00Z,1,
YT2000262,2026 BMW PGA Championship,Golf,,Round 4 Highlights | 2026 BMW PGA Championship,gQZomCyCWuw,https://www.youtube.com/watch?v=gQZomCyCWuw,DP World Tour,UCvZwbZt6YZQ4wj_7qyjPDZw,Ugz_tLKyZEdr7k4W7CF4AaABAg,https://www.youtube.com/watch?v=gQZomCyCWuw&lc=Ugz_tLKyZEdr7k4W7CF4AaABAg,"Who makes these highlights. They should be fired or trained how to make them. Very few shots of JJ, haven't seen a single shot of Aaron Rai in last three days while contending seriously in the final round. Highlights and thumbnail don't do justice to what actually transpired in the tournament",@brijeshshah3324,2026-09-21T18:00:00Z,0,
YT2000263,2026 Green Mountain Championship,Disc Golf,,Final Round Highlights | MPO | 2026 Green Mountain Championship,UoebFpL95VE,https://www.youtube.com/watch?v=UoebFpL95VE,Disc Golf Pro Tour,UCw0WzNn6m2Na6ZW7rKqWI3g,Ugz94MWrPdKvh0n35254AaABAg,https://www.youtube.com/watch?v=UoebFpL95VE&lc=Ugz94MWrPdKvh0n35254AaABAg,I like watching all these guys who aren't in the main pack of pros winning! Gives me a little hope that I could win one of those one day lol,@megabotofficial8519,2026-09-22T00:00:00Z,0,
YT2000264,Japan vs USA (2026 Men’s VNL Semifinal),Volleyball,,Japan 🇯🇵 vs. USA 🇺🇸 - Semi Final | Highlights | Men's VNL 2026,Cvj9Q6fYu3s,https://www.youtube.com/watch?v=Cvj9Q6fYu3s,Volleyball World,UCNMg6XDhRZI2QzL4pWOvP_w,UgxtM_ylurMrfkf3cEh4AaABAg,https://www.youtube.com/watch?v=Cvj9Q6fYu3s&lc=UgxtM_ylurMrfkf3cEh4AaABAg,This is one match that Japan will never forget.,@oliverred1268,2026-09-16T00:00:00Z,0,
YT2000265,Hurricanes vs Blues (2026 Super Rugby Pacific),Rugby,,HURRICANES v BLUES | Rd 9 Highlights | Super Rugby Pacific 2026,TLq0hc3Oxtg,https://www.youtube.com/watch?v=TLq0hc3Oxtg,Super Rugby Pacific,UCDOGExGCsrrt_RrGDgLuMww,Ugw1qhVHtWyiT0ANgSd4AaABAg,https://www.youtube.com/watch?v=TLq0hc3Oxtg&lc=Ugw1qhVHtWyiT0ANgSd4AaABAg,who would bet against the canes for going all the way to clinch the gold in 2026....unless something dramatic happens it's almost a forgone conclusion,@plutoniumnitrate1201,2026-04-23T00:00:00Z,0,
YT2000266,Napoli vs Arsenal (2026 UEFA Champions League),Football,,Napoli vs. Arsenal: Extended Highlights | UCL League Phase MD 1 | CBS Sports Golazo,7HFHdzIMgZ8,https://www.youtube.com/watch?v=7HFHdzIMgZ8,CBS Sports Golazo,UCET00YnetHT7tOpu12v8jxg,UgyRZrHdgKPs_pL6zEl4AaABAg,https://www.youtube.com/watch?v=7HFHdzIMgZ8&lc=UgyRZrHdgKPs_pL6zEl4AaABAg,Bro madueke pisses me off bro just put it in nettttt!!!!!,@emmanuelordonez6760,2026-09-17T00:00:00Z,0,
YT2000267,India vs Japan (2026 T20I),Cricket,,India vs Japan T20 Match Full Highlights 2026 | India vs Japan Highlights,AcDMlgbrcK4,https://www.youtube.com/watch?v=AcDMlgbrcK4,Cricket Expert,UCWSCF-pqjmfIM4Dmxwh0ViQ,UgxDHZHJMifem5ti0M54AaABAg,https://www.youtube.com/watch?v=AcDMlgbrcK4&lc=UgxDHZHJMifem5ti0M54AaABAg,Untill china enters into cricket we are number 1 in cricket,@navas2379620,2026-09-22T13:36:00Z,0,
YT2000268,Ben Shelton vs Brandon Nakashima (2026 Montreal Final),Tennis,,Ben Shelton vs Brandon Nakashima Title Battle 🏆 | Montreal 2026 Final Highlights,dvynMKs124E,https://www.youtube.com/watch?v=dvynMKs124E,Tennis TV,UCbcxFkd6B9xUU54InHv4Tig,UgzXC-mD7a-_huKu7Td4AaABAg,https://www.youtube.com/watch?v=dvynMKs124E&lc=UgzXC-mD7a-_huKu7Td4AaABAg,A little slow and shorts the shots of Nakashima,@0gktjsor,2026-08-23T00:00:00Z,0,
YT2000269,2026 Dutch Grand Prix,Formula 1,2026-08-23,Fans React to the 2026 Dutch Grand Prix,NyQ_Ukqyj1s,https://www.youtube.com/watch?v=NyQ_Ukqyj1s,Kr1s,UCz-llHGeBJB06SA6g-Q_JKA,Ugw5INhVfb0NSiSgomB4AaABAg,https://www.youtube.com/watch?v=NyQ_Ukqyj1s&lc=Ugw5INhVfb0NSiSgomB4AaABAg,"george was asking about the weather when max was talking about george btw, so i think its george who lives in max's head rent free",@PixelWatchesYoutube,2026-09-09T00:00:00Z,0,
YT2000270,Phoenix Mercury vs Portland Fire (2026 WNBA),Basketball,2026-09-17,"Phoenix Mercury vs. Portland Fire | FULL GAME HIGHLIGHTS | September 17, 2026",HkKKiotHvyI,https://www.youtube.com/watch?v=HkKKiotHvyI,WNBA,UCO9a_ryN_l7DIDS-VIt-zmw,UgykRYsR4L36GWlOZ5B4AaABAg,https://www.youtube.com/watch?v=HkKKiotHvyI&lc=UgykRYsR4L36GWlOZ5B4AaABAg,"When Portland gets Martin, watch out! But they still need to trade for a top Big. Maybe they will get one from Europe or trade to draft early and get Sarah Strong (if she goes into the draft).",@frankwestmoreland4300,2026-09-20T00:00:00Z,0,
YT2000271,2026 European Athletics Championships Day 1,Athletics,,Day One Highlights | Birmingham 2026 European Athletics Championships,HBzZeY_kr_4,https://www.youtube.com/watch?v=HBzZeY_kr_4,European Athletics,UCp21zu_8Hd0w9HULooemRCA,UgxyW_IVzL3VqvlvzfJ4AaABAg,https://www.youtube.com/watch?v=HBzZeY_kr_4&lc=UgxyW_IVzL3VqvlvzfJ4AaABAg,"Ahh yes, the original European - da African",@cucumbers101,2026-08-23T00:00:00Z,0,
YT2000272,An Se Young vs Wang Zhi Yi (2026 BWF World Championships Semifinal),Badminton,,BWF World Championships 2026 | An Se Young (KOR) [1] vs Wang Zhi Yi (CHN) [3] | SF,7XPUAD74usE,https://www.youtube.com/watch?v=7XPUAD74usE,BWF TV,UChh-akEbUM8_6ghGVnJd6cQ,Ugz-wp6JPaH1e70qogl4AaABAg,https://www.youtube.com/watch?v=7XPUAD74usE&lc=Ugz-wp6JPaH1e70qogl4AaABAg,China lost again 😂😂,@mrinangochakraborty9103,2026-09-02T00:00:00Z,12,
YT2000273,Canada vs Norway (2026 IIHF Men’s World Championship),Hockey,,Highlights: Canada vs Norway | 2026 #MensWorlds,OOpKz9itTzs,https://www.youtube.com/watch?v=OOpKz9itTzs,IIHF,UCtmgna7qB0oQF2oOcVgndbw,UgwzPxTkUHzd9j08nq94AaABAg,https://www.youtube.com/watch?v=OOpKz9itTzs&lc=UgwzPxTkUHzd9j08nq94AaABAg,good work Norway! see? hockey is more awesome than skiing! now maybe we will see more Norwegian players in the NHL.,@BEAKER6868,2026-07-23T00:00:00Z,1,
YT2000274,Legendary Boxing Fights Collection,Boxing,,"12 Hours of Legendary Fights | Mayweather, Ali, Inoue & More",4GCNfWec-30,https://www.youtube.com/watch?v=4GCNfWec-30,Top Rank Boxing,UCbzRzJNHx7ZLlJML9BjZQVQ,UgxOkS0d-cIdzcXScrh4AaABAg,https://www.youtube.com/watch?v=4GCNfWec-30&lc=UgxOkS0d-cIdzcXScrh4AaABAg,about to watch this in 2 sittings,@garvgill,2026-05-23T00:00:00Z,1,
YT2000275,2026 PFL Africa: Pretoria,MMA,,2026 PFL Africa: Pretoria | Full Event,P1eO07hMeSU,https://www.youtube.com/watch?v=P1eO07hMeSU,PFL MMA,UCPrONRG9hO1f-OrxW-WH-xg,UgyO1gTuV3wsQAgPoZN4AaABAg,https://www.youtube.com/watch?v=P1eO07hMeSU&lc=UgyO1gTuV3wsQAgPoZN4AaABAg,WHERE ARE THE WEIGH INS FOR THE 6/13/2026 EVENT??? I AM LOOKING EVERYWHERE AND CANNOT FIND IT,@BREED-rv6kt,2026-06-23T00:00:00Z,0,
YT2000276,2026 BMW PGA Championship Final Round,Golf,,Final Round DRAMA at Wentworth | 2026 BMW PGA Championship,fJWYN9Sk7wo,https://www.youtube.com/watch?v=fJWYN9Sk7wo,DP World Tour,UCvZwbZt6YZQ4wj_7qyjPDZw,UgzoqGJQEIFuY1eGVgN4AaABAg,https://www.youtube.com/watch?v=fJWYN9Sk7wo&lc=UgzoqGJQEIFuY1eGVgN4AaABAg,"Another win for JJ! Well deserved, he seems very kind",@xavbrando,2026-09-22T09:00:00Z,1,
YT2000277,2026 Green Mountain Championship,Disc Golf,,Final Round Highlights | MPO | 2026 Green Mountain Championship,UoebFpL95VE,https://www.youtube.com/watch?v=UoebFpL95VE,Disc Golf Pro Tour,UCw0WzNn6m2Na6ZW7rKqWI3g,Ugw-78QCXWFlUCpdjVV4AaABAg,https://www.youtube.com/watch?v=UoebFpL95VE&lc=Ugw-78QCXWFlUCpdjVV4AaABAg,"As baffeling as Lego’s decision seemed to the commentary, if he executes there on 18 and eagles that….It would have been second recent in best finishes only to Conrads field ace to beat Mcbeast at worlds (IMO). Hats off to Raven, glad to see him get it done! Sarah showing up unannounced is a highlight in itself.",@oshow911,2026-09-22T00:00:00Z,0,
YT2000278,USA vs Poland (2026 Men’s VNL Final),Volleyball,,USA 🇺🇸 vs. Poland 🇵🇱 - Gold Match | Highlights | Men's VNL 2026 - Final,SAjrSUNCQbc,https://www.youtube.com/watch?v=SAjrSUNCQbc,Volleyball World,UCNMg6XDhRZI2QzL4pWOvP_w,Ugz4k46N3WavJLMPKSp4AaABAg,https://www.youtube.com/watch?v=SAjrSUNCQbc&lc=Ugz4k46N3WavJLMPKSp4AaABAg,The best players from the Volleyland 🇵🇱,@beatbemb,2026-09-13T00:00:00Z,1,
YT2000279,South Africa vs New Zealand (2026 Rugby Test),Rugby,,SOUTH AFRICA v NEW ZEALAND | 4th Test Highlights | Rugby's Greatest Rivalry 2026,G3s7nFFiRyk,https://www.youtube.com/watch?v=G3s7nFFiRyk,SANZAAR TV,UCvMgypvk0d5P0K3F3bB19Eg,UgyucoYMl63l5uJzGYt4AaABAg,https://www.youtube.com/watch?v=G3s7nFFiRyk&lc=UgyucoYMl63l5uJzGYt4AaABAg,"Even with all the cheating, the All Blacks couldn't win. Sad.",@anarchistscientist,2026-09-18T00:00:00Z,1,
YT2000280,Porto vs Manchester City (2026 UEFA Champions League),Football,,Porto vs. Man. City: Extended Highlights | UCL League Phase MD 1 | CBS Sports Golazo,mXNFbZJdcqY,https://www.youtube.com/watch?v=mXNFbZJdcqY,CBS Sports Golazo,UCET00YnetHT7tOpu12v8jxg,UgzkPBf4ntXGu3sriVZ4AaABAg,https://www.youtube.com/watch?v=mXNFbZJdcqY&lc=UgzkPBf4ntXGu3sriVZ4AaABAg,Glad to see Enzoo Era going well till now ❤😊,@sigmaeditz329,2026-09-16T00:00:00Z,1,
YT2000281,"Afghanistan vs India (2026 T20I Series, Match 3)",Cricket,,Match Highlights | Afghanistan vs India | Match 03 | T20I Series 2026 | ACB | M9N1J,CJU-fIbr8Vk,https://www.youtube.com/watch?v=CJU-fIbr8Vk,Sports Central by DRM,UC-fzWbU1zavz77kP1gPPdSg,UgzurERE6F1m48mUgWx4AaABAg,https://www.youtube.com/watch?v=CJU-fIbr8Vk&lc=UgzurERE6F1m48mUgWx4AaABAg,Asian 1vs 2 team 😂😂,@azimmia475,2026-09-20T00:00:00Z,0,
YT2000282,Taylor Fritz vs Rafael Jodar (2026 Washington Final),Tennis,,Taylor Fritz vs Rafael Jodar For The Washington Title 🏆 | 2026 Final Highlights,-4AXzTrC9Ls,https://www.youtube.com/watch?v=-4AXzTrC9Ls,Tennis TV,UCbcxFkd6B9xUU54InHv4Tig,UgweeMbr0h48FTui0514AaABAg,https://www.youtube.com/watch?v=-4AXzTrC9Ls&lc=UgweeMbr0h48FTui0514AaABAg,Rafael u gonna hold a big 🏆 1 day bro,@RonanJaPianist,2026-08-23T00:00:00Z,0,
YT2000283,2026 Barcelona-Catalunya Grand Prix,Formula 1,2026-06-14,Fans React to the 2026 Barcelona-Catalunya Grand Prix,thGDQT82t6c,https://www.youtube.com/watch?v=thGDQT82t6c,Kr1s,UCz-llHGeBJB06SA6g-Q_JKA,Ugw4piVchxs10z1S2vx4AaABAg,https://www.youtube.com/watch?v=thGDQT82t6c&lc=Ugw4piVchxs10z1S2vx4AaABAg,Hamilton wins and Fabio isn't even here.😭🤣,@WhatInTheWorld101-04,2026-07-23T00:00:00Z,0,
YT2000284,2025-26 EuroLeague Season Plays,Basketball,,Top 10 PLAYS of the Season | EuroLeague Basketball 2025-26,Gnq_Nhv-ZAM,https://www.youtube.com/watch?v=Gnq_Nhv-ZAM,EUROLEAGUE BASKETBALL,UCGr3nR_XH9r6E5b09ZJAT9w,Ugz0vwxfBGuc9nCE8CZ4AaABAg,https://www.youtube.com/watch?v=Gnq_Nhv-ZAM&lc=Ugz0vwxfBGuc9nCE8CZ4AaABAg,wade baldwin game winner is better lol nice choise,@ahmettopaloglu1085,2026-07-23T00:00:00Z,0,
YT2000285,2026 European Athletics Championships Day 5,Athletics,,Day Five Highlights | Birmingham 2026 European Athletics Championships,SVDkKeN8kIU,https://www.youtube.com/watch?v=SVDkKeN8kIU,European Athletics,UCp21zu_8Hd0w9HULooemRCA,UgxV0z-gDn5dvGfn1cN4AaABAg,https://www.youtube.com/watch?v=SVDkKeN8kIU&lc=UgxV0z-gDn5dvGfn1cN4AaABAg,"Can we talk about Warholm, man was flying on the track way too easy , need some check up",@softcorejohn5,2026-08-23T00:00:00Z,0,
YT2000286,Alex Lanier vs Kunlavut Vitidsarn (2026 BWF World Championships Quarterfinal),Badminton,,BWF World Championships 2026 | Alex Lanier (FRA) [9] vs Kunlavut Vitidsarn (THA) [2] | QF,bsdgjFX-nhQ,https://www.youtube.com/watch?v=bsdgjFX-nhQ,BWF TV,UChh-akEbUM8_6ghGVnJd6cQ,UgyRsnnbkKJFAEhgIUN4AaABAg,https://www.youtube.com/watch?v=bsdgjFX-nhQ&lc=UgyRsnnbkKJFAEhgIUN4AaABAg,"1:21:39 The one screaming at each vitidsarn points in the 3rd set is screaming like he won the lottery, it's too much 😅",@Kanranju,2026-08-23T00:00:00Z,0,
YT2000287,Canada vs USA (2026 IIHF Men’s World Championship),Hockey,,Highlights: Canada vs USA | 2026 #MensWorlds,gEPn42NmMIs,https://www.youtube.com/watch?v=gEPn42NmMIs,IIHF,UCtmgna7qB0oQF2oOcVgndbw,Ugw7WoP9J8u3NXKzorB4AaABAg,https://www.youtube.com/watch?v=gEPn42NmMIs&lc=Ugw7WoP9J8u3NXKzorB4AaABAg,Well done guys.🇸🇪🫶🇨🇦,@BogardanLord,2026-06-23T00:00:00Z,0,
YT2000288,Teremoana vs Heavyweight Opponent (2026 Matchroom Boxing),Boxing,,Undefeated giant heavyweight Teremoana | Non-Stop KOs | Matchroom Boxing,Q0PKJmMaV_U,https://www.youtube.com/watch?v=Q0PKJmMaV_U,Matchroom Boxing,UC7LReVje9aPB4B6XAsXX8WQ,UgyzfpvxcI0dXq3UATp4AaABAg,https://www.youtube.com/watch?v=Q0PKJmMaV_U&lc=UgyzfpvxcI0dXq3UATp4AaABAg,Beating up hack fighters who cares.,@neilforbes1082,2026-08-23T00:00:00Z,0,
YT2000289,ONE Friday Fights 171,MMA,,ONE Friday Fights 171 | Explosive Highlights 🔥,dWNc1BdF9Mk,https://www.youtube.com/watch?v=dWNc1BdF9Mk,ONE Championship,UCiormkBf3jm6mfb7k0yPbKA,UgxLp9Mu-7iAvfriy7N4AaABAg,https://www.youtube.com/watch?v=dWNc1BdF9Mk&lc=UgxLp9Mu-7iAvfriy7N4AaABAg,One should just ditch mma and grappling and be a k1 and muay thai league,@marcofantesini5058,2026-09-20T00:00:00Z,2,
YT2000290,2026 Biltmore Championship,Golf,,PGA Tour Highlights | Final Round | Biltmore Championship | 2026,SwVHCOFT7Wc,https://www.youtube.com/watch?v=SwVHCOFT7Wc,PGA Tour,UCKwGZZMrhNYKzucCtTPY2Nw,UgyQrU6GIbOugXUrKLR4AaABAg,https://www.youtube.com/watch?v=SwVHCOFT7Wc&lc=UgyQrU6GIbOugXUrKLR4AaABAg,"Incredible fumble by Shipley, Bridgeman shooting -10 is perfect golf.",@Rebecca-o7m5s,2026-09-22T00:00:00Z,14,
YT2000291,2026 Green Mountain Championship,Disc Golf,,Final Round Highlights | MPO | 2026 Green Mountain Championship,UoebFpL95VE,https://www.youtube.com/watch?v=UoebFpL95VE,Disc Golf Pro Tour,UCw0WzNn6m2Na6ZW7rKqWI3g,UgxUMbdu99c1LWkvFGZ4AaABAg,https://www.youtube.com/watch?v=UoebFpL95VE&lc=UgxUMbdu99c1LWkvFGZ4AaABAg,MVP playing great this year! Other than Simon lol,@Kryptic513,2026-09-22T00:00:00Z,2,
YT2000292,Italy vs Denmark (2026 CEV EuroVolley),Volleyball,,Highlights | Italy vs. Denmark | CEV Enel EuroVolley 2026 Men | Eight Finals,JK_IC9hRAMg,https://www.youtube.com/watch?v=JK_IC9hRAMg,European Volleyball,UC8XRC858pOERvclUDb_d7rg,Ugz2KxADqD1t1lopV6V4AaABAg,https://www.youtube.com/watch?v=JK_IC9hRAMg&lc=Ugz2KxADqD1t1lopV6V4AaABAg,ffky， danmark,@殆弯溅搐,2026-09-22T00:00:00Z,0,
YT2000293,England vs Fiji (2026 Nations Championship),Rugby,,England v Fiji highlights | 2026 Nations Championship,4tewDq2UAtI,https://www.youtube.com/watch?v=4tewDq2UAtI,England Rugby,UCmi7CahP3G3YySOAFOfSnkw,UgySshWWuLAeVy8dRvJ4AaABAg,https://www.youtube.com/watch?v=4tewDq2UAtI&lc=UgySshWWuLAeVy8dRvJ4AaABAg,England getting excited like they’ve just won a World Cup match. Where was this spark and confidence against the boks? lol,@crichussey9167,2026-07-23T00:00:00Z,2,
YT2000294,Barcelona vs Feyenoord (2026 UEFA Champions League),Football,,HIGHLIGHTS | FC BARCELONA 5 vs 1 FEYENOORD | UEFA CHAMPIONS LEAGUE 26/27 🔵🔴,XqSrz6MKVlk,https://www.youtube.com/watch?v=XqSrz6MKVlk,FC Barcelona,UC14UlmYlSNiQCBe9Eookf_A,UgwnRfdxiU5TCb42iA54AaABAg,https://www.youtube.com/watch?v=XqSrz6MKVlk&lc=UgwnRfdxiU5TCb42iA54AaABAg,this team isnt fair,@MbikosamuelManda,2026-09-22T00:00:00Z,0,
YT2000295,"Afghanistan vs India (2026 T20I Series, Match 3)",Cricket,,Full Match Highlights | Afghanistan vs India | Match 03 | T20I Series 2026 | ACB | M9N1J,TapC28fhANQ,https://www.youtube.com/watch?v=TapC28fhANQ,Sports Central by DRM,UC-fzWbU1zavz77kP1gPPdSg,Ugx4cTzNcS5nLqPcUQ94AaABAg,https://www.youtube.com/watch?v=TapC28fhANQ&lc=Ugx4cTzNcS5nLqPcUQ94AaABAg,Good 👍 job india 🇮🇳,@AsmatFaizy,2026-09-21T00:00:00Z,1,
YT2000296,Tommy Paul vs Alexander Zverev (2026 Cincinnati),Tennis,,Tommy Paul Takes Down Top Seed Alexander Zverev | Cincinnati 2026 Highlights,Gko2ruOI7os,https://www.youtube.com/watch?v=Gko2ruOI7os,Tennis TV,UCbcxFkd6B9xUU54InHv4Tig,UgxRFlzi7m7pSXm5xed4AaABAg,https://www.youtube.com/watch?v=Gko2ruOI7os&lc=UgxRFlzi7m7pSXm5xed4AaABAg,Have they slowed down the courts? Damn,@cheerbust4888,2026-08-23T00:00:00Z,0,
YT2000297,2026 Hungarian Grand Prix,Formula 1,2026-07-26,Fans React to the 2026 Hungarian Grand Prix,SDzQqr7-JwY,https://www.youtube.com/watch?v=SDzQqr7-JwY,Kr1s,UCz-llHGeBJB06SA6g-Q_JKA,UgyTF2w2qH7ItwE3U8d4AaABAg,https://www.youtube.com/watch?v=SDzQqr7-JwY&lc=UgyTF2w2qH7ItwE3U8d4AaABAg,33:35 33:43,@charliecribbinremnant,2026-08-23T00:00:00Z,1,
YT2000298,Real Madrid vs Olympiacos (2026 EuroLeague SuperCup),Basketball,,A FINAL TO REMEMBER! | Real Madrid vs Olympiacos | Euroleague Basketball SuperCup,AEqOzTt3y0o,https://www.youtube.com/watch?v=AEqOzTt3y0o,EUROLEAGUE BASKETBALL,UCGr3nR_XH9r6E5b09ZJAT9w,UgxPbkDIF0Oxpq1Iaex4AaABAg,https://www.youtube.com/watch?v=AEqOzTt3y0o&lc=UgxPbkDIF0Oxpq1Iaex4AaABAg,Always SPAIN,@Hispania-nz9xw,2026-09-22T07:00:00Z,0,
YT2000299,2026 European Athletics Championships Women’s 200m,Athletics,,"EVERY Race Women's 200m European Athletics Championships 2026 | Heats, Semi-Finals & Final",h3DQIN4CRts,https://www.youtube.com/watch?v=h3DQIN4CRts,European Athletics,UCp21zu_8Hd0w9HULooemRCA,UgzHo5t528oWvUFWwKN4AaABAg,https://www.youtube.com/watch?v=h3DQIN4CRts&lc=UgzHo5t528oWvUFWwKN4AaABAg,👏👏👏👏👏,@1NorthSparrow246,2026-09-21T21:00:00Z,0,
YT2000300,Chia/Soh vs Liang/Wang (2026 BWF World Championships Final),Badminton,,BWF World Championships 2026 | Chia/Soh (MAS) [4] vs Liang/Wang (CHN) [3] | F,OyTqFMdLb_U,https://www.youtube.com/watch?v=OyTqFMdLb_U,BWF TV,UChh-akEbUM8_6ghGVnJd6cQ,UgwZzNhIAHwcIEIWaXl4AaABAg,https://www.youtube.com/watch?v=OyTqFMdLb_U&lc=UgwZzNhIAHwcIEIWaXl4AaABAg,"Now we know that this is the VERY LAST international match that Xia Xuanze Coached as the coach of team China.

After today, he would never have that chance again……",@sandman2438,2026-09-02T00:00:00Z,2,
YT2000301,Switzerland vs Finland (2026 IIHF Men’s World Championship),Hockey,,Highlights: Switzerland vs Finland | 2026 #MensWorlds,HIpHZ_vblSo,https://www.youtube.com/watch?v=HIpHZ_vblSo,IIHF,UCtmgna7qB0oQF2oOcVgndbw,Ugx-D0ihTZOKHc28rPR4AaABAg,https://www.youtube.com/watch?v=HIpHZ_vblSo&lc=Ugx-D0ihTZOKHc28rPR4AaABAg,speed....,@jounimaenpaa7507,2026-09-12T00:00:00Z,0,
YT2000302,Rolly Romero vs Ryan Garcia (2026 Boxing),Boxing,,Fight Highlights | Rolly Romero Stuns Ryan Garcia | Matchroom Boxing,CWUVyUtDivQ,https://www.youtube.com/watch?v=CWUVyUtDivQ,Matchroom Boxing,UC7LReVje9aPB4B6XAsXX8WQ,Ugybk7ajeo80IT6C8cl4AaABAg,https://www.youtube.com/watch?v=CWUVyUtDivQ&lc=Ugybk7ajeo80IT6C8cl4AaABAg,This fucking fight is so boring,@Emersonic-c4d,2026-09-11T00:00:00Z,0,
YT2000303,ONE Friday Fights 170,MMA,,ONE Friday Fights 170 | Thrilling Fight Highlights 💪,n_ZYgAY0EIM,https://www.youtube.com/watch?v=n_ZYgAY0EIM,ONE Championship,UCiormkBf3jm6mfb7k0yPbKA,UgxsBCFzHW7oRh3XJFl4AaABAg,https://www.youtube.com/watch?v=n_ZYgAY0EIM&lc=UgxsBCFzHW7oRh3XJFl4AaABAg,"Man, the Judges… If these „decisions“ continue, i‘ll stop watching ONE.",@roboutico,2026-09-16T00:00:00Z,2,
YT2000304,2026 Biltmore Championship,Golf,,"PGA Tour Highlights: 2026 Biltmore Championship Asheville, Final Round | Golf Channel",rL6FUtWrgjA,https://www.youtube.com/watch?v=rL6FUtWrgjA,Golf Channel,UC5igJFdBQVqg7hXFI7075OQ,UgyG--nyYvNhBGiFRaR4AaABAg,https://www.youtube.com/watch?v=rL6FUtWrgjA&lc=UgyG--nyYvNhBGiFRaR4AaABAg,It’s not Castilleo!,@1cleandude,2026-09-22T00:00:00Z,1,
YT2000305,2026 Green Mountain Championship,Disc Golf,,Final Round Highlights | MPO | 2026 Green Mountain Championship,UoebFpL95VE,https://www.youtube.com/watch?v=UoebFpL95VE,Disc Golf Pro Tour,UCw0WzNn6m2Na6ZW7rKqWI3g,UgxEjTdgLKMGiA7AaJl4AaABAg,https://www.youtube.com/watch?v=UoebFpL95VE&lc=UgxEjTdgLKMGiA7AaJl4AaABAg,Great W Raven! Awesome,@moisesquinteros7439,2026-09-22T00:00:00Z,0,
YT2000306,Belgium vs Czechia (2026 CEV EuroVolley),Volleyball,,Highlights | BELGIUM vs. CZECHIA | CEV Enel EuroVolley 2026 Men | Eight Finals,PW7s66Q3ZPk,https://www.youtube.com/watch?v=PW7s66Q3ZPk,European Volleyball,UC8XRC858pOERvclUDb_d7rg,UgwNiXP9pVlr5cA_tG14AaABAg,https://www.youtube.com/watch?v=PW7s66Q3ZPk&lc=UgwNiXP9pVlr5cA_tG14AaABAg,"Why is this music so loud, so irritating",@allpong3387,2026-09-21T20:00:00Z,3,
YT2000307,Wallabies vs France (2026 Nations Championship),Rugby,,Wallabies v France Highlights | Nations Championship 2026 | Round 2,qKCIZyiqjbc,https://www.youtube.com/watch?v=qKCIZyiqjbc,Wallabies,UC4Y6lpmGz2rkbOVdrOhjgvQ,UgzhttCP_dAeQJjr0-x4AaABAg,https://www.youtube.com/watch?v=qKCIZyiqjbc&lc=UgzhttCP_dAeQJjr0-x4AaABAg,France 🇫🇷,@fhulufhelo-e6s,2026-07-23T00:00:00Z,0,
YT2000308,Manchester City vs Sunderland (2026 Premier League),Football,,EXTENDED HIGHLIGHTS | Man City 5-3 Sunderland | A Premier League Classic at the Etihad!,dVFiXhUKXmI,https://www.youtube.com/watch?v=dVFiXhUKXmI,Man City,UCkzCjdRMrW2vXLx8mvPVLdQ,UgyRyYVLvGA8lDZDORB4AaABAg,https://www.youtube.com/watch?v=dVFiXhUKXmI&lc=UgyRyYVLvGA8lDZDORB4AaABAg,🩵🩵🩵🩵🩵,@budibillal560,2026-09-22T13:22:00Z,0,
YT2000309,"Afghanistan vs India (2026 T20I Series, Match 2)",Cricket,,Full Match Highlights | Afghanistan vs India | Match 02 | T20I Series 2026 | ACB | M9N1J,svAuradtMZw,https://www.youtube.com/watch?v=svAuradtMZw,Sports Central by DRM,UC-fzWbU1zavz77kP1gPPdSg,UgyCN55zjZV7NyP3jJ54AaABAg,https://www.youtube.com/watch?v=svAuradtMZw&lc=UgyCN55zjZV7NyP3jJ54AaABAg,"YouTube ❌
AddTube✅",@MsAkhi07,2026-09-18T00:00:00Z,0,
YT2000310,Tommy Paul vs Roman Burruchaga (2026 Houston Final),Tennis,,Tommy Paul vs Roman Burruchaga For The Title 🏆 | Houston 2026 Final Highlights,YPJzLCm5qKI,https://www.youtube.com/watch?v=YPJzLCm5qKI,Tennis TV,UCbcxFkd6B9xUU54InHv4Tig,UgzWdXmIOSAwU7XR3G14AaABAg,https://www.youtube.com/watch?v=YPJzLCm5qKI&lc=UgzWdXmIOSAwU7XR3G14AaABAg,Congratulations to Paul👍💪..  Very cool n humble person... Salam from Malaysia♥️,@razmd2296,2026-04-23T00:00:00Z,0,
YT2000311,2026 Canadian Grand Prix,Formula 1,2026-05-24,Fans React to the 2026 Canadian Grand Prix,MfGFEzeee54,https://www.youtube.com/watch?v=MfGFEzeee54,Kr1s,UCz-llHGeBJB06SA6g-Q_JKA,Ugzba3BMzpvS42pG96J4AaABAg,https://www.youtube.com/watch?v=MfGFEzeee54&lc=Ugzba3BMzpvS42pG96J4AaABAg,Yo the George hate is out of control 🙏😭,@SomethingleVlogger,2026-06-23T00:00:00Z,5,
YT2000312,Olympiacos vs Real Madrid (2026 EuroLeague SuperCup Final),Basketball,,OLYMPIACOS takes THE CROWN IN ATHENS | Olympiacos - Real Madrid | CHAMPIONSHIP GAME Highlights 2026,MDWcq_KCkzY,https://www.youtube.com/watch?v=MDWcq_KCkzY,EUROLEAGUE BASKETBALL,UCGr3nR_XH9r6E5b09ZJAT9w,UgzGNviDjbfgFQ81gpt4AaABAg,https://www.youtube.com/watch?v=MDWcq_KCkzY&lc=UgzGNviDjbfgFQ81gpt4AaABAg,"El Real Madrid Baloncesto Batallo con todo y contra los Árbitros y sin un Puesto 5 durante toda la temporada y tuvimos al Campeón de Europa contra las Cuerdas 
EL REAL MADRID BALONCESTO ES EL PUTO AMO DE EUROPA",@Alex1132-t4j,2026-09-09T00:00:00Z,0,
YT2000313,2026 European Athletics Championships Day 6,Athletics,,Day Six Highlights | Birmingham 2026 European Athletics Championships,Pr8JLNyeRwU,https://www.youtube.com/watch?v=Pr8JLNyeRwU,European Athletics,UCp21zu_8Hd0w9HULooemRCA,Ugzqo6y3MrMvIGe9j1N4AaABAg,https://www.youtube.com/watch?v=Pr8JLNyeRwU&lc=Ugzqo6y3MrMvIGe9j1N4AaABAg,Massimo Luffy😂21:10,@deathtrasser,2026-08-23T00:00:00Z,0,
YT2000314,Lakshya Sen vs Lin Chun-Yi (2026 All England Open),Badminton,,YONEX All England Open 2026 | Lakshya Sen (IND) vs Lin Chun-Yi (TPE) | F,7Q5JTy88JfQ,https://www.youtube.com/watch?v=7Q5JTy88JfQ,BWF TV,UChh-akEbUM8_6ghGVnJd6cQ,Ugxf7fvZ5HVweNQuWYd4AaABAg,https://www.youtube.com/watch?v=7Q5JTy88JfQ&lc=Ugxf7fvZ5HVweNQuWYd4AaABAg,"I am absolutely, behind Laksyha Sen. Exhaustion is the main factor long hours on the court really killing. I wish to witness Laksyha win the Olympic medal in future.",@hilaryjulian6037,2026-08-23T00:00:00Z,0,
YT2000315,Slovakia vs Czechia (2026 IIHF Men’s World Championship),Hockey,,Highlights: Slovakia vs Czechia | 2026 #MensWorlds,i9HSH4dvZg8,https://www.youtube.com/watch?v=i9HSH4dvZg8,IIHF,UCtmgna7qB0oQF2oOcVgndbw,UgyRXTlxlr__nYsAII94AaABAg,https://www.youtube.com/watch?v=i9HSH4dvZg8&lc=UgyRXTlxlr__nYsAII94AaABAg,Česko Slovensko je už doma dojebali čo mohli a pojebani Nori čo sme im dávali 8 gólov hrajú semifinále 😫😫😫,@jozefhiacint5784,2026-06-23T00:00:00Z,0,
YT2000316,Bam Rodriguez vs Vargas (2026 Boxing),Boxing,,Bam Rodriguez Knocks Out Vargas To Become Three-Weight World Champ | Matchroom Boxing,5i51aZYjocM,https://www.youtube.com/watch?v=5i51aZYjocM,Matchroom Boxing,UC7LReVje9aPB4B6XAsXX8WQ,Ugyz9rDaEdaXWwyzYNt4AaABAg,https://www.youtube.com/watch?v=5i51aZYjocM&lc=Ugyz9rDaEdaXWwyzYNt4AaABAg,Stop hyping up this Bam against Inoue.  Inoue is another level.,@marvelv212,2026-06-23T00:00:00Z,0,
YT2000317,ONE Friday Fights 169,MMA,,ONE Friday Fights 169 Highlights 💥🥊,RwqvQX9iDJE,https://www.youtube.com/watch?v=RwqvQX9iDJE,ONE Championship,UCiormkBf3jm6mfb7k0yPbKA,Ugy0vIgYinYNFKVENKt4AaABAg,https://www.youtube.com/watch?v=RwqvQX9iDJE&lc=Ugy0vIgYinYNFKVENKt4AaABAg,black dude got robbed,@puregeniusful,2026-09-09T00:00:00Z,0,
YT2000318,2026 BMW PGA Championship,Golf,,Round 4 Highlights | 2026 BMW PGA Championship,gQZomCyCWuw,https://www.youtube.com/watch?v=gQZomCyCWuw,DP World Tour,UCvZwbZt6YZQ4wj_7qyjPDZw,UgyFH8Bn_nVtdzM3stZ4AaABAg,https://www.youtube.com/watch?v=gQZomCyCWuw&lc=UgyFH8Bn_nVtdzM3stZ4AaABAg,Bonjour c'est quoi de ces commentaires d( AI😭,@bertrandtissier8964,2026-09-21T17:00:00Z,1,
YT2000319,2026 Green Mountain Championship,Disc Golf,,Final Round Highlights | MPO | 2026 Green Mountain Championship,UoebFpL95VE,https://www.youtube.com/watch?v=UoebFpL95VE,Disc Golf Pro Tour,UCw0WzNn6m2Na6ZW7rKqWI3g,Ugz-mjfDRtAKScCKpER4AaABAg,https://www.youtube.com/watch?v=UoebFpL95VE&lc=Ugz-mjfDRtAKScCKpER4AaABAg,"Not gonna lie, I got a little misty watching that one.",@chrislight4325,2026-09-22T00:00:00Z,1,
YT2000320,Japan vs Iran (2026 AVC Men’s Continental Championship Final),Volleyball,,Japan 🇯🇵 vs. Iran 🇮🇷 - Final | AVC Men's Continental Championships 2026 | Gold Match Highlights,a0iA57_4oCw,https://www.youtube.com/watch?v=a0iA57_4oCw,Volleyball World,UCNMg6XDhRZI2QzL4pWOvP_w,Ugy5RsFMJWxShY8rEWB4AaABAg,https://www.youtube.com/watch?v=a0iA57_4oCw&lc=Ugy5RsFMJWxShY8rEWB4AaABAg,"A big dislike to the quality of your videos:
In your videos, the camera constantly moves to follow the ball. This makes it terrible and nearly impossible to see what’s happening and very difficult to follow the match. It’s also extremely tiring and uncomfortable for the eyes.",@salarshaaf6138,2026-09-22T00:00:00Z,0,
YT2000321,All Blacks vs Lions (2026 Rugby),Rugby,,"MINI MATCH | All Blacks v Lions | Johannesburg, 2026",6MbNY6WCctU,https://www.youtube.com/watch?v=6MbNY6WCctU,All Blacks,UCsAPiUMyBjtKamxYGbSUnLA,UgwUloXrF62CKYX8UKN4AaABAg,https://www.youtube.com/watch?v=6MbNY6WCctU&lc=UgwUloXrF62CKYX8UKN4AaABAg,this game series is awesome - for the love of the game!,@ddv2799,2026-09-02T00:00:00Z,0,
YT2000322,Brentford vs Chelsea (2026 Premier League),Football,2026-09-18,Brentford 3-0 Chelsea | HIGHLIGHTS | Premier League 2026/27,gwrydB4FO_Y,https://www.youtube.com/watch?v=gwrydB4FO_Y,Chelsea Football Club,UCU2PacFf99vhb3hNiYDmxww,Ugyfd-FnwHssaXLCvSd4AaABAg,https://www.youtube.com/watch?v=gwrydB4FO_Y&lc=Ugyfd-FnwHssaXLCvSd4AaABAg,Thank you so much brentford,@scheeyx,2026-09-22T12:00:00Z,0,
YT2000323,India vs Pakistan (2026 Asia Cup Final),Cricket,,India VS Pakistan Extended Highlights | Asia Cup Final | Channel 9 Sports,GFj5cfzYoEQ,https://www.youtube.com/watch?v=GFj5cfzYoEQ,Channel Nine Sports,UCyDQWHMFMoNVDrdw7Y7jAZQ,Ugxd1zDUyA_-4smlRq54AaABAg,https://www.youtube.com/watch?v=GFj5cfzYoEQ&lc=Ugxd1zDUyA_-4smlRq54AaABAg,Pakistan🇵🇰🇵🇰🇵🇰 ghatiya team,@vaibhavdeogurjar,2026-09-11T00:00:00Z,0,
YT2000324,Jannik Sinner vs Jiri Lehecka (2026 Miami Final),Tennis,,Jannik Sinner vs Jiri Lehecka For The Title 🏆 | Miami 2026 Final Highlights,qWXm2tzc6OY,https://www.youtube.com/watch?v=qWXm2tzc6OY,Tennis TV,UCbcxFkd6B9xUU54InHv4Tig,UgxN6fpAdSXYJGT_biJ4AaABAg,https://www.youtube.com/watch?v=qWXm2tzc6OY&lc=UgxN6fpAdSXYJGT_biJ4AaABAg,Lehecka what a player. He gave Alcaraz a hard time too,@EgonFul-q7r,2026-04-23T00:00:00Z,0,
YT2000325,2026 Barcelona-Catalunya Grand Prix,Formula 1,2026-06-14,Our 2026 Barcelona-Catalunya Grand Prix Race Review,0jVk2QviEog,https://www.youtube.com/watch?v=0jVk2QviEog,P1 with Matt & Tommy,UCD5jAyCSDRR5yTgswfDbK8w,UgzHGY1IUN-sqU81KAl4AaABAg,https://www.youtube.com/watch?v=0jVk2QviEog&lc=UgzHGY1IUN-sqU81KAl4AaABAg,"Barcelona was hard for cars to follow, even with a big speed advantage. Kimi was a 1s faster than Russell, but it took an amazing pass to get it done. Would Hamilton's tyres have been damaged fighting to pass 2 or 3 cars, without the VSC? I think it would've been very close.",@rudevectors8018,2026-06-23T00:00:00Z,1,
YT2000326,Zalgiris vs Olympiacos (2025-26 EuroLeague),Basketball,,DOUBLE-OVERTIME Drama in Kaunas | Zalgiris - Olympiacos | R29 BASKETBALL HIGHLIGHTS 2025-26,9V96SKrVgR0,https://www.youtube.com/watch?v=9V96SKrVgR0,EUROLEAGUE BASKETBALL,UCGr3nR_XH9r6E5b09ZJAT9w,Ugz66gffbK_HW7c5Jdd4AaABAg,https://www.youtube.com/watch?v=9V96SKrVgR0&lc=Ugz66gffbK_HW7c5Jdd4AaABAg,"6:05 7:34 0:43 fransico 
Three pointers are crazy",@Drambo-k77j,2026-04-23T00:00:00Z,0,
YT2000327,2026 European Athletics Championships Day 7,Athletics,,Day Seven Highlights | Birmingham 2026 European Athletics Championships,GK-bVPxtpxY,https://www.youtube.com/watch?v=GK-bVPxtpxY,European Athletics,UCp21zu_8Hd0w9HULooemRCA,UgyhJeOZZw6KxFPjky94AaABAg,https://www.youtube.com/watch?v=GK-bVPxtpxY&lc=UgyhJeOZZw6KxFPjky94AaABAg,Lovely ❤,@JackChampia,2026-09-09T00:00:00Z,0,
YT2000328,China vs France (2026 BWF Thomas Cup Final),Badminton,,BWF Thomas Cup Finals 2026 | China vs France | Final,X-Swcau8laI,https://www.youtube.com/watch?v=X-Swcau8laI,BWF TV,UChh-akEbUM8_6ghGVnJd6cQ,Ugx58wG8q2PDXye_xlF4AaABAg,https://www.youtube.com/watch?v=X-Swcau8laI&lc=Ugx58wG8q2PDXye_xlF4AaABAg,The footwork of Chinese players is exceptional. They glide on the court without wasting energy. Congrats China!!,@designsbyindraja4656,2026-06-23T00:00:00Z,1,
YT2000329,Finland vs USA (2026 IIHF Men’s World Championship),Hockey,,Highlights: Finland vs USA | 2026 #MensWorlds,5Z4XRREGbmU,https://www.youtube.com/watch?v=5Z4XRREGbmU,IIHF,UCtmgna7qB0oQF2oOcVgndbw,Ugx1nTd5k-5172dDpOh4AaABAg,https://www.youtube.com/watch?v=5Z4XRREGbmU&lc=Ugx1nTd5k-5172dDpOh4AaABAg,Suomi - USA 6 4n,@andrewjoff9136,2026-06-23T00:00:00Z,0,
YT2000330,Raymond Muratalla vs Andy Cruz (2026 Boxing),Boxing,,Raymond Muratalla Retains World Title vs Andy Cruz | Highlights | Matchroom,5gddebIxomA,https://www.youtube.com/watch?v=5gddebIxomA,Matchroom Boxing,UC7LReVje9aPB4B6XAsXX8WQ,Ugw9pAElgFZyB5hHuK54AaABAg,https://www.youtube.com/watch?v=5gddebIxomA&lc=Ugw9pAElgFZyB5hHuK54AaABAg,118 and 112? What a joke,@SW33TST4Rclemon,2026-05-23T00:00:00Z,0,
YT2000331,Joshua Pacio vs Mansur Malachiev (ONE Championship),MMA,,Wushu Meets Dagestani Wrestling ⚔️ Joshua Pacio 🇵🇭 vs. Mansur Malachiev 🇷🇺 | MMA Full Fight,fW2PNH4L-DU,https://www.youtube.com/watch?v=fW2PNH4L-DU,ONE Championship,UCiormkBf3jm6mfb7k0yPbKA,UgzWvz_Pj45n82kOmsZ4AaABAg,https://www.youtube.com/watch?v=fW2PNH4L-DU&lc=UgzWvz_Pj45n82kOmsZ4AaABAg,Mahina si pacio sa ilalim Hindi maalam kumalas .si balington mahusay sa ilalim malakas,@RuelBermas-l1h,2026-09-12T00:00:00Z,0,
YT2000332,2026 BMW PGA Championship Final Round,Golf,,Final Round DRAMA at Wentworth | 2026 BMW PGA Championship,fJWYN9Sk7wo,https://www.youtube.com/watch?v=fJWYN9Sk7wo,DP World Tour,UCvZwbZt6YZQ4wj_7qyjPDZw,Ugyeaa_1aDaM1d4CVVx4AaABAg,https://www.youtube.com/watch?v=fJWYN9Sk7wo&lc=Ugyeaa_1aDaM1d4CVVx4AaABAg,"Sooo much better than the first set of highlights. Fair play DP world tour editors, thankyou for listening to the constructive criticism👌🏻",@Maurice-gw5se,2026-09-22T07:00:00Z,0,
YT2000333,2026 Green Mountain Championship,Disc Golf,,Final Round Highlights | MPO | 2026 Green Mountain Championship,UoebFpL95VE,https://www.youtube.com/watch?v=UoebFpL95VE,Disc Golf Pro Tour,UCw0WzNn6m2Na6ZW7rKqWI3g,UgzIYDBeUDRXgtFptwx4AaABAg,https://www.youtube.com/watch?v=UoebFpL95VE&lc=UgzIYDBeUDRXgtFptwx4AaABAg,I’m loving these first time winners showing out lately. Raven was in flow state,@ResultsYo,2026-09-22T00:00:00Z,60,
YT2000334,Slovenia vs Serbia (2026 CEV EuroVolley),Volleyball,,Highlights | SLOVENIA vs. SERBIA | CEV Enel EuroVolley 2026 Men | Eight Finals,4OR3mlRfFDU,https://www.youtube.com/watch?v=4OR3mlRfFDU,European Volleyball,UC8XRC858pOERvclUDb_d7rg,UgzIDFNu6tF5JsHkDcp4AaABAg,https://www.youtube.com/watch?v=4OR3mlRfFDU&lc=UgzIDFNu6tF5JsHkDcp4AaABAg,Любая женская сборная обыграет эту беспомощную сербию,@ИванПетров-ы3й9ф,2026-09-22T09:00:00Z,0,
YT2000335,Springboks vs England (2026 Rugby),Rugby,2026-07-04,Springboks v England at Ellis Park | Extended Highlights | 4 July 2026,hS3CsahX3Kc,https://www.youtube.com/watch?v=hS3CsahX3Kc,Official Springbok YouTube,UCVI5iqtQOsWZwtAg1o3SIAQ,UgyrkS7W4kEWEAM4Z2l4AaABAg,https://www.youtube.com/watch?v=hS3CsahX3Kc&lc=UgyrkS7W4kEWEAM4Z2l4AaABAg,The cape colourds r the best in the world.. concerning a backline ..,@Malcolm-r3y,2026-08-23T00:00:00Z,0,
YT2000336,2026 UEFA Champions League Matchday 1,Football,,EVERY Champions League Goal From Matchday 1 | Highlights,DLOUfAVwuXA,https://www.youtube.com/watch?v=DLOUfAVwuXA,UEFA,UCyGa1YEx9ST66rYrJTGIKOw,Ugx5bMaCYrbpE_bcCud4AaABAg,https://www.youtube.com/watch?v=DLOUfAVwuXA&lc=Ugx5bMaCYrbpE_bcCud4AaABAg,"It would be great to note the goal's minute it was scored. This way we know the ""gravitas"" of some goals, for example extended time goals, consecutive goals, etc.",@tvrment,2026-09-20T00:00:00Z,3,
YT2000337,India vs Japan (2026 T20I),Cricket,,India vs Japan T20 Match Full Highlights 2026 | India vs Japan Highlights,AcDMlgbrcK4,https://www.youtube.com/watch?v=AcDMlgbrcK4,Cricket Expert,UCWSCF-pqjmfIM4Dmxwh0ViQ,UgzM9pL9S8BrCF7hPQh4AaABAg,https://www.youtube.com/watch?v=AcDMlgbrcK4&lc=UgzM9pL9S8BrCF7hPQh4AaABAg,Respect!,@gaza_editz,2026-09-22T13:35:00Z,0,
YT2000338,Jannik Sinner vs Alexander Zverev (2026 Madrid Final),Tennis,,Jannik Sinner vs Alexander Zverev For The Title | Madrid 2026 Final Highlights,U111uQCv6yc,https://www.youtube.com/watch?v=U111uQCv6yc,Tennis TV,UCbcxFkd6B9xUU54InHv4Tig,UgzxJQN_KupNZufIZYl4AaABAg,https://www.youtube.com/watch?v=U111uQCv6yc&lc=UgzxJQN_KupNZufIZYl4AaABAg,"STRAORDINARIO JANNIK 
 🇮🇹🤙🏻💪🏻🎾🏆🏆🏆🏆🏆",@hannibaldisa1340,2026-09-02T00:00:00Z,0,
YT2000339,2026 Australian Grand Prix,Formula 1,2026-03-08,Fans React to the 2026 Australian Grand Prix,uvMholf0zLI,https://www.youtube.com/watch?v=uvMholf0zLI,Kr1s,UCz-llHGeBJB06SA6g-Q_JKA,UgyQjgc_8p9tb_Q2tu94AaABAg,https://www.youtube.com/watch?v=uvMholf0zLI&lc=UgyQjgc_8p9tb_Q2tu94AaABAg,9:33 10:49,@charliecribbinremnant,2026-06-23T00:00:00Z,0,
YT2000340,Dubai Basketball vs Real Madrid (2026 EuroLeague SuperCup),Basketball,,FROM 16 DOWN TO VICTORY! | Dubai Basketball vs Real Madrid | Euroleague Basketball SuperCup,hSAsSbKH7T8,https://www.youtube.com/watch?v=hSAsSbKH7T8,EUROLEAGUE BASKETBALL,UCGr3nR_XH9r6E5b09ZJAT9w,Ugy0lJmrkIGBl01T9kN4AaABAg,https://www.youtube.com/watch?v=hSAsSbKH7T8&lc=Ugy0lJmrkIGBl01T9kN4AaABAg,These videos are too long. I liked them more when they were shorter. ¡Hala Madrid !,@hectorburaglia9863,2026-09-21T00:00:00Z,0,
YT2000341,2026 European Athletics Championships Men’s 100m,Athletics,,"EVERY RACE - Men's 100m European Athletics Championships 2026 | Heats, Semi finals and Final",4bLPTpMw99E,https://www.youtube.com/watch?v=4bLPTpMw99E,European Athletics,UCp21zu_8Hd0w9HULooemRCA,UgwxHaZHBxY0CIoB2nF4AaABAg,https://www.youtube.com/watch?v=4bLPTpMw99E&lc=UgwxHaZHBxY0CIoB2nF4AaABAg,Helal Özer🎉,@oguzhanyavuz4874,2026-09-14T00:00:00Z,2,
YT2000342,Alex Lanier vs Kunlavut Vitidsarn (2026 BWF World Championships),Badminton,,Alex Lanier vs Kunlavut Vitidsarn | Pressure points and momentum swings,06FN__FMaUc,https://www.youtube.com/watch?v=06FN__FMaUc,BWF TV,UChh-akEbUM8_6ghGVnJd6cQ,UgxOgv4e-ecFgtmwpp94AaABAg,https://www.youtube.com/watch?v=06FN__FMaUc&lc=UgxOgv4e-ecFgtmwpp94AaABAg,Never give up and always try hard no matter what!,@peacefulangel5124,2026-08-26T00:00:00Z,0,
YT2000343,2026 Stanley Cup Final,Hockey,,Best Goals from the 2026 Stanley Cup Final,E4UXPDyRwgQ,https://www.youtube.com/watch?v=E4UXPDyRwgQ,NHL,UCqFMzb-4AUf6WAIbl132QKA,Ugxy_ZxzGvzSmossRKh4AaABAg,https://www.youtube.com/watch?v=E4UXPDyRwgQ&lc=Ugxy_ZxzGvzSmossRKh4AaABAg,6:47 Fantastic goal,@andreygalvao5294,2026-06-23T00:00:00Z,0,
YT2000344,Abdullah Mason vs Ornelas (2026 Boxing),Boxing,,Abdullah Mason DROPS Ornelas Repeatedly in Brutal Win,d6A3cVkIKGc,https://www.youtube.com/watch?v=d6A3cVkIKGc,Top Rank Boxing,UCbzRzJNHx7ZLlJML9BjZQVQ,UgyoEGGOIaZTEgsRkmd4AaABAg,https://www.youtube.com/watch?v=d6A3cVkIKGc&lc=UgyoEGGOIaZTEgsRkmd4AaABAg,18:39  they tryna distract mason,@TrevonGibson-zl5bs,2026-07-23T00:00:00Z,0,
YT2000345,Amru Magomedov vs Angel Alvarez (2026 PFL New York),MMA,,A DESTRUCTIVE DISPLAY! | Amru Magomedov v Angel Alvarez - Fight Highlights | PFL New York,MazPHXIWMVk,https://www.youtube.com/watch?v=MazPHXIWMVk,PFL MMA,UCPrONRG9hO1f-OrxW-WH-xg,UgxW3Pp3iZlNLIEkJwR4AaABAg,https://www.youtube.com/watch?v=MazPHXIWMVk&lc=UgxW3Pp3iZlNLIEkJwR4AaABAg,Why isnt he in ufc. Anyways definitely will be the champ soon,@skidrow-black,2026-09-02T00:00:00Z,0,
YT2000346,2026 Biltmore Championship,Golf,,PGA Tour Highlights | Final Round | Biltmore Championship | 2026,SwVHCOFT7Wc,https://www.youtube.com/watch?v=SwVHCOFT7Wc,PGA Tour,UCKwGZZMrhNYKzucCtTPY2Nw,UgzEJHRj5VFTMKg5Xft4AaABAg,https://www.youtube.com/watch?v=SwVHCOFT7Wc&lc=UgzEJHRj5VFTMKg5Xft4AaABAg,"If guys are shooting 60, 61, 62 on every day of a tournament perhaps the course is too easy",@NS19523,2026-09-22T00:00:00Z,23,
YT2000347,2026 Green Mountain Championship,Disc Golf,,Final Round Highlights | MPO | 2026 Green Mountain Championship,UoebFpL95VE,https://www.youtube.com/watch?v=UoebFpL95VE,Disc Golf Pro Tour,UCw0WzNn6m2Na6ZW7rKqWI3g,UgzRVN72NFcUz2tC9PB4AaABAg,https://www.youtube.com/watch?v=UoebFpL95VE&lc=UgzRVN72NFcUz2tC9PB4AaABAg,Congrats Raven!!!,@afryhover,2026-09-22T00:00:00Z,2,
YT2000348,Japan vs USA (2026 Men’s VNL Semifinal),Volleyball,,Japan 🇯🇵 vs. USA 🇺🇸 - Semi Final | Highlights | Men's VNL 2026,Cvj9Q6fYu3s,https://www.youtube.com/watch?v=Cvj9Q6fYu3s,Volleyball World,UCNMg6XDhRZI2QzL4pWOvP_w,UgwkjJ_N6PBrnS0rL0F4AaABAg,https://www.youtube.com/watch?v=Cvj9Q6fYu3s&lc=UgwkjJ_N6PBrnS0rL0F4AaABAg,Well played japan❤️‍🩹,@Denishvlogs11,2026-09-14T00:00:00Z,1,
YT2000349,Hurricanes vs Blues (2026 Super Rugby Pacific),Rugby,,HURRICANES v BLUES | Rd 9 Highlights | Super Rugby Pacific 2026,TLq0hc3Oxtg,https://www.youtube.com/watch?v=TLq0hc3Oxtg,Super Rugby Pacific,UCDOGExGCsrrt_RrGDgLuMww,UgzBRzcUb_vjktc9UKp4AaABAg,https://www.youtube.com/watch?v=TLq0hc3Oxtg&lc=UgzBRzcUb_vjktc9UKp4AaABAg,It’s the hair lads,@mojeelutunauga7734,2026-04-23T00:00:00Z,0,
YT2000350,Barcelona vs Feyenoord (2026 UEFA Champions League),Football,,Barcelona vs. Feyenoord: Extended Highlights | UCL League Phase MD 1 | CBS Sports Golazo,kPdMCaxCNJQ,https://www.youtube.com/watch?v=kPdMCaxCNJQ,CBS Sports Golazo,UCET00YnetHT7tOpu12v8jxg,Ugyg-ZRtHjq1vOHn9SR4AaABAg,https://www.youtube.com/watch?v=kPdMCaxCNJQ&lc=Ugyg-ZRtHjq1vOHn9SR4AaABAg,Head back ball GOAL! As a Madrid fan I’m impressed af. Ik i want Madrid to win but Barca got a giant chance of winning a UCL,@GDpro2029,2026-09-18T00:00:00Z,1,
YT2000351,"Afghanistan vs India (2026 T20I Series, Match 3)",Cricket,,Match Highlights | Afghanistan vs India | Match 03 | T20I Series 2026 | ACB | M9N1J,CJU-fIbr8Vk,https://www.youtube.com/watch?v=CJU-fIbr8Vk,Sports Central by DRM,UC-fzWbU1zavz77kP1gPPdSg,UgyBw_FMTxk4Ve5Sk1l4AaABAg,https://www.youtube.com/watch?v=CJU-fIbr8Vk&lc=UgyBw_FMTxk4Ve5Sk1l4AaABAg,When Asia's best team plays against the world's best team 😂,@SimplyShanto75,2026-09-20T00:00:00Z,0,
YT2000352,Peyton Stearns vs Iva Jovic (2026 Guadalajara Final),Tennis,,Peyton Stearns vs. Iva Jovic  | 2026 Guadalajara Final | WTA Match Highlights,CgTatzO1WpQ,https://www.youtube.com/watch?v=CgTatzO1WpQ,WTA,UCaBIVVpHjq6j3tSyxwTE-8Q,Ugx4Sn_mjfdkIYdAtU54AaABAg,https://www.youtube.com/watch?v=CgTatzO1WpQ&lc=Ugx4Sn_mjfdkIYdAtU54AaABAg,Freedom for the Moroccan 🇲🇦 cities of Ceuta and Melilla from Spanish 🇪🇸 occupation,@Koooora-maghrebiya,2026-09-22T00:00:00Z,1,
YT2000353,2026 Italian Grand Prix,Formula 1,2026-09-06,Fans React to the 2026 Italian Grand Prix,ah1bbvzWhPE,https://www.youtube.com/watch?v=ah1bbvzWhPE,Kr1s,UCz-llHGeBJB06SA6g-Q_JKA,UgyYRkGSVawlnJV9A194AaABAg,https://www.youtube.com/watch?v=ah1bbvzWhPE&lc=UgyYRkGSVawlnJV9A194AaABAg,"Kimi gains positions in the end, then Max, then Lando, then George, then Oscar, then Kimi again, who is behind Russell, then Kimi wins, and up to this point the boys' video, even though it was a bit too frenetic and chaotic, was ok, but they managed to ruin everything in the end by talking about everything and everyone, forgetting Kimi's fastest lap on the last lap!!!!!!!! 🤬🤬🤬🤬🤬🤬🤬🤬🤬",@francescouberti1602,2026-09-12T00:00:00Z,0,
YT2000354,Zalgiris vs Barcelona (2025-26 EuroLeague),Basketball,,Francisco Owned The Fourth | Zalgiris - FC Barcelona | R35 BASKETBALL HIGHLIGHTS 2025-26,Pug9o4wfkMs,https://www.youtube.com/watch?v=Pug9o4wfkMs,EUROLEAGUE BASKETBALL,UCGr3nR_XH9r6E5b09ZJAT9w,UgyngvYidVDvxZjoa0F4AaABAg,https://www.youtube.com/watch?v=Pug9o4wfkMs&lc=UgyngvYidVDvxZjoa0F4AaABAg,4:37 what a pass and what a dunk🔥 this is definetly magic moment,@Drambo-k77j,2026-04-23T00:00:00Z,1,
YT2000355,"Italy Gold Highlights, 2026 European Athletics Championships",Athletics,,ITALIA 🇮🇹 Every Gold Highlights | Birmingham 2026 European Athletics Championships,YKRgXPIqK7s,https://www.youtube.com/watch?v=YKRgXPIqK7s,European Athletics,UCp21zu_8Hd0w9HULooemRCA,UgyV_ulAgFfq5XPF1WN4AaABAg,https://www.youtube.com/watch?v=YKRgXPIqK7s&lc=UgyV_ulAgFfq5XPF1WN4AaABAg,We da best PERIODDDDD🇮🇹🇮🇹🇮🇹🇮🇹🇮🇹🇮🇹,@jadecznnie,2026-09-09T00:00:00Z,2,
YT2000356,An Se Young vs Akane Yamaguchi (2026 BWF World Championships),Badminton,,An Se Young vs Akane Yamaguchi | A clash of champions,49OglwaWp_Y,https://www.youtube.com/watch?v=49OglwaWp_Y,BWF TV,UChh-akEbUM8_6ghGVnJd6cQ,Ugy-uBG3koDedjTx0jN4AaABAg,https://www.youtube.com/watch?v=49OglwaWp_Y&lc=Ugy-uBG3koDedjTx0jN4AaABAg,Yamahuchi is 3 concecutive finalist miss consistent,@thirunagari4u,2026-09-02T00:00:00Z,1,
YT2000357,2026 Stanley Cup Final,Hockey,,EVERY GOAL from the 2026 Stanley Cup Final!,mlFpQC2i9Xw,https://www.youtube.com/watch?v=mlFpQC2i9Xw,NHL,UCqFMzb-4AUf6WAIbl132QKA,UgwrLDKNbpWoTkP-ZMl4AaABAg,https://www.youtube.com/watch?v=mlFpQC2i9Xw&lc=UgwrLDKNbpWoTkP-ZMl4AaABAg,MIIIIIIIIISSSSTAAAAA SVECHNIKOOOOOV!!!! ❤❤❤,@suspensekoo,2026-08-23T00:00:00Z,0,
YT2000358,Legendary Boxing Fights Collection,Boxing,,"12 Hours of Legendary Fights | Mayweather, Ali, Inoue & More",4GCNfWec-30,https://www.youtube.com/watch?v=4GCNfWec-30,Top Rank Boxing,UCbzRzJNHx7ZLlJML9BjZQVQ,UgwNSTT3KGUNHxC82m54AaABAg,https://www.youtube.com/watch?v=4GCNfWec-30&lc=UgwNSTT3KGUNHxC82m54AaABAg,Get the Inoue fight here?,@intrude6014,2026-05-23T00:00:00Z,0,
YT2000359,Justin Clarke vs Abdoulaye Kane (2026 PFL Africa),MMA,,RUTHLESS Heavyweight Fight!! | Justin Clarke v Abdoulaye Kane | Full Fight | PFL Africa 1 2026,rAAW2ORZnwo,https://www.youtube.com/watch?v=rAAW2ORZnwo,PFL MMA,UCPrONRG9hO1f-OrxW-WH-xg,UgxypoglaMwh3-gqemZ4AaABAg,https://www.youtube.com/watch?v=rAAW2ORZnwo&lc=UgxypoglaMwh3-gqemZ4AaABAg,justin skipped brain day,@rl2204,2026-08-23T00:00:00Z,0,
YT2000360,2026 BMW PGA Championship,Golf,,Round 4 Highlights | 2026 BMW PGA Championship,gQZomCyCWuw,https://www.youtube.com/watch?v=gQZomCyCWuw,DP World Tour,UCvZwbZt6YZQ4wj_7qyjPDZw,UgzFeXXXOxKQFGaPRh94AaABAg,https://www.youtube.com/watch?v=gQZomCyCWuw&lc=UgzFeXXXOxKQFGaPRh94AaABAg,"I fully support using Rory’s photo on the highlights thumbnail when he’s won the tournament but when JJ Spaun won it, why not show his photo instead?",@marktweedie9691,2026-09-21T16:00:00Z,1,
YT2000361,2026 Green Mountain Championship,Disc Golf,,Final Round Highlights | MPO | 2026 Green Mountain Championship,UoebFpL95VE,https://www.youtube.com/watch?v=UoebFpL95VE,Disc Golf Pro Tour,UCw0WzNn6m2Na6ZW7rKqWI3g,Ugy9sly8-SpzVqTY7hx4AaABAg,https://www.youtube.com/watch?v=UoebFpL95VE&lc=Ugy9sly8-SpzVqTY7hx4AaABAg,"""It's my turn to win.""  -Raven Newsom",@landzmario,2026-09-22T00:00:00Z,4,
YT2000362,USA vs Poland (2026 Men’s VNL Final),Volleyball,,USA 🇺🇸 vs. Poland 🇵🇱 - Gold Match | Highlights | Men's VNL 2026 - Final,SAjrSUNCQbc,https://www.youtube.com/watch?v=SAjrSUNCQbc,Volleyball World,UCNMg6XDhRZI2QzL4pWOvP_w,Ugwh8g02hDrPby7w13t4AaABAg,https://www.youtube.com/watch?v=SAjrSUNCQbc&lc=Ugwh8g02hDrPby7w13t4AaABAg,what a nice game,@galih368,2026-09-09T00:00:00Z,0,
YT2000363,South Africa vs New Zealand (2026 Rugby Test),Rugby,,SOUTH AFRICA v NEW ZEALAND | 4th Test Highlights | Rugby's Greatest Rivalry 2026,G3s7nFFiRyk,https://www.youtube.com/watch?v=G3s7nFFiRyk,SANZAAR TV,UCvMgypvk0d5P0K3F3bB19Eg,UgwEQoxdpiGhuiigZwl4AaABAg,https://www.youtube.com/watch?v=G3s7nFFiRyk&lc=UgwEQoxdpiGhuiigZwl4AaABAg,Ruby in an NFL Stadium 🤔,@lisaroberts8556,2026-09-18T00:00:00Z,0,
YT2000364,Liverpool vs Atlético Madrid (2026 UEFA Champions League),Football,,Liverpool vs. Atlético Madrid: Extended Highlights | UCL League Phase MD 1 | CBS Sports Golazo,GRp9iiO-I3k,https://www.youtube.com/watch?v=GRp9iiO-I3k,CBS Sports Golazo,UCET00YnetHT7tOpu12v8jxg,UgxC75MRc0kxKkB2Urh4AaABAg,https://www.youtube.com/watch?v=GRp9iiO-I3k&lc=UgxC75MRc0kxKkB2Urh4AaABAg,Liverpool supporter was definitely behind that thumbnail,@Jay-x9s7x,2026-09-13T00:00:00Z,0,
YT2000365,"Afghanistan vs India (2026 T20I Series, Match 3)",Cricket,,Full Match Highlights | Afghanistan vs India | Match 03 | T20I Series 2026 | ACB | M9N1J,TapC28fhANQ,https://www.youtube.com/watch?v=TapC28fhANQ,Sports Central by DRM,UC-fzWbU1zavz77kP1gPPdSg,UgwpNw0ByHhVxy4BxyN4AaABAg,https://www.youtube.com/watch?v=TapC28fhANQ&lc=UgwpNw0ByHhVxy4BxyN4AaABAg,This was incredibly well made.,@anjianjia7669,2026-09-21T00:00:00Z,0,
YT2000366,Donna Vekic vs Xinyu Wang (2026 Singapore),Tennis,,Donna Vekic vs. Xinyu Wang | 2026 Singapore Round 1 | WTA Match Highlights,q4_xHFJv1eg,https://www.youtube.com/watch?v=q4_xHFJv1eg,WTA,UCaBIVVpHjq6j3tSyxwTE-8Q,UgzA0fKNEVRH3vMxjxx4AaABAg,https://www.youtube.com/watch?v=q4_xHFJv1eg&lc=UgzA0fKNEVRH3vMxjxx4AaABAg,Asian baddie ❤ plays great tennis 👀,@jaybrownprince9772,2026-09-22T13:53:00Z,0,
YT2000367,2026 Chinese Grand Prix,Formula 1,2026-03-15,Fans React to the 2026 Chinese Grand Prix,77NaHUPQZto,https://www.youtube.com/watch?v=77NaHUPQZto,Kr1s,UCz-llHGeBJB06SA6g-Q_JKA,Ugxh4Au1dsi3Gk4fvXR4AaABAg,https://www.youtube.com/watch?v=77NaHUPQZto&lc=Ugxh4Au1dsi3Gk4fvXR4AaABAg,7:14 - im dead. lmfaooooooooo. prescient too. this was just the beginning.,@flangeslammer,2026-08-23T00:00:00Z,0,
YT2000368,Olympiacos vs Fenerbahce (2026 EuroLeague SuperCup),Basketball,,The LAST FEW MINUTES WERE CRAZY! | Olympiacos vs Fenerbahce Tarfin | Euroleague Basketball SuperCup,3Me3QvbuL2M,https://www.youtube.com/watch?v=3Me3QvbuL2M,EUROLEAGUE BASKETBALL,UCGr3nR_XH9r6E5b09ZJAT9w,UgyzSw3tkDv8lysJwjJ4AaABAg,https://www.youtube.com/watch?v=3Me3QvbuL2M&lc=UgyzSw3tkDv8lysJwjJ4AaABAg,"Fenerbahçe is a very good team, and everyone will be watching a fantastic team once Larkin arrives... Good luck and congratulations Olympiakos.🎉🎉🎉🎉🎉",@Serdarbeg,2026-09-22T00:00:00Z,0,
YT2000369,2026 World Athletics Relays Gaborone,Athletics,,Top 10 Moments from the World Athletics Relays Gaborone 2026,6OeLLKS5EoA,https://www.youtube.com/watch?v=6OeLLKS5EoA,World Athletics,UCQk7fWv15ChjMJLCRVmtApw,UgxfzrY1wKEIr231BkF4AaABAg,https://www.youtube.com/watch?v=6OeLLKS5EoA&lc=UgxfzrY1wKEIr231BkF4AaABAg,why u stay with your face during the race and the commentators are reporting and u disturb the audience with your face he the f out i don't wa nt to see u i am watching the race u guys r shameless,@hassnsadik7176,2026-09-02T00:00:00Z,0,
YT2000370,Kim/Seo vs Chia/Soh (2026 BWF World Championships Semifinal),Badminton,,BWF World Championships 2026 | Kim/Seo (KOR) [1] vs Chia/Soh (MAS) [4] | SF,enONl4A9c5I,https://www.youtube.com/watch?v=enONl4A9c5I,BWF TV,UChh-akEbUM8_6ghGVnJd6cQ,UgxiMAZxMVXrWAF1hjF4AaABAg,https://www.youtube.com/watch?v=enONl4A9c5I&lc=UgxiMAZxMVXrWAF1hjF4AaABAg,❤🎉,@SanulFOOTBALL,2026-09-09T00:00:00Z,0,
YT2000371,Carolina Hurricanes vs Vegas Golden Knights (2026 Stanley Cup Final Game 6),Hockey,2026-06-14,"Hurricanes vs. Golden Knights | NHL Playoff Highlights | Game 6 | June 14, 2026",3jbQ58HKtXA,https://www.youtube.com/watch?v=3jbQ58HKtXA,NHL,UCqFMzb-4AUf6WAIbl132QKA,Ugyzz1UbBC9xMMnP97B4AaABAg,https://www.youtube.com/watch?v=3jbQ58HKtXA&lc=Ugyzz1UbBC9xMMnP97B4AaABAg,Football way bigger than ts,@nicks-g4r,2026-09-02T00:00:00Z,0,
YT2000372,Teremoana vs Heavyweight Opponent (2026 Matchroom Boxing),Boxing,,Undefeated giant heavyweight Teremoana | Non-Stop KOs | Matchroom Boxing,Q0PKJmMaV_U,https://www.youtube.com/watch?v=Q0PKJmMaV_U,Matchroom Boxing,UC7LReVje9aPB4B6XAsXX8WQ,UgzS64f7DP_YoDpiWzh4AaABAg,https://www.youtube.com/watch?v=Q0PKJmMaV_U&lc=UgzS64f7DP_YoDpiWzh4AaABAg,Reminds me of Lennox Lewis. This Aussie will be fun to watch,@OneStar-76,2026-08-23T00:00:00Z,0,
YT2000373,2026 PFL Africa: Nigeria,MMA,,2026 PFL Africa: Nigeria | Full Event,uIYQboeQ7do,https://www.youtube.com/watch?v=uIYQboeQ7do,PFL MMA,UCPrONRG9hO1f-OrxW-WH-xg,UgzbLQDDF0pvFF4wZ_V4AaABAg,https://www.youtube.com/watch?v=uIYQboeQ7do&lc=UgzbLQDDF0pvFF4wZ_V4AaABAg,"No UFC tonight, so though I'd give this a go. Very amateurish: from stopping a round 44 seconds before time, to weird stoppages. Not fun to watch.",@szczurDB,2026-06-23T00:00:00Z,7,
YT2000374,2026 BMW PGA Championship Final Round,Golf,,Final Round DRAMA at Wentworth | 2026 BMW PGA Championship,fJWYN9Sk7wo,https://www.youtube.com/watch?v=fJWYN9Sk7wo,DP World Tour,UCvZwbZt6YZQ4wj_7qyjPDZw,UgwUpD1Qc_UmtDTCyyp4AaABAg,https://www.youtube.com/watch?v=fJWYN9Sk7wo&lc=UgwUpD1Qc_UmtDTCyyp4AaABAg,"Great video guys. Shane’s laugh when he heard  Ane on about canons and holes made me lol love the humour and my home town Galway got a mention. 
The UK gets a bad rep sometimes but some of it is stunning and authentic. Disfruta",@Irishmanabroad,2026-09-22T07:00:00Z,0,
YT2000375,2026 Green Mountain Championship,Disc Golf,,Final Round Highlights | MPO | 2026 Green Mountain Championship,UoebFpL95VE,https://www.youtube.com/watch?v=UoebFpL95VE,Disc Golf Pro Tour,UCw0WzNn6m2Na6ZW7rKqWI3g,UgzL7VfJM81oOLPPGnd4AaABAg,https://www.youtube.com/watch?v=UoebFpL95VE&lc=UgzL7VfJM81oOLPPGnd4AaABAg,"Do the announcers not understand math? Gannon had to go for eagle on the last hole bei g back 3. Newsom had a pretty safe bogey (ob on first, third to safe, four easy layup, 5 in). Gannon had to go deep for a throwin pressure to make Newsom feel like he had to save par and screw up to put him to a double bogey. If he knew he could bogey and win from his ob lie then its probably 90% chance from there that he does just that. I dont get why they think Ganon should have just gone for birdie at best and let Newsom have to bogey to secure the win like that was the obvious play",@FastFink,2026-09-22T00:00:00Z,3,
YT2000376,Italy vs Denmark (2026 CEV EuroVolley),Volleyball,,Highlights | Italy vs. Denmark | CEV Enel EuroVolley 2026 Men | Eight Finals,JK_IC9hRAMg,https://www.youtube.com/watch?v=JK_IC9hRAMg,European Volleyball,UC8XRC858pOERvclUDb_d7rg,Ugyor9Qoo2yfSlg7f254AaABAg,https://www.youtube.com/watch?v=JK_IC9hRAMg&lc=Ugyor9Qoo2yfSlg7f254AaABAg,"Italia troppo più forte e determinata, quindi solo un piccolo passaggio a vuoto nel primo set, poi li abbiamo (li hanno!!) asfaltati. Attenzione, però, alla Finlandia, sono una giovane e con diversi giocatori di talento. Forza azzurri!",@pinoscartabelli9372,2026-09-22T00:00:00Z,0,
YT2000377,England vs Fiji (2026 Nations Championship),Rugby,,England v Fiji highlights | 2026 Nations Championship,4tewDq2UAtI,https://www.youtube.com/watch?v=4tewDq2UAtI,England Rugby,UCmi7CahP3G3YySOAFOfSnkw,Ugy1L6yUPXpE__7vIol4AaABAg,https://www.youtube.com/watch?v=4tewDq2UAtI&lc=Ugy1L6yUPXpE__7vIol4AaABAg,"England need to play more top teams up north, away from Twickenham.",@DevinZA,2026-07-23T00:00:00Z,0,
YT2000378,PSG vs Bayern Munich (2026 UEFA Champions League Semifinal),Football,,PSG vs. Bayern Munich: Extended Highlights | UCL Semifinals - Leg 1 | CBS Sports Golazo,JxzqIzEVQNE,https://www.youtube.com/watch?v=JxzqIzEVQNE,CBS Sports Golazo,UCET00YnetHT7tOpu12v8jxg,UgxxF8dJErE9E_FF3_h4AaABAg,https://www.youtube.com/watch?v=JxzqIzEVQNE&lc=UgxxF8dJErE9E_FF3_h4AaABAg,Bayern Munich vs PSG >>>>>>>>> Arsenal vs PSG,@DelonLuuYT95,2026-09-09T00:00:00Z,0,
YT2000379,"Afghanistan vs India (2026 T20I Series, Match 2)",Cricket,,Full Match Highlights | Afghanistan vs India | Match 02 | T20I Series 2026 | ACB | M9N1J,svAuradtMZw,https://www.youtube.com/watch?v=svAuradtMZw,Sports Central by DRM,UC-fzWbU1zavz77kP1gPPdSg,UgzIkVh0uvCdsl5Jukx4AaABAg,https://www.youtube.com/watch?v=svAuradtMZw&lc=UgzIkVh0uvCdsl5Jukx4AaABAg,The truth is that this team is not capable of defeating even a novice team like Ireland if the pitch has some support for the bowlers.,@3009rinx,2026-09-18T00:00:00Z,0,
YT2000380,Alycia Parks vs Mei Yamaguchi (2026 Singapore),Tennis,,Alycia Parks vs. Mei Yamaguchi | 2026 Singapore Round 1 | WTA Match Highlights,tXwyGKvLFrM,https://www.youtube.com/watch?v=tXwyGKvLFrM,WTA,UCaBIVVpHjq6j3tSyxwTE-8Q,UgxS2rD1q0qqM5VBft14AaABAg,https://www.youtube.com/watch?v=tXwyGKvLFrM&lc=UgxS2rD1q0qqM5VBft14AaABAg,Alycia Parks ❤,@isabellalexander2547,2026-09-22T13:00:00Z,2,
YT2000381,2026 Dutch Grand Prix,Formula 1,2026-08-23,Fans React to the 2026 Dutch Grand Prix,NyQ_Ukqyj1s,https://www.youtube.com/watch?v=NyQ_Ukqyj1s,Kr1s,UCz-llHGeBJB06SA6g-Q_JKA,Ugz8Cqz4sJhWfNZVqBp4AaABAg,https://www.youtube.com/watch?v=NyQ_Ukqyj1s&lc=Ugz8Cqz4sJhWfNZVqBp4AaABAg,are vic and luke dating? am i that slow or far behind 😭,@itsajharlow,2026-09-09T00:00:00Z,1,
YT2000382,Valencia vs Milan (2025-26 EuroLeague),Basketball,,From Trouble to PLAYOFFS | Valencia - Milan | R36 BASKETBALL HIGHLIGHTS 2025-26,ezcvRat7sYM,https://www.youtube.com/watch?v=ezcvRat7sYM,EUROLEAGUE BASKETBALL,UCGr3nR_XH9r6E5b09ZJAT9w,UgyYJ0mkw7Lkg-Cxwv94AaABAg,https://www.youtube.com/watch?v=ezcvRat7sYM&lc=UgyYJ0mkw7Lkg-Cxwv94AaABAg,"Quin equip ha format  Pedro Martínez,tots funcionen a ple rendiment. Eixa mentalitat guanyadora feia temps que feia falta..Badio , Thompson Taylor,Montero, De Larrea,Reuvers,Pradilla Key,Costello,quin equip!!!❤❤❤",@rafaescuderbargues4431,2026-04-23T00:00:00Z,5,
YT2000383,2026 World Athletics Ultimate Championship Day 1,Athletics,,Day 1 Full Highlights | World Athletics Ultimate Championship,yaw5_mUtsLE,https://www.youtube.com/watch?v=yaw5_mUtsLE,World Athletics,UCQk7fWv15ChjMJLCRVmtApw,Ugys1oUQUp_ynDZVuMp4AaABAg,https://www.youtube.com/watch?v=yaw5_mUtsLE&lc=Ugys1oUQUp_ynDZVuMp4AaABAg,Is It me or this Ultimate Championship looks like another US style show?,@fmpefrat8005,2026-09-14T00:00:00Z,0,
YT2000384,Feng/Huang vs Gicquel/Delrue (2026 BWF World Championships Final),Badminton,,BWF World Championships 2026 | Feng/Huang (CHN) [1] vs Gicquel/Delrue (FRA) [5] | F,6ajzFh9bQmQ,https://www.youtube.com/watch?v=6ajzFh9bQmQ,BWF TV,UChh-akEbUM8_6ghGVnJd6cQ,UgwS9Su0WC6q_v-1Exp4AaABAg,https://www.youtube.com/watch?v=6ajzFh9bQmQ&lc=UgwS9Su0WC6q_v-1Exp4AaABAg,Always brilliant to see the cheating chicoms lose. Especially so when it's this female dragon-woman lose. And even more so when it's Europeans taking titles.,@GaryM67-71,2026-09-09T00:00:00Z,0,
YT2000385,Carolina Hurricanes vs Vegas Golden Knights (2026 Stanley Cup Final),Hockey,,The Wildest Stanley Cup Final in Years | Hurricanes vs. Golden Knights,ia_bIzb415w,https://www.youtube.com/watch?v=ia_bIzb415w,NHL,UCqFMzb-4AUf6WAIbl132QKA,UgzKfRb0thxkv8TH7-R4AaABAg,https://www.youtube.com/watch?v=ia_bIzb415w&lc=UgzKfRb0thxkv8TH7-R4AaABAg,Omg its the 20th championship team in a row I guessed.,@Evan-Alexander-Griffin,2026-09-14T00:00:00Z,0,
YT2000386,Rolly Romero vs Ryan Garcia (2026 Boxing),Boxing,,Fight Highlights | Rolly Romero Stuns Ryan Garcia | Matchroom Boxing,CWUVyUtDivQ,https://www.youtube.com/watch?v=CWUVyUtDivQ,Matchroom Boxing,UC7LReVje9aPB4B6XAsXX8WQ,Ugwhj3pEaYlRrtWm1xl4AaABAg,https://www.youtube.com/watch?v=CWUVyUtDivQ&lc=Ugwhj3pEaYlRrtWm1xl4AaABAg,No fight,@SleepyClover-vj3ry,2026-08-23T00:00:00Z,0,
YT2000387,2026 PFL Africa: Pretoria,MMA,,2026 PFL Africa: Pretoria | Full Event,P1eO07hMeSU,https://www.youtube.com/watch?v=P1eO07hMeSU,PFL MMA,UCPrONRG9hO1f-OrxW-WH-xg,UgzfLgLz6uIWEDJ7rBJ4AaABAg,https://www.youtube.com/watch?v=P1eO07hMeSU&lc=UgzfLgLz6uIWEDJ7rBJ4AaABAg,1 month and only 20k views ouch....,@mrlimb0schlong,2026-06-23T00:00:00Z,0,
YT2000388,2026 Biltmore Championship,Golf,,PGA Tour Highlights | Final Round | Biltmore Championship | 2026,SwVHCOFT7Wc,https://www.youtube.com/watch?v=SwVHCOFT7Wc,PGA Tour,UCKwGZZMrhNYKzucCtTPY2Nw,UgyLlwhhOV2TL484sa54AaABAg,https://www.youtube.com/watch?v=SwVHCOFT7Wc&lc=UgyLlwhhOV2TL484sa54AaABAg,"Incredible fumble by Shipley, Bridgeman shooting -10 is perfect golf",@xavbrando,2026-09-22T00:00:00Z,7,
YT2000389,2026 Green Mountain Championship,Disc Golf,,Final Round Highlights | MPO | 2026 Green Mountain Championship,UoebFpL95VE,https://www.youtube.com/watch?v=UoebFpL95VE,Disc Golf Pro Tour,UCw0WzNn6m2Na6ZW7rKqWI3g,Ugy5RksknK_YVaAy52l4AaABAg,https://www.youtube.com/watch?v=UoebFpL95VE&lc=Ugy5RksknK_YVaAy52l4AaABAg,Gannon letting all these scrubs eat. Paul would never.,@eddiebaneddie87,2026-09-22T00:00:00Z,5,
YT2000390,Belgium vs Czechia (2026 CEV EuroVolley),Volleyball,,Highlights | BELGIUM vs. CZECHIA | CEV Enel EuroVolley 2026 Men | Eight Finals,PW7s66Q3ZPk,https://www.youtube.com/watch?v=PW7s66Q3ZPk,European Volleyball,UC8XRC858pOERvclUDb_d7rg,UgzhaYOod4CLt8l8lBd4AaABAg,https://www.youtube.com/watch?v=PW7s66Q3ZPk&lc=UgzhaYOod4CLt8l8lBd4AaABAg,Reggers is an asset : what's the news ? We've been knowing him so well here in Italy. 👏💯,@moniquebellenti,2026-09-21T19:00:00Z,5,
YT2000391,Wallabies vs France (2026 Nations Championship),Rugby,,Wallabies v France Highlights | Nations Championship 2026 | Round 2,qKCIZyiqjbc,https://www.youtube.com/watch?v=qKCIZyiqjbc,Wallabies,UC4Y6lpmGz2rkbOVdrOhjgvQ,UgyXjkR8zBqxvrw7s-h4AaABAg,https://www.youtube.com/watch?v=qKCIZyiqjbc&lc=UgyXjkR8zBqxvrw7s-h4AaABAg,"Wallabies really fell away in the second half with  slight comeback at the end. As with Ireland, we lost moment when Ryan Lonergan went off and his substitution should be delayed as long as possible. It is hard to believe that a world class player like Charlie Cale is not being selected in the squad of 23 - he would be an automatic choice in every other country.",@vernmarshall4380,2026-07-23T00:00:00Z,0,
YT2000392,PSG vs Arsenal (2026 UEFA Champions League Final),Football,,PSG vs. Arsenal: Extended Highlights | UCL Final | CBS Sports Golazo,tRnJRQmVMTg,https://www.youtube.com/watch?v=tRnJRQmVMTg,CBS Sports Golazo,UCET00YnetHT7tOpu12v8jxg,Ugz6b3Ua6dHTgYXVEch4AaABAg,https://www.youtube.com/watch?v=tRnJRQmVMTg&lc=Ugz6b3Ua6dHTgYXVEch4AaABAg,I did not know it happened already,@Dendaben,2026-09-09T00:00:00Z,0,
YT2000393,India vs Pakistan (2026 Asia Cup Final),Cricket,,India VS Pakistan Extended Highlights | Asia Cup Final | Channel 9 Sports,GFj5cfzYoEQ,https://www.youtube.com/watch?v=GFj5cfzYoEQ,Channel Nine Sports,UCyDQWHMFMoNVDrdw7Y7jAZQ,Ugwhze-kJ2GRjKHorWF4AaABAg,https://www.youtube.com/watch?v=GFj5cfzYoEQ&lc=Ugwhze-kJ2GRjKHorWF4AaABAg,From Hindustan 🇮🇳🇮🇳🇮🇳,@vaibhavdeogurjar,2026-09-11T00:00:00Z,0,
YT2000394,Kaitlin Quevedo vs Nadia Podoroska (2026 Sao Paulo Final),Tennis,,Kaitlin Quevedo vs. Nadia Podoroska | 2026 Sao Paulo Final | WTA Match Highlights,paaBBGyLF1A,https://www.youtube.com/watch?v=paaBBGyLF1A,WTA,UCaBIVVpHjq6j3tSyxwTE-8Q,UgwmK1rnW_e2vvnXKXF4AaABAg,https://www.youtube.com/watch?v=paaBBGyLF1A&lc=UgwmK1rnW_e2vvnXKXF4AaABAg,"Kaitlin, felicidades!!!!! Que luchadora, disfruta de tu primer titulo WTA!",@Restrivuno,2026-09-22T07:00:00Z,1,
YT2000395,2026 Barcelona-Catalunya Grand Prix,Formula 1,2026-06-14,Fans React to the 2026 Barcelona-Catalunya Grand Prix,thGDQT82t6c,https://www.youtube.com/watch?v=thGDQT82t6c,Kr1s,UCz-llHGeBJB06SA6g-Q_JKA,UgwPDpbJ96DdZmpoMNV4AaABAg,https://www.youtube.com/watch?v=thGDQT82t6c&lc=UgwPDpbJ96DdZmpoMNV4AaABAg,"14:45 if you just hear this, what is your guess?😂😂😂😂",@AustinGMRS,2026-07-23T00:00:00Z,0,
YT2000396,Indiana Fever vs Toronto Tempo (2026 WNBA),Basketball,2026-09-18,"Indiana Fever vs. Toronto Tempo | FULL GAME HIGHLIGHTS | September 18, 2026",3ncxZOQBJBU,https://www.youtube.com/watch?v=3ncxZOQBJBU,WNBA,UCO9a_ryN_l7DIDS-VIt-zmw,UgxGQJWuidUMO88DB2J4AaABAg,https://www.youtube.com/watch?v=3ncxZOQBJBU&lc=UgxGQJWuidUMO88DB2J4AaABAg,KELSEY AND CC ON POINT,@blackharlemtwins1937,2026-09-22T00:00:00Z,0,
YT2000397,2026 European Athletics Championships Day 1,Athletics,,Day One Highlights | Birmingham 2026 European Athletics Championships,HBzZeY_kr_4,https://www.youtube.com/watch?v=HBzZeY_kr_4,European Athletics,UCp21zu_8Hd0w9HULooemRCA,UgymFVSMdutWOtsDdWZ4AaABAg,https://www.youtube.com/watch?v=HBzZeY_kr_4&lc=UgymFVSMdutWOtsDdWZ4AaABAg,"It's crazy when you step back and look at the final results of races, like the women's 100m in this video. There were 8 runners, and they all finished within half of a second. A half second is nothing in the regular world, but it might as well be 10 seconds on the track.",@marcd1981,2026-08-23T00:00:00Z,0,
YT2000398,Kim/Seo vs Alfian/Fikri (2026 BWF World Championships),Badminton,,Kim/Seo vs Alfian/Fikri | Fast-paced exchanges keep you on the edge,BmNEKEIZD1k,https://www.youtube.com/watch?v=BmNEKEIZD1k,BWF TV,UChh-akEbUM8_6ghGVnJd6cQ,UgwoTd_pQ8Nvhn7dmvx4AaABAg,https://www.youtube.com/watch?v=BmNEKEIZD1k&lc=UgwoTd_pQ8Nvhn7dmvx4AaABAg,Brilliant strategy and smart game to Fajar/Fikry.The mentality them amazing and strong defence,@LaurensiusAdityaSanjaya,2026-08-23T00:00:00Z,0,
YT2000399,Vegas Golden Knights vs Carolina Hurricanes (2026 Stanley Cup Final Game 1),Hockey,,FULL REPLAY: Game 1 | Golden Knights vs. Hurricanes | 2026 Stanley Cup Final,A5xMc1hSnoQ,https://www.youtube.com/watch?v=A5xMc1hSnoQ,NHL,UCqFMzb-4AUf6WAIbl132QKA,UgwBZP4d9ksGFy4JJsp4AaABAg,https://www.youtube.com/watch?v=A5xMc1hSnoQ&lc=UgwBZP4d9ksGFy4JJsp4AaABAg,"I like Sean McDonough but ooof did he whiff on that first goal. You can tell us lineup changes later Sean, there is literally a breakaway happening.",@grimson,2026-08-23T00:00:00Z,0,
YT2000400,Bam Rodriguez vs Vargas (2026 Boxing),Boxing,,Bam Rodriguez Knocks Out Vargas To Become Three-Weight World Champ | Matchroom Boxing,5i51aZYjocM,https://www.youtube.com/watch?v=5i51aZYjocM,Matchroom Boxing,UC7LReVje9aPB4B6XAsXX8WQ,UgyW-RKwcg77inSjVJJ4AaABAg,https://www.youtube.com/watch?v=5i51aZYjocM&lc=UgyW-RKwcg77inSjVJJ4AaABAg,bam no ha enfrentado a un verdadero noqueado  .Martinez. no tenía poder ni estrada .el japonés si tiene poder y resiste golpes .bam tiene pocas probabilidades de ganarle .pero en el ring. no hay enemigo pequeño,@EstebanRodríguez-e5w,2026-06-23T00:00:00Z,0,
YT2000401,ONE Friday Fights 171,MMA,,ONE Friday Fights 171 | Explosive Highlights 🔥,dWNc1BdF9Mk,https://www.youtube.com/watch?v=dWNc1BdF9Mk,ONE Championship,UCiormkBf3jm6mfb7k0yPbKA,UgxwdVw8LgjYDri5B1p4AaABAg,https://www.youtube.com/watch?v=dWNc1BdF9Mk&lc=UgxwdVw8LgjYDri5B1p4AaABAg,That was a European win 🥇 Friday fight,@jaggy-adidas,2026-09-20T00:00:00Z,0,
YT2000402,2026 BMW PGA Championship,Golf,,Round 4 Highlights | 2026 BMW PGA Championship,gQZomCyCWuw,https://www.youtube.com/watch?v=gQZomCyCWuw,DP World Tour,UCvZwbZt6YZQ4wj_7qyjPDZw,UgyysAVHcb-EAOfJiaF4AaABAg,https://www.youtube.com/watch?v=gQZomCyCWuw&lc=UgyysAVHcb-EAOfJiaF4AaABAg,"nice chap ,so good win",@iandann8788,2026-09-22T00:00:00Z,1,
YT2000403,2026 Green Mountain Championship,Disc Golf,,Final Round Highlights | MPO | 2026 Green Mountain Championship,UoebFpL95VE,https://www.youtube.com/watch?v=UoebFpL95VE,Disc Golf Pro Tour,UCw0WzNn6m2Na6ZW7rKqWI3g,UgwE_dN8NX8QGAqRggl4AaABAg,https://www.youtube.com/watch?v=UoebFpL95VE&lc=UgwE_dN8NX8QGAqRggl4AaABAg,Very happy for him.,@tonylooper4932,2026-09-22T00:00:00Z,0,
YT2000404,Japan vs Iran (2026 AVC Men’s Continental Championship Final),Volleyball,,Japan 🇯🇵 vs. Iran 🇮🇷 - Final | AVC Men's Continental Championships 2026 | Gold Match Highlights,a0iA57_4oCw,https://www.youtube.com/watch?v=a0iA57_4oCw,Volleyball World,UCNMg6XDhRZI2QzL4pWOvP_w,Ugx5YmIT8aUozJetdqJ4AaABAg,https://www.youtube.com/watch?v=a0iA57_4oCw&lc=Ugx5YmIT8aUozJetdqJ4AaABAg,MVP Yuji Nishida,@noblesse6998,2026-09-22T00:00:00Z,2,
YT2000405,All Blacks vs Lions (2026 Rugby),Rugby,,"MINI MATCH | All Blacks v Lions | Johannesburg, 2026",6MbNY6WCctU,https://www.youtube.com/watch?v=6MbNY6WCctU,All Blacks,UCsAPiUMyBjtKamxYGbSUnLA,UgwzbbsDOYOoWLacWOp4AaABAg,https://www.youtube.com/watch?v=6MbNY6WCctU&lc=UgwzbbsDOYOoWLacWOp4AaABAg,"Reiko's acceleration is just insane, if you ever played with any pro backline player you will know just how fast they move. Reiko makes them look like they are standing still when he turns the jets ON",@sidesofthenorth-jd,2026-09-02T00:00:00Z,0,
YT2000406,Real Madrid vs Inter (2026 UEFA Champions League),Football,,Real Madrid vs. Inter: Extended Highlights | UCL League Phase MD 1 | CBS Sports Golazo,m-Er4N3eVpE,https://www.youtube.com/watch?v=m-Er4N3eVpE,CBS Sports Golazo,UCET00YnetHT7tOpu12v8jxg,UgzySr-eeGwm3acQiYx4AaABAg,https://www.youtube.com/watch?v=m-Er4N3eVpE&lc=UgzySr-eeGwm3acQiYx4AaABAg,31 thought nbappe was gonna stick a leg in there and then the ball would bounce off his legs and go further but mbappe pulled back and he faultered,@Revenge_is_Promised,2026-09-16T00:00:00Z,0,
YT2000407,India vs Japan (2026 T20I),Cricket,,India vs Japan T20 Match Full Highlights 2026 | India vs Japan Highlights,AcDMlgbrcK4,https://www.youtube.com/watch?v=AcDMlgbrcK4,Cricket Expert,UCWSCF-pqjmfIM4Dmxwh0ViQ,Ugyc9WLDkNScpdrdLe94AaABAg,https://www.youtube.com/watch?v=AcDMlgbrcK4&lc=Ugyc9WLDkNScpdrdLe94AaABAg,Poor indiyan team😂😂😂😂😂,@gayandeshan6354,2026-09-22T13:27:00Z,0,
YT2000408,Jessica Pegula vs Alexandra Eala (2026 Washington Final),Tennis,,"Jessica Pegula vs. Alexandra Eala | 2026 Washington, DC Final | WTA Match Highlights",OvjNXy1mQjY,https://www.youtube.com/watch?v=OvjNXy1mQjY,WTA,UCaBIVVpHjq6j3tSyxwTE-8Q,UgypAuSVdOFjvRteVnd4AaABAg,https://www.youtube.com/watch?v=OvjNXy1mQjY&lc=UgypAuSVdOFjvRteVnd4AaABAg,Historic Title for our baby goat ALEX EALA!,@jaysonsernachannel1624,2026-09-13T00:00:00Z,0,
YT2000409,2026 Hungarian Grand Prix,Formula 1,2026-07-26,Fans React to the 2026 Hungarian Grand Prix,SDzQqr7-JwY,https://www.youtube.com/watch?v=SDzQqr7-JwY,Kr1s,UCz-llHGeBJB06SA6g-Q_JKA,UgyW6UC1TV4TzVS7esJ4AaABAg,https://www.youtube.com/watch?v=SDzQqr7-JwY&lc=UgyW6UC1TV4TzVS7esJ4AaABAg,Homie all most trow away his glasses but then he remembered it's expensive,@fighead-o1b,2026-08-23T00:00:00Z,0,
YT2000410,Phoenix Mercury vs Dallas Wings (2026 WNBA),Basketball,2026-09-19,"Phoenix Mercury vs. Dallas Wings | FULL GAME HIGHLIGHTS | September 19, 2026",gmTPOM9RMxU,https://www.youtube.com/watch?v=gmTPOM9RMxU,WNBA,UCO9a_ryN_l7DIDS-VIt-zmw,UgywdR38YggNbwEsGRx4AaABAg,https://www.youtube.com/watch?v=gmTPOM9RMxU&lc=UgywdR38YggNbwEsGRx4AaABAg,Way to get a win Dallas. Paige is so LIT right now. 🔥,@R2Jizzo1,2026-09-22T00:00:00Z,3,
YT2000411,2026 European Athletics Championships Day 5,Athletics,,Day Five Highlights | Birmingham 2026 European Athletics Championships,SVDkKeN8kIU,https://www.youtube.com/watch?v=SVDkKeN8kIU,European Athletics,UCp21zu_8Hd0w9HULooemRCA,Ugyd1Z8NRHngOsh3bZ94AaABAg,https://www.youtube.com/watch?v=SVDkKeN8kIU&lc=Ugyd1Z8NRHngOsh3bZ94AaABAg,"Werro actually sped up as she glided in, by extending her stride.",@stevenknudsen7902,2026-08-23T00:00:00Z,0,
YT2000412,An Se Young vs Akane Yamaguchi (2026 BWF World Championships Final),Badminton,,BWF World Championships 2026 | An Se Young (KOR) [1] vs Akane Yamaguchi (JPN) [2] | F,99riPBazzfk,https://www.youtube.com/watch?v=99riPBazzfk,BWF TV,UChh-akEbUM8_6ghGVnJd6cQ,UgygIUzpVW7SL7n2e-p4AaABAg,https://www.youtube.com/watch?v=99riPBazzfk&lc=UgygIUzpVW7SL7n2e-p4AaABAg,Who is the coach for yamaguchi? The male coach,@zms-o2v5d,2026-09-18T00:00:00Z,0,
YT2000413,Vegas Golden Knights vs Carolina Hurricanes (2026 Stanley Cup Final Game 2),Hockey,,FULL REPLAY: Game 2 | Golden Knights vs. Hurricanes | 2026 Stanley Cup Final,TGduVpjEXKM,https://www.youtube.com/watch?v=TGduVpjEXKM,NHL,UCqFMzb-4AUf6WAIbl132QKA,UgxZamBTNK7Hgumtaap4AaABAg,https://www.youtube.com/watch?v=TGduVpjEXKM&lc=UgxZamBTNK7Hgumtaap4AaABAg,Stankoven is smaller than Mitch Marner and man he out muscled the best VGK had game in game out,@CoastTheMostkuzz,2026-06-23T00:00:00Z,6,
YT2000414,Raymond Muratalla vs Andy Cruz (2026 Boxing),Boxing,,Raymond Muratalla Retains World Title vs Andy Cruz | Highlights | Matchroom,5gddebIxomA,https://www.youtube.com/watch?v=5gddebIxomA,Matchroom Boxing,UC7LReVje9aPB4B6XAsXX8WQ,UgzkuvkgGLpKrNMruwR4AaABAg,https://www.youtube.com/watch?v=5gddebIxomA&lc=UgzkuvkgGLpKrNMruwR4AaABAg,What a great fight. I was also impressed by the translator for Cruz.,@Amazing_Uriel,2026-05-23T00:00:00Z,0,
YT2000415,ONE Friday Fights 170,MMA,,ONE Friday Fights 170 | Thrilling Fight Highlights 💪,n_ZYgAY0EIM,https://www.youtube.com/watch?v=n_ZYgAY0EIM,ONE Championship,UCiormkBf3jm6mfb7k0yPbKA,UgwsSfmBz9bMazq0kO14AaABAg,https://www.youtube.com/watch?v=n_ZYgAY0EIM&lc=UgwsSfmBz9bMazq0kO14AaABAg,Good highlights but leave the commentary out,@davep7589,2026-09-15T00:00:00Z,0,
YT2000416,2026 BMW PGA Championship Final Round,Golf,,Final Round DRAMA at Wentworth | 2026 BMW PGA Championship,fJWYN9Sk7wo,https://www.youtube.com/watch?v=fJWYN9Sk7wo,DP World Tour,UCvZwbZt6YZQ4wj_7qyjPDZw,Ugy_wr9hHHk7QG9pML94AaABAg,https://www.youtube.com/watch?v=fJWYN9Sk7wo&lc=Ugy_wr9hHHk7QG9pML94AaABAg,as a highlight package it might have been nice to see fox play one shot...but nothing...,@paulthomson2288,2026-09-22T06:00:00Z,0,
YT2000417,2026 Green Mountain Championship,Disc Golf,,Final Round Highlights | MPO | 2026 Green Mountain Championship,UoebFpL95VE,https://www.youtube.com/watch?v=UoebFpL95VE,Disc Golf Pro Tour,UCw0WzNn6m2Na6ZW7rKqWI3g,UgyIlq2AACR8d1-vRvV4AaABAg,https://www.youtube.com/watch?v=UoebFpL95VE&lc=UgyIlq2AACR8d1-vRvV4AaABAg,Doesn't make sense to you because you can't do it..... he was going for the win,@zodiackeeler9169,2026-09-22T00:00:00Z,1,
YT2000418,Slovenia vs Serbia (2026 CEV EuroVolley),Volleyball,,Highlights | SLOVENIA vs. SERBIA | CEV Enel EuroVolley 2026 Men | Eight Finals,4OR3mlRfFDU,https://www.youtube.com/watch?v=4OR3mlRfFDU,European Volleyball,UC8XRC858pOERvclUDb_d7rg,UgxDIC78R9mtYaG8PmV4AaABAg,https://www.youtube.com/watch?v=4OR3mlRfFDU&lc=UgxDIC78R9mtYaG8PmV4AaABAg,"OMG! Cebulj my loves is back! 


Love from the Philippines. 😊",@StarBuzzersph,2026-09-22T09:00:00Z,1,
YT2000419,Springboks vs England (2026 Rugby),Rugby,2026-07-04,Springboks v England at Ellis Park | Extended Highlights | 4 July 2026,hS3CsahX3Kc,https://www.youtube.com/watch?v=hS3CsahX3Kc,Official Springbok YouTube,UCVI5iqtQOsWZwtAg1o3SIAQ,UgwovoGaHsR1Bu9gnH94AaABAg,https://www.youtube.com/watch?v=hS3CsahX3Kc&lc=UgwovoGaHsR1Bu9gnH94AaABAg,Les. Pauvres. Noir. Il. Les. M'étais. D une. Tribunes. Tout. En. Hauteur.  Sur. Des. Vieux. Siège. En. Bois. C étai. L. Apartheid. Il. En. A. Qui. Oubli. Vite. Ou. Cherche. A. Évite. D ans. Parle.,@CherifBenhella,2026-08-23T00:00:00Z,0,
YT2000420,Bayern Munich vs Real Madrid (2026 UEFA Champions League Quarterfinal),Football,,Bayern vs. Real Madrid: Extended Highlights | UCL Quarterfinals - Leg 2 | CBS Sports Golazo,dF-JIdw_PW4,https://www.youtube.com/watch?v=dF-JIdw_PW4,CBS Sports Golazo,UCET00YnetHT7tOpu12v8jxg,UgwnvpiU0O8RiAPzq7F4AaABAg,https://www.youtube.com/watch?v=dF-JIdw_PW4&lc=UgwnvpiU0O8RiAPzq7F4AaABAg,"So nice to come back to this to watch Madrid cry again. Neuer was even nice enough to gift the first 2 goals and they still couldn’t get it together. 
So nice to see football restored",@caiobotelho5884,2026-09-10T00:00:00Z,0,
YT2000421,"Afghanistan vs India (2026 T20I Series, Match 3)",Cricket,,Match Highlights | Afghanistan vs India | Match 03 | T20I Series 2026 | ACB | M9N1J,CJU-fIbr8Vk,https://www.youtube.com/watch?v=CJU-fIbr8Vk,Sports Central by DRM,UC-fzWbU1zavz77kP1gPPdSg,Ugy2xLpL1BBjR2adb0R4AaABAg,https://www.youtube.com/watch?v=CJU-fIbr8Vk&lc=Ugy2xLpL1BBjR2adb0R4AaABAg,Afg fielding ❤,@mirkhalidnichari9669,2026-09-20T00:00:00Z,1,
YT2000422,Kyoka Okamura vs Leylah Fernandez (2026 Singapore),Tennis,,Kyoka Okamura vs. Leylah Fernandez | 2026 Singapore Round 1 | WTA Match Highlights,87I2JwzG140,https://www.youtube.com/watch?v=87I2JwzG140,WTA,UCaBIVVpHjq6j3tSyxwTE-8Q,UgykoZVls3aRSVB6KlN4AaABAg,https://www.youtube.com/watch?v=87I2JwzG140&lc=UgykoZVls3aRSVB6KlN4AaABAg,"Why they smile and I smiled😂
I really love this guy who commented on the match. May I know his name pls 😁.
Congrats to both players. ❤",@SistaLees,2026-09-22T13:00:00Z,0,
YT2000423,2026 Canadian Grand Prix,Formula 1,2026-05-24,Fans React to the 2026 Canadian Grand Prix,MfGFEzeee54,https://www.youtube.com/watch?v=MfGFEzeee54,Kr1s,UCz-llHGeBJB06SA6g-Q_JKA,UgxzxXA-VbT29TQpMKV4AaABAg,https://www.youtube.com/watch?v=MfGFEzeee54&lc=UgxzxXA-VbT29TQpMKV4AaABAg,31:37  definitely more engaging and entertaining than the Ground EFX era we come from. Sheesh 🙄 that was horrible,@musamnguni510,2026-06-23T00:00:00Z,0,
YT2000424,Atlanta Dream vs New York Liberty (2026 WNBA),Basketball,2026-09-21,"Atlanta Dream vs. New York Liberty | FULL GAME HIGHLIGHTS | September 21, 2026",Cazz5y4tbg8,https://www.youtube.com/watch?v=Cazz5y4tbg8,WNBA,UCO9a_ryN_l7DIDS-VIt-zmw,UgxGqwwUNn_I_6bHxwh4AaABAg,https://www.youtube.com/watch?v=Cazz5y4tbg8&lc=UgxGqwwUNn_I_6bHxwh4AaABAg,"A y’all, WE FOREAL!!!!!!!!!! Bring dat chip to da city!!!!!",@cliffhill8895,2026-09-22T13:26:00Z,0,
YT2000425,2026 European Athletics Championships Day 6,Athletics,,Day Six Highlights | Birmingham 2026 European Athletics Championships,Pr8JLNyeRwU,https://www.youtube.com/watch?v=Pr8JLNyeRwU,European Athletics,UCp21zu_8Hd0w9HULooemRCA,UgyWSwdExh1GlDJ7vml4AaABAg,https://www.youtube.com/watch?v=Pr8JLNyeRwU&lc=UgyWSwdExh1GlDJ7vml4AaABAg,Dasling session of athletism❤🎉🎉🎉,@jean-marcelgoger,2026-08-23T00:00:00Z,1,
YT2000426,Kodai Naraoka vs Alex Lanier (2026 BWF World Championships Final),Badminton,,BWF World Championships 2026 | Kodai Naraoka (JPN) [10] vs Alex Lanier (FRA) [9] | F,go2uajSiBnE,https://www.youtube.com/watch?v=go2uajSiBnE,BWF TV,UChh-akEbUM8_6ghGVnJd6cQ,UgxHI20FJc0Cfqg372J4AaABAg,https://www.youtube.com/watch?v=go2uajSiBnE&lc=UgxHI20FJc0Cfqg372J4AaABAg,57:17 coach crying tear of joy 😭,@bo12333,2026-09-02T00:00:00Z,0,
YT2000427,Hungary vs Latvia (2026 IIHF Men’s World Championship),Hockey,,Highlights: Hungary vs Latvia | 2026 #MensWorlds,dhgqnUsBfBk,https://www.youtube.com/watch?v=dhgqnUsBfBk,IIHF,UCtmgna7qB0oQF2oOcVgndbw,UgzDHSVKHfha755fy4N4AaABAg,https://www.youtube.com/watch?v=dhgqnUsBfBk&lc=UgzDHSVKHfha755fy4N4AaABAg,Good luck for Latvia from Finland. Maybe everyone are underestimating your team because I see that some of your players are having a lot of scoring power right now. You have a chance to go far now. I was expecting more from Latvia in the Olympics but maybe your time is now,@postilaatikko7384,2026-06-23T00:00:00Z,4,
YT2000428,Abdullah Mason vs Ornelas (2026 Boxing),Boxing,,Abdullah Mason DROPS Ornelas Repeatedly in Brutal Win,d6A3cVkIKGc,https://www.youtube.com/watch?v=d6A3cVkIKGc,Top Rank Boxing,UCbzRzJNHx7ZLlJML9BjZQVQ,UgyiZWBytsq1mDgtX914AaABAg,https://www.youtube.com/watch?v=d6A3cVkIKGc&lc=UgyiZWBytsq1mDgtX914AaABAg,nyimak,@uyun-25,2026-07-23T00:00:00Z,0,
YT2000429,ONE Friday Fights 169,MMA,,ONE Friday Fights 169 Highlights 💥🥊,RwqvQX9iDJE,https://www.youtube.com/watch?v=RwqvQX9iDJE,ONE Championship,UCiormkBf3jm6mfb7k0yPbKA,UgxVN8lKFILCt-894Qd4AaABAg,https://www.youtube.com/watch?v=RwqvQX9iDJE&lc=UgxVN8lKFILCt-894Qd4AaABAg,Winning by being punching bag,@ryokiiedesu4026,2026-09-09T00:00:00Z,0,
YT2000430,2026 Biltmore Championship,Golf,,PGA Tour Highlights | Final Round | Biltmore Championship | 2026,SwVHCOFT7Wc,https://www.youtube.com/watch?v=SwVHCOFT7Wc,PGA Tour,UCKwGZZMrhNYKzucCtTPY2Nw,Ugx_fYDrydEjm2oKYDJ4AaABAg,https://www.youtube.com/watch?v=SwVHCOFT7Wc&lc=Ugx_fYDrydEjm2oKYDJ4AaABAg,Enjoyed the commentary as well.,@denniscrowley8517,2026-09-22T00:00:00Z,0,
YT2000431,2026 Green Mountain Championship,Disc Golf,,Final Round Highlights | MPO | 2026 Green Mountain Championship,UoebFpL95VE,https://www.youtube.com/watch?v=UoebFpL95VE,Disc Golf Pro Tour,UCw0WzNn6m2Na6ZW7rKqWI3g,UgzjAjjtwNpvrGR5G-14AaABAg,https://www.youtube.com/watch?v=UoebFpL95VE&lc=UgzjAjjtwNpvrGR5G-14AaABAg,Great win for Raven Newsome!,@Sleepnosis,2026-09-22T00:00:00Z,2,
YT2000432,Japan vs USA (2026 Men’s VNL Semifinal),Volleyball,,Japan 🇯🇵 vs. USA 🇺🇸 - Semi Final | Highlights | Men's VNL 2026,Cvj9Q6fYu3s,https://www.youtube.com/watch?v=Cvj9Q6fYu3s,Volleyball World,UCNMg6XDhRZI2QzL4pWOvP_w,UgwKefG946Bc6UqP41N4AaABAg,https://www.youtube.com/watch?v=Cvj9Q6fYu3s&lc=UgwKefG946Bc6UqP41N4AaABAg,Great match❤,@TheVolleyballLab-TVL,2026-09-13T00:00:00Z,0,
YT2000433,Hurricanes vs Blues (2026 Super Rugby Pacific),Rugby,,HURRICANES v BLUES | Rd 9 Highlights | Super Rugby Pacific 2026,TLq0hc3Oxtg,https://www.youtube.com/watch?v=TLq0hc3Oxtg,Super Rugby Pacific,UCDOGExGCsrrt_RrGDgLuMww,UgxLngVe5fwOlO8_7rB4AaABAg,https://www.youtube.com/watch?v=TLq0hc3Oxtg&lc=UgxLngVe5fwOlO8_7rB4AaABAg,Can anyone tell me why so many Blues players had bleached their hair? Looked odd,@charlottescott7150,2026-04-23T00:00:00Z,0,
YT2000434,Napoli vs Arsenal (2026 UEFA Champions League),Football,,Napoli vs. Arsenal: Extended Highlights | UCL League Phase MD 1 | CBS Sports Golazo,7HFHdzIMgZ8,https://www.youtube.com/watch?v=7HFHdzIMgZ8,CBS Sports Golazo,UCET00YnetHT7tOpu12v8jxg,Ugy-OLXNQqUEW1LgRJR4AaABAg,https://www.youtube.com/watch?v=7HFHdzIMgZ8&lc=Ugy-OLXNQqUEW1LgRJR4AaABAg,Biggest favorites 😅,@sigmaeditz329,2026-09-16T00:00:00Z,0,
YT2000435,"Afghanistan vs India (2026 T20I Series, Match 3)",Cricket,,Full Match Highlights | Afghanistan vs India | Match 03 | T20I Series 2026 | ACB | M9N1J,TapC28fhANQ,https://www.youtube.com/watch?v=TapC28fhANQ,Sports Central by DRM,UC-fzWbU1zavz77kP1gPPdSg,Ugx4-BLYkDxGflK8Jo94AaABAg,https://www.youtube.com/watch?v=TapC28fhANQ&lc=Ugx4-BLYkDxGflK8Jo94AaABAg,Gai team Afghanistan 😂😂😂,@MonirulIslam-oz2qp,2026-09-21T00:00:00Z,0,
YT2000436,Carlos Alcaraz vs Jannik Sinner (2026 Monte-Carlo Final),Tennis,,Carlos Alcaraz vs Jannik Sinner FIRST Final of 2026 🔥 | Monte-Carlo 2026 Final Highlights,dQUKOY8D3IE,https://www.youtube.com/watch?v=dQUKOY8D3IE,Tennis TV,UCbcxFkd6B9xUU54InHv4Tig,UgyuzA_PNt7wUYD9qvB4AaABAg,https://www.youtube.com/watch?v=dQUKOY8D3IE&lc=UgyuzA_PNt7wUYD9qvB4AaABAg,anyone here missing Sincaraz after news of Jannik skipping the US Open?? 🥲,@justagirl-1294,2026-08-26T00:00:00Z,0,
YT2000437,2026 Barcelona-Catalunya Grand Prix,Formula 1,2026-06-14,Our 2026 Barcelona-Catalunya Grand Prix Race Review,0jVk2QviEog,https://www.youtube.com/watch?v=0jVk2QviEog,P1 with Matt & Tommy,UCD5jAyCSDRR5yTgswfDbK8w,UgyWT-Zz4Zjfp1VVVXh4AaABAg,https://www.youtube.com/watch?v=0jVk2QviEog&lc=UgyWT-Zz4Zjfp1VVVXh4AaABAg,"F1 2026 Barcelona-Catalunya Grand Prix Prediction
Good Surprise Cadillac +2 finished ahead of Leclerc so easy one
Big Flop Aston Martin +2 double dnf and Alonso gift Hamilton first Ferrari win at Spain
Pole Position Piastri 0
3rd place Hamilton 0 close
2nd place Norris 0 close if put Hamilton 1st and different
1st place Piastri 0 not even close for the bottler
PWhat?! P16 Bottas 0 not even close (Me +2 Matt 0 Tommy -1)
Crazy Prediction less than 8 teams score points/strangely only Racing Bulls was a double pointer in monaco +1 surprised that there is all double team apart from ferrari and mercedes 😂
Bonus Patreon Prediction hulk q3 +1 easy one
Championship points= Me 30 Matt 22 Tommy 28
again Matt delulu and Tommy cooking",@Leo-uw3me,2026-06-23T00:00:00Z,0,
YT2000438,Washington Mystics vs Indiana Fever (2026 WNBA),Basketball,2026-09-20,"Washington Mystics vs. Indiana Fever | FULL GAME HIGHLIGHTS | September 20, 2026",8cV4ZkdKn7g,https://www.youtube.com/watch?v=8cV4ZkdKn7g,WNBA,UCO9a_ryN_l7DIDS-VIt-zmw,UgxzHoFEzj6R2Ct5bs54AaABAg,https://www.youtube.com/watch?v=8cV4ZkdKn7g&lc=UgxzHoFEzj6R2Ct5bs54AaABAg,"The Fever defence is terrible.Very few opposed shots and zero help from team mates.The base line is never defended to force attacking players into help.

No offensive rebounds and very little boxing out for defensive rebounds.The paint is wide open for drives to the basket.

Billings is no addition to the squad.They need two to three new bigs to sort out the issue with rebounding as it is very poor at this level.Boston not spending much time down low as before when she was very effective.Can shoot threes very well when open.😮

The Fever offence can be very dynamic but their defence is killing them.

Watching from Ireland",@johnmaher4767,2026-09-22T13:31:00Z,0,
YT2000439,2026 European Athletics Championships Day 7,Athletics,,Day Seven Highlights | Birmingham 2026 European Athletics Championships,GK-bVPxtpxY,https://www.youtube.com/watch?v=GK-bVPxtpxY,European Athletics,UCp21zu_8Hd0w9HULooemRCA,UgwBw9ye9pf9ZOKPku54AaABAg,https://www.youtube.com/watch?v=GK-bVPxtpxY&lc=UgwBw9ye9pf9ZOKPku54AaABAg,"AMY HUNT!!!! wow so so impressive to win 4 golds in one championships, I hope she can keep it up at the next olympics!! :hand-pink-waving::face-blue-smiling::face-red-heart-shape::person-turqouise-waving::trophy-yellow-smiling::face-purple-smiling-fangs::face-blue-star-eyes:",@terrybogard1588,2026-08-23T00:00:00Z,1,
YT2000440,An Se Young vs Wang Zhi Yi (2026 BWF World Championships Semifinal),Badminton,,BWF World Championships 2026 | An Se Young (KOR) [1] vs Wang Zhi Yi (CHN) [3] | SF,7XPUAD74usE,https://www.youtube.com/watch?v=7XPUAD74usE,BWF TV,UChh-akEbUM8_6ghGVnJd6cQ,Ugxr3YDaqeVBds8A-UV4AaABAg,https://www.youtube.com/watch?v=7XPUAD74usE&lc=Ugxr3YDaqeVBds8A-UV4AaABAg,"The fake injury strategy may have worked on Sindhu, but it's out of the question for ASY😂",@yorushikka,2026-08-26T00:00:00Z,15,
YT2000441,Canada vs Norway (2026 IIHF Men’s World Championship),Hockey,,Highlights: Canada vs Norway | 2026 #MensWorlds,OOpKz9itTzs,https://www.youtube.com/watch?v=OOpKz9itTzs,IIHF,UCtmgna7qB0oQF2oOcVgndbw,UgwlMOy2NDhzkFEhd_N4AaABAg,https://www.youtube.com/watch?v=OOpKz9itTzs&lc=UgwlMOy2NDhzkFEhd_N4AaABAg,next time  wi vil  winn  all hockey  we  got  the  blodd,@Paul-g3j7n,2026-06-23T00:00:00Z,0,
YT2000442,Legendary Boxing Fights Collection,Boxing,,"12 Hours of Legendary Fights | Mayweather, Ali, Inoue & More",4GCNfWec-30,https://www.youtube.com/watch?v=4GCNfWec-30,Top Rank Boxing,UCbzRzJNHx7ZLlJML9BjZQVQ,Ugwy5JXhsjTZUKWicoh4AaABAg,https://www.youtube.com/watch?v=4GCNfWec-30&lc=Ugwy5JXhsjTZUKWicoh4AaABAg,"Lomachenko is way better than Martinez, like totally different levels, why would they fight? Is to increase Lomachenko record? And they pay Martinez and his coach?",@bonal92,2026-05-23T00:00:00Z,0,
YT2000443,Joshua Pacio vs Mansur Malachiev (ONE Championship),MMA,,Wushu Meets Dagestani Wrestling ⚔️ Joshua Pacio 🇵🇭 vs. Mansur Malachiev 🇷🇺 | MMA Full Fight,fW2PNH4L-DU,https://www.youtube.com/watch?v=fW2PNH4L-DU,ONE Championship,UCiormkBf3jm6mfb7k0yPbKA,UgyB2RSjZ_U2MDmKKsF4AaABAg,https://www.youtube.com/watch?v=fW2PNH4L-DU&lc=UgyB2RSjZ_U2MDmKKsF4AaABAg,Muslim man defeated,@karmakellenkelden8873,2026-09-09T00:00:00Z,0,
YT2000444,2026 BMW PGA Championship,Golf,,Round 4 Highlights | 2026 BMW PGA Championship,gQZomCyCWuw,https://www.youtube.com/watch?v=gQZomCyCWuw,DP World Tour,UCvZwbZt6YZQ4wj_7qyjPDZw,UgztljysN6V8uhQ87OZ4AaABAg,https://www.youtube.com/watch?v=gQZomCyCWuw&lc=UgztljysN6V8uhQ87OZ4AaABAg,Million dollar chunk,@ridewithAustin,2026-09-22T00:00:00Z,0,
YT2000445,2026 Green Mountain Championship,Disc Golf,,Final Round Highlights | MPO | 2026 Green Mountain Championship,UoebFpL95VE,https://www.youtube.com/watch?v=UoebFpL95VE,Disc Golf Pro Tour,UCw0WzNn6m2Na6ZW7rKqWI3g,Ugy0QFzhh8GU-uSCm7h4AaABAg,https://www.youtube.com/watch?v=UoebFpL95VE&lc=Ugy0QFzhh8GU-uSCm7h4AaABAg,So much good disc golf! Congrats Raven! I feel like commentary regressed substantially. So much hyperbole!! I'd rather dead air than listen to you speak in absolutes and exaggeration:,@TMillaT,2026-09-22T00:00:00Z,2,
YT2000446,USA vs Poland (2026 Men’s VNL Final),Volleyball,,USA 🇺🇸 vs. Poland 🇵🇱 - Gold Match | Highlights | Men's VNL 2026 - Final,SAjrSUNCQbc,https://www.youtube.com/watch?v=SAjrSUNCQbc,Volleyball World,UCNMg6XDhRZI2QzL4pWOvP_w,Ugy_wbSf2XJGBpa0DzB4AaABAg,https://www.youtube.com/watch?v=SAjrSUNCQbc&lc=Ugy_wbSf2XJGBpa0DzB4AaABAg,From Nepal,@Dipesh-u4s9v,2026-09-09T00:00:00Z,1,
YT2000447,South Africa vs New Zealand (2026 Rugby Test),Rugby,,SOUTH AFRICA v NEW ZEALAND | 4th Test Highlights | Rugby's Greatest Rivalry 2026,G3s7nFFiRyk,https://www.youtube.com/watch?v=G3s7nFFiRyk,SANZAAR TV,UCvMgypvk0d5P0K3F3bB19Eg,UgzNpc1RAmW5cJhbxlx4AaABAg,https://www.youtube.com/watch?v=G3s7nFFiRyk&lc=UgzNpc1RAmW5cJhbxlx4AaABAg,"McKenzie had Jordan outside went inside , Springbok runs away with the game, well done South Africa better team after 4 🇿🇦",@Cookmesumeggs,2026-09-18T00:00:00Z,0,
YT2000448,Porto vs Manchester City (2026 UEFA Champions League),Football,,Porto vs. Man. City: Extended Highlights | UCL League Phase MD 1 | CBS Sports Golazo,mXNFbZJdcqY,https://www.youtube.com/watch?v=mXNFbZJdcqY,CBS Sports Golazo,UCET00YnetHT7tOpu12v8jxg,UgyRH97QdmqnD3_b5Td4AaABAg,https://www.youtube.com/watch?v=mXNFbZJdcqY&lc=UgyRH97QdmqnD3_b5Td4AaABAg,Haaland,@marysasser1120,2026-09-15T00:00:00Z,0,
YT2000449,"Afghanistan vs India (2026 T20I Series, Match 2)",Cricket,,Full Match Highlights | Afghanistan vs India | Match 02 | T20I Series 2026 | ACB | M9N1J,svAuradtMZw,https://www.youtube.com/watch?v=svAuradtMZw,Sports Central by DRM,UC-fzWbU1zavz77kP1gPPdSg,UgzFYtLpjcHZAeZ9cBt4AaABAg,https://www.youtube.com/watch?v=svAuradtMZw&lc=UgzFYtLpjcHZAeZ9cBt4AaABAg,Sanju❤️,@pratrue805,2026-09-18T00:00:00Z,0,
YT2000450,Andrey Rublev vs Arthur Fils (2026 Barcelona Final),Tennis,,Andrey Rublev vs Arthur Fils for the Title! 🏆 | Barcelona 2026 Final Highlights,ugTb7lPGgI8,https://www.youtube.com/watch?v=ugTb7lPGgI8,Tennis TV,UCbcxFkd6B9xUU54InHv4Tig,UgxLe3RJXpiBMHFpqnt4AaABAg,https://www.youtube.com/watch?v=ugTb7lPGgI8&lc=UgxLe3RJXpiBMHFpqnt4AaABAg,"J'ai jamais vu Fils frapper aussi fort avec une telle précision pendant tout un match.... Oo Bravo a lui, espérons qu'il continue !",@VásquezEva-l8t,2026-07-23T00:00:00Z,0,
YT2000451,2026 Australian Grand Prix,Formula 1,2026-03-08,Fans React to the 2026 Australian Grand Prix,uvMholf0zLI,https://www.youtube.com/watch?v=uvMholf0zLI,Kr1s,UCz-llHGeBJB06SA6g-Q_JKA,UgyIg32uRXazMvSkTMt4AaABAg,https://www.youtube.com/watch?v=uvMholf0zLI&lc=UgyIg32uRXazMvSkTMt4AaABAg,"As a huge Piastri fan, I got a huge laugh and felt better watching a photo of a crying Matt/ Leclerc fan cry baby shot... made me feel alot better.",@arkangelarkangel1302,2026-04-23T00:00:00Z,0,
YT2000452,Seattle Storm vs Golden State Valkyries (2026 WNBA),Basketball,2026-09-19,"Seattle Storm vs. Golden State Valkyries | FULL GAME HIGHLIGHTS | September 19, 2026",o8UOT-qXhs8,https://www.youtube.com/watch?v=o8UOT-qXhs8,WNBA,UCO9a_ryN_l7DIDS-VIt-zmw,Ugy48DaMYohZw72vW5F4AaABAg,https://www.youtube.com/watch?v=o8UOT-qXhs8&lc=Ugy48DaMYohZw72vW5F4AaABAg,☝️🤣 SEATTLE almost surprised their ass near the end of the 4th !,@darkboywonder2044,2026-09-21T21:00:00Z,0,
YT2000453,2026 European Athletics Championships Men’s 100m,Athletics,,"EVERY RACE - Men's 100m European Athletics Championships 2026 | Heats, Semi finals and Final",4bLPTpMw99E,https://www.youtube.com/watch?v=4bLPTpMw99E,European Athletics,UCp21zu_8Hd0w9HULooemRCA,UgyCvpXxq7TFUpHsFIh4AaABAg,https://www.youtube.com/watch?v=4bLPTpMw99E&lc=UgyCvpXxq7TFUpHsFIh4AaABAg,Its African championship btw,@reflex.gam3r,2026-09-14T00:00:00Z,0,
YT2000454,Alex Lanier vs Kunlavut Vitidsarn (2026 BWF World Championships Quarterfinal),Badminton,,BWF World Championships 2026 | Alex Lanier (FRA) [9] vs Kunlavut Vitidsarn (THA) [2] | QF,bsdgjFX-nhQ,https://www.youtube.com/watch?v=bsdgjFX-nhQ,BWF TV,UChh-akEbUM8_6ghGVnJd6cQ,UgwbUcJOJFYuXIE4-iZ4AaABAg,https://www.youtube.com/watch?v=bsdgjFX-nhQ&lc=UgwbUcJOJFYuXIE4-iZ4AaABAg,Vitidsarn great player. Zero passion.,@rickdeckard9810,2026-08-23T00:00:00Z,0,
YT2000455,Canada vs USA (2026 IIHF Men’s World Championship),Hockey,,Highlights: Canada vs USA | 2026 #MensWorlds,gEPn42NmMIs,https://www.youtube.com/watch?v=gEPn42NmMIs,IIHF,UCtmgna7qB0oQF2oOcVgndbw,UgyEQw424G8tDSSsjad4AaABAg,https://www.youtube.com/watch?v=gEPn42NmMIs&lc=UgyEQw424G8tDSSsjad4AaABAg,Canadians celebrating USA’s team of 4th liners and AHL players losing at the Worlds to cope with losing at the Olympics in the comments,@Mark-nx5pk,2026-06-23T00:00:00Z,0,
YT2000456,Teremoana vs Heavyweight Opponent (2026 Matchroom Boxing),Boxing,,Undefeated giant heavyweight Teremoana | Non-Stop KOs | Matchroom Boxing,Q0PKJmMaV_U,https://www.youtube.com/watch?v=Q0PKJmMaV_U,Matchroom Boxing,UC7LReVje9aPB4B6XAsXX8WQ,UgyjLv5bBbe-jWG5dZx4AaABAg,https://www.youtube.com/watch?v=Q0PKJmMaV_U&lc=UgyjLv5bBbe-jWG5dZx4AaABAg,Funny how we hear how great he is and hear how great Moses is yet we don't hear anything about these 2 up and comers fighting each other.. what's the matter.. you afraid to test your boys and find out they ain't shit if you can't box..,@p021627,2026-08-23T00:00:00Z,0,
YT2000457,Amru Magomedov vs Angel Alvarez (2026 PFL New York),MMA,,A DESTRUCTIVE DISPLAY! | Amru Magomedov v Angel Alvarez - Fight Highlights | PFL New York,MazPHXIWMVk,https://www.youtube.com/watch?v=MazPHXIWMVk,PFL MMA,UCPrONRG9hO1f-OrxW-WH-xg,Ugz9Oyet3S8rPreAtu54AaABAg,https://www.youtube.com/watch?v=MazPHXIWMVk&lc=Ugz9Oyet3S8rPreAtu54AaABAg,"He couldn't finish Alvarez when he dropped by leg kick , in UFC , top class lightweight gonna kill him 🎉",@AasiefKhan1,2026-08-26T00:00:00Z,0,
YT2000458,2026 BMW PGA Championship Final Round,Golf,,Final Round DRAMA at Wentworth | 2026 BMW PGA Championship,fJWYN9Sk7wo,https://www.youtube.com/watch?v=fJWYN9Sk7wo,DP World Tour,UCvZwbZt6YZQ4wj_7qyjPDZw,UgzonAeBW6jvHH1AAd94AaABAg,https://www.youtube.com/watch?v=fJWYN9Sk7wo&lc=UgzonAeBW6jvHH1AAd94AaABAg,No golf winner beats any others. They beat the course. Such drivel you spout.,@martinluke9470,2026-09-22T03:00:00Z,0,
YT2000459,2026 Green Mountain Championship,Disc Golf,,Final Round Highlights | MPO | 2026 Green Mountain Championship,UoebFpL95VE,https://www.youtube.com/watch?v=UoebFpL95VE,Disc Golf Pro Tour,UCw0WzNn6m2Na6ZW7rKqWI3g,Ugxhe41fz00Tb3W_HqB4AaABAg,https://www.youtube.com/watch?v=UoebFpL95VE&lc=Ugxhe41fz00Tb3W_HqB4AaABAg,What a nice guy. Good for you dude!,@marnoster,2026-09-22T00:00:00Z,19,
YT2000460,Italy vs Denmark (2026 CEV EuroVolley),Volleyball,,Highlights | Italy vs. Denmark | CEV Enel EuroVolley 2026 Men | Eight Finals,JK_IC9hRAMg,https://www.youtube.com/watch?v=JK_IC9hRAMg,European Volleyball,UC8XRC858pOERvclUDb_d7rg,UgygYWYXvER0zp7w9MR4AaABAg,https://www.youtube.com/watch?v=JK_IC9hRAMg&lc=UgygYWYXvER0zp7w9MR4AaABAg,ITALY BEST EVER ❤😊,@EnzoNEtrella,2026-09-22T00:00:00Z,0,
YT2000461,England vs Fiji (2026 Nations Championship),Rugby,,England v Fiji highlights | 2026 Nations Championship,4tewDq2UAtI,https://www.youtube.com/watch?v=4tewDq2UAtI,England Rugby,UCmi7CahP3G3YySOAFOfSnkw,UgwnRbB6vHY9_B9swAx4AaABAg,https://www.youtube.com/watch?v=4tewDq2UAtI&lc=UgwnRbB6vHY9_B9swAx4AaABAg,Who named Fiji rugby team the Flying Fijians 😂,@JTALI,2026-07-23T00:00:00Z,1,
YT2000462,Barcelona vs Feyenoord (2026 UEFA Champions League),Football,,HIGHLIGHTS | FC BARCELONA 5 vs 1 FEYENOORD | UEFA CHAMPIONS LEAGUE 26/27 🔵🔴,XqSrz6MKVlk,https://www.youtube.com/watch?v=XqSrz6MKVlk,FC Barcelona,UC14UlmYlSNiQCBe9Eookf_A,UgwyyZ-wc5sCDnS_i294AaABAg,https://www.youtube.com/watch?v=XqSrz6MKVlk&lc=UgwyyZ-wc5sCDnS_i294AaABAg,"Si me ilusiono con mi Club América cada Concacaf que no me ilusione con mis blaugrana cada Uefa :face-red-heart-shape: ¡Vamos, carajo!",@SuperYet,2026-09-20T00:00:00Z,0,
YT2000463,India vs Pakistan (2026 Asia Cup Final),Cricket,,India VS Pakistan Extended Highlights | Asia Cup Final | Channel 9 Sports,GFj5cfzYoEQ,https://www.youtube.com/watch?v=GFj5cfzYoEQ,Channel Nine Sports,UCyDQWHMFMoNVDrdw7Y7jAZQ,UgzYoFdFvm43ELtvQxh4AaABAg,https://www.youtube.com/watch?v=GFj5cfzYoEQ&lc=UgzYoFdFvm43ELtvQxh4AaABAg,Hindustan 🇮🇳🇮🇳🇮🇳🇮🇳my favorite team,@vaibhavdeogurjar,2026-09-11T00:00:00Z,0,
YT2000464,Jannik Sinner vs Arthur Fils (2026 Madrid Semifinal),Tennis,,Jannik Sinner vs Arthur Fils For A Place In The Final! | Madrid 2026 Highlights,-7V1paGhbiY,https://www.youtube.com/watch?v=-7V1paGhbiY,Tennis TV,UCbcxFkd6B9xUU54InHv4Tig,UgxZmZtX0BuTeevGSVx4AaABAg,https://www.youtube.com/watch?v=-7V1paGhbiY&lc=UgxZmZtX0BuTeevGSVx4AaABAg,FILS passa la prossima volta e con un bagno di umiltà. Vinci prima qualcosa e poi fai il buffone.,@NicolaFucci-mi4ng,2026-09-02T00:00:00Z,0,
YT2000465,2026 Italian Grand Prix,Formula 1,2026-09-06,Fans React to the 2026 Italian Grand Prix,ah1bbvzWhPE,https://www.youtube.com/watch?v=ah1bbvzWhPE,Kr1s,UCz-llHGeBJB06SA6g-Q_JKA,UgztKOPWYqJbCcjSjjR4AaABAg,https://www.youtube.com/watch?v=ah1bbvzWhPE&lc=UgztKOPWYqJbCcjSjjR4AaABAg,"As good as Kimi is, he is still a child sometimes",@lyndonarana13,2026-09-12T00:00:00Z,0,
YT2000466,Phoenix Mercury vs Portland Fire (2026 WNBA),Basketball,2026-09-17,"Phoenix Mercury vs. Portland Fire | FULL GAME HIGHLIGHTS | September 17, 2026",HkKKiotHvyI,https://www.youtube.com/watch?v=HkKKiotHvyI,WNBA,UCO9a_ryN_l7DIDS-VIt-zmw,UgxHmjY8QlOTFOK8PFp4AaABAg,https://www.youtube.com/watch?v=HkKKiotHvyI&lc=UgxHmjY8QlOTFOK8PFp4AaABAg,"Watching these games, I see that either the offensive players are really good or defensive players have never had any teaching about HOW to play defense. Maybe I'm just to old school",@ronaldstewart6999,2026-09-20T00:00:00Z,0,
YT2000467,"Italy Gold Highlights, 2026 European Athletics Championships",Athletics,,ITALIA 🇮🇹 Every Gold Highlights | Birmingham 2026 European Athletics Championships,YKRgXPIqK7s,https://www.youtube.com/watch?v=YKRgXPIqK7s,European Athletics,UCp21zu_8Hd0w9HULooemRCA,UgycoZk3FgCT4yImQ9t4AaABAg,https://www.youtube.com/watch?v=YKRgXPIqK7s&lc=UgycoZk3FgCT4yImQ9t4AaABAg,"J. Edwards is near, now...",@alessandrom.2166,2026-09-02T00:00:00Z,1,
YT2000468,Chia/Soh vs Liang/Wang (2026 BWF World Championships Final),Badminton,,BWF World Championships 2026 | Chia/Soh (MAS) [4] vs Liang/Wang (CHN) [3] | F,OyTqFMdLb_U,https://www.youtube.com/watch?v=OyTqFMdLb_U,BWF TV,UChh-akEbUM8_6ghGVnJd6cQ,Ugy8TQ36qD3V_oNcmC14AaABAg,https://www.youtube.com/watch?v=OyTqFMdLb_U&lc=Ugy8TQ36qD3V_oNcmC14AaABAg,"Lucky win. 
Chinese pair never beat Kim/Seo, Fajar/Fikri",@mrinangochakraborty9103,2026-09-02T00:00:00Z,4,
YT2000469,Switzerland vs Finland (2026 IIHF Men’s World Championship),Hockey,,Highlights: Switzerland vs Finland | 2026 #MensWorlds,HIpHZ_vblSo,https://www.youtube.com/watch?v=HIpHZ_vblSo,IIHF,UCtmgna7qB0oQF2oOcVgndbw,UgwtDPSxPldFM1f6DCx4AaABAg,https://www.youtube.com/watch?v=HIpHZ_vblSo&lc=UgwtDPSxPldFM1f6DCx4AaABAg,konsta just shows what it need´s last minuts.,@jounimaenpaa7507,2026-09-12T00:00:00Z,0,
YT2000470,Rolly Romero vs Ryan Garcia (2026 Boxing),Boxing,,Fight Highlights | Rolly Romero Stuns Ryan Garcia | Matchroom Boxing,CWUVyUtDivQ,https://www.youtube.com/watch?v=CWUVyUtDivQ,Matchroom Boxing,UC7LReVje9aPB4B6XAsXX8WQ,UgyfliTmLmVQ9O1Yg8B4AaABAg,https://www.youtube.com/watch?v=CWUVyUtDivQ&lc=UgyfliTmLmVQ9O1Yg8B4AaABAg,He double tapped that hook without receiving any return fire💀,@jamesguillory2081,2026-08-23T00:00:00Z,0,
YT2000471,Justin Clarke vs Abdoulaye Kane (2026 PFL Africa),MMA,,RUTHLESS Heavyweight Fight!! | Justin Clarke v Abdoulaye Kane | Full Fight | PFL Africa 1 2026,rAAW2ORZnwo,https://www.youtube.com/watch?v=rAAW2ORZnwo,PFL MMA,UCPrONRG9hO1f-OrxW-WH-xg,UgxGvqUKjQkVGSxcCvF4AaABAg,https://www.youtube.com/watch?v=rAAW2ORZnwo&lc=UgxGvqUKjQkVGSxcCvF4AaABAg,Ruig Ruig Coming,@curtisbrown1079,2026-07-23T00:00:00Z,0,
YT2000472,2026 Biltmore Championship,Golf,,PGA Tour Highlights | Final Round | Biltmore Championship | 2026,SwVHCOFT7Wc,https://www.youtube.com/watch?v=SwVHCOFT7Wc,PGA Tour,UCKwGZZMrhNYKzucCtTPY2Nw,UgyXMAI_7aQI1lS7y9d4AaABAg,https://www.youtube.com/watch?v=SwVHCOFT7Wc&lc=UgyXMAI_7aQI1lS7y9d4AaABAg,that guys name is blades?? lol thats a first for me,@Sketchy273,2026-09-22T00:00:00Z,2,
YT2000473,2026 Green Mountain Championship,Disc Golf,,Final Round Highlights | MPO | 2026 Green Mountain Championship,UoebFpL95VE,https://www.youtube.com/watch?v=UoebFpL95VE,Disc Golf Pro Tour,UCw0WzNn6m2Na6ZW7rKqWI3g,Ugwgh1g26lhEaGCbnl54AaABAg,https://www.youtube.com/watch?v=UoebFpL95VE&lc=Ugwgh1g26lhEaGCbnl54AaABAg,"The pure joy of seeing his wife is something all us men hope to achieve. 

Pure happy-ness.",@thesweetlou345,2026-09-22T00:00:00Z,33,
YT2000474,Belgium vs Czechia (2026 CEV EuroVolley),Volleyball,,Highlights | BELGIUM vs. CZECHIA | CEV Enel EuroVolley 2026 Men | Eight Finals,PW7s66Q3ZPk,https://www.youtube.com/watch?v=PW7s66Q3ZPk,European Volleyball,UC8XRC858pOERvclUDb_d7rg,Ugx_HTstKbwRIXinUvl4AaABAg,https://www.youtube.com/watch?v=PW7s66Q3ZPk&lc=Ugx_HTstKbwRIXinUvl4AaABAg,Greece was harder opponent for finland thanks to estonia.,@DagP-g1x,2026-09-21T18:00:00Z,1,
YT2000475,Wallabies vs France (2026 Nations Championship),Rugby,,Wallabies v France Highlights | Nations Championship 2026 | Round 2,qKCIZyiqjbc,https://www.youtube.com/watch?v=qKCIZyiqjbc,Wallabies,UC4Y6lpmGz2rkbOVdrOhjgvQ,Ugwfnwi34Dua--mostZ4AaABAg,https://www.youtube.com/watch?v=qKCIZyiqjbc&lc=Ugwfnwi34Dua--mostZ4AaABAg,Maybe Australia should be playing in the tier 2 competition,@JohnKelly-oi1xz,2026-07-23T00:00:00Z,0,
YT2000476,Manchester City vs Sunderland (2026 Premier League),Football,,EXTENDED HIGHLIGHTS | Man City 5-3 Sunderland | A Premier League Classic at the Etihad!,dVFiXhUKXmI,https://www.youtube.com/watch?v=dVFiXhUKXmI,Man City,UCkzCjdRMrW2vXLx8mvPVLdQ,UgxWTd-oZF7SZyvo-Vl4AaABAg,https://www.youtube.com/watch?v=dVFiXhUKXmI&lc=UgxWTd-oZF7SZyvo-Vl4AaABAg,Halland harusnya tidak memotong rambutnya,@BlueMoon-i1k,2026-09-22T13:21:00Z,0,
YT2000477,India vs Japan (2026 T20I),Cricket,,India vs Japan T20 Match Full Highlights 2026 | India vs Japan Highlights,AcDMlgbrcK4,https://www.youtube.com/watch?v=AcDMlgbrcK4,Cricket Expert,UCWSCF-pqjmfIM4Dmxwh0ViQ,Ugx9TieoPrQyF2zf5qh4AaABAg,https://www.youtube.com/watch?v=AcDMlgbrcK4&lc=Ugx9TieoPrQyF2zf5qh4AaABAg,Well done Japan shame on arrogant Indian players,@ashwanisehgal6955,2026-09-22T13:15:00Z,0,
YT2000478,Ben Shelton vs Brandon Nakashima (2026 Montreal Final),Tennis,,Ben Shelton vs Brandon Nakashima Title Battle 🏆 | Montreal 2026 Final Highlights,dvynMKs124E,https://www.youtube.com/watch?v=dvynMKs124E,Tennis TV,UCbcxFkd6B9xUU54InHv4Tig,UgxK4V0m-DB1AO1b5tR4AaABAg,https://www.youtube.com/watch?v=dvynMKs124E&lc=UgxK4V0m-DB1AO1b5tR4AaABAg,I'd like Shelton a lot more without all the grunting and battle cries,@ecksray48,2026-08-23T00:00:00Z,0,
YT2000479,2026 Chinese Grand Prix,Formula 1,2026-03-15,Fans React to the 2026 Chinese Grand Prix,77NaHUPQZto,https://www.youtube.com/watch?v=77NaHUPQZto,Kr1s,UCz-llHGeBJB06SA6g-Q_JKA,Ugwixhux7rRxs7tNrs54AaABAg,https://www.youtube.com/watch?v=77NaHUPQZto&lc=Ugwixhux7rRxs7tNrs54AaABAg,"1:20 ""Why P3?""",@Dzokhar,2026-08-23T00:00:00Z,0,
YT2000480,2025-26 EuroLeague Season Plays,Basketball,,Top 10 PLAYS of the Season | EuroLeague Basketball 2025-26,Gnq_Nhv-ZAM,https://www.youtube.com/watch?v=Gnq_Nhv-ZAM,EUROLEAGUE BASKETBALL,UCGr3nR_XH9r6E5b09ZJAT9w,Ugw8i2Tzqytjr5306Lt4AaABAg,https://www.youtube.com/watch?v=Gnq_Nhv-ZAM&lc=Ugw8i2Tzqytjr5306Lt4AaABAg,"THT, Wade BALDWÌNN 💛💙",@lealernen6690,2026-07-23T00:00:00Z,3,
YT2000481,2026 World Athletics Relays Gaborone,Athletics,,Top 10 Moments from the World Athletics Relays Gaborone 2026,6OeLLKS5EoA,https://www.youtube.com/watch?v=6OeLLKS5EoA,World Athletics,UCQk7fWv15ChjMJLCRVmtApw,UgxOAx8m_f5DYjXIsIp4AaABAg,https://www.youtube.com/watch?v=6OeLLKS5EoA&lc=UgxOAx8m_f5DYjXIsIp4AaABAg,Hello I wish I could be out there on the track again blessings to all keep going from a sprinter years ago we ❤Sonja 😊😊❤,@LilMama-e7s,2026-08-26T00:00:00Z,0,
YT2000482,Lakshya Sen vs Lin Chun-Yi (2026 All England Open),Badminton,,YONEX All England Open 2026 | Lakshya Sen (IND) vs Lin Chun-Yi (TPE) | F,7Q5JTy88JfQ,https://www.youtube.com/watch?v=7Q5JTy88JfQ,BWF TV,UChh-akEbUM8_6ghGVnJd6cQ,Ugxx1q1VhwDwnm-2Ccx4AaABAg,https://www.youtube.com/watch?v=7Q5JTy88JfQ&lc=Ugxx1q1VhwDwnm-2Ccx4AaABAg,Good game Lakshya we are proud of you ❤,@irfaanhudda6827,2026-08-23T00:00:00Z,0,
YT2000483,Slovakia vs Czechia (2026 IIHF Men’s World Championship),Hockey,,Highlights: Slovakia vs Czechia | 2026 #MensWorlds,i9HSH4dvZg8,https://www.youtube.com/watch?v=i9HSH4dvZg8,IIHF,UCtmgna7qB0oQF2oOcVgndbw,Ugz3UzBzADyyAeg052h4AaABAg,https://www.youtube.com/watch?v=i9HSH4dvZg8&lc=Ugz3UzBzADyyAeg052h4AaABAg,W,@Cubayz,2026-06-23T00:00:00Z,1,
YT2000484,Bam Rodriguez vs Vargas (2026 Boxing),Boxing,,Bam Rodriguez Knocks Out Vargas To Become Three-Weight World Champ | Matchroom Boxing,5i51aZYjocM,https://www.youtube.com/watch?v=5i51aZYjocM,Matchroom Boxing,UC7LReVje9aPB4B6XAsXX8WQ,UgwzXR1UQ-CJMiA_QPl4AaABAg,https://www.youtube.com/watch?v=5i51aZYjocM&lc=UgwzXR1UQ-CJMiA_QPl4AaABAg,es obvio que Vargas. o tiene potencia .si el gallo derribo a bam .con esa cantidad de golpes el japonés lo fulmina,@EstebanRodríguez-e5w,2026-06-23T00:00:00Z,0,
YT2000485,2026 PFL Africa: Nigeria,MMA,,2026 PFL Africa: Nigeria | Full Event,uIYQboeQ7do,https://www.youtube.com/watch?v=uIYQboeQ7do,PFL MMA,UCPrONRG9hO1f-OrxW-WH-xg,Ugyl-mJOqibBu_nlJjp4AaABAg,https://www.youtube.com/watch?v=uIYQboeQ7do&lc=Ugyl-mJOqibBu_nlJjp4AaABAg,Great event,@ryanmckeon6728,2026-06-23T00:00:00Z,1,
YT2000486,2026 BMW PGA Championship,Golf,,Round 4 Highlights | 2026 BMW PGA Championship,gQZomCyCWuw,https://www.youtube.com/watch?v=gQZomCyCWuw,DP World Tour,UCvZwbZt6YZQ4wj_7qyjPDZw,UgxtCyPzMeqVuKC9AUx4AaABAg,https://www.youtube.com/watch?v=gQZomCyCWuw&lc=UgxtCyPzMeqVuKC9AUx4AaABAg,Were they drunk when they put these highlights together?  Seems someone left a wire unplugged as well.   Astonishingly crap.,@officialtommoriarty,2026-09-22T00:00:00Z,1,
YT2000487,2026 Green Mountain Championship,Disc Golf,,Final Round Highlights | MPO | 2026 Green Mountain Championship,UoebFpL95VE,https://www.youtube.com/watch?v=UoebFpL95VE,Disc Golf Pro Tour,UCw0WzNn6m2Na6ZW7rKqWI3g,UgwVJ4aI6YlMbyDa2cF4AaABAg,https://www.youtube.com/watch?v=UoebFpL95VE&lc=UgwVJ4aI6YlMbyDa2cF4AaABAg,"nice to see a familiar face break through! congrats Raven, wtg. love the relaxed approach",@sloth_rattle,2026-09-22T00:00:00Z,0,
YT2000488,Japan vs Iran (2026 AVC Men’s Continental Championship Final),Volleyball,,Japan 🇯🇵 vs. Iran 🇮🇷 - Final | AVC Men's Continental Championships 2026 | Gold Match Highlights,a0iA57_4oCw,https://www.youtube.com/watch?v=a0iA57_4oCw,Volleyball World,UCNMg6XDhRZI2QzL4pWOvP_w,UgyBy01wP3tRZ1cO8YR4AaABAg,https://www.youtube.com/watch?v=a0iA57_4oCw&lc=UgyBy01wP3tRZ1cO8YR4AaABAg,Japan:- The only asian country who match with the international level at everything ❤❤,@Ohman401,2026-09-21T00:00:00Z,4,
YT2000489,All Blacks vs Lions (2026 Rugby),Rugby,,"MINI MATCH | All Blacks v Lions | Johannesburg, 2026",6MbNY6WCctU,https://www.youtube.com/watch?v=6MbNY6WCctU,All Blacks,UCsAPiUMyBjtKamxYGbSUnLA,UgzZIcwcTHo-WyZDtax4AaABAg,https://www.youtube.com/watch?v=6MbNY6WCctU&lc=UgzZIcwcTHo-WyZDtax4AaABAg,"Lions Half Back was all Class ,, Made Hotham look like a school boy , Nice job clawing the game back.. AB's had to work for it..",@JoshShort-h7w,2026-09-02T00:00:00Z,0,
YT2000490,Brentford vs Chelsea (2026 Premier League),Football,2026-09-18,Brentford 3-0 Chelsea | HIGHLIGHTS | Premier League 2026/27,gwrydB4FO_Y,https://www.youtube.com/watch?v=gwrydB4FO_Y,Chelsea Football Club,UCU2PacFf99vhb3hNiYDmxww,UgzivN_7mqS57_GlSjp4AaABAg,https://www.youtube.com/watch?v=gwrydB4FO_Y&lc=UgzivN_7mqS57_GlSjp4AaABAg,"We have problem at owners, directors,club for kids mindset, heavy rotation policy and no risk injury policy.
Two enzo was right. This club not being run the right way to win titles.",@hairulman8419,2026-09-22T08:00:00Z,0,
YT2000491,"Afghanistan vs India (2026 T20I Series, Match 3)",Cricket,,Match Highlights | Afghanistan vs India | Match 03 | T20I Series 2026 | ACB | M9N1J,CJU-fIbr8Vk,https://www.youtube.com/watch?v=CJU-fIbr8Vk,Sports Central by DRM,UC-fzWbU1zavz77kP1gPPdSg,UgyC_fisCdfTIyy1M2B4AaABAg,https://www.youtube.com/watch?v=CJU-fIbr8Vk&lc=UgyC_fisCdfTIyy1M2B4AaABAg,Bashin India b naangando 😂,@ahmedashfaq7983,2026-09-20T00:00:00Z,0,
YT2000492,Taylor Fritz vs Rafael Jodar (2026 Washington Final),Tennis,,Taylor Fritz vs Rafael Jodar For The Washington Title 🏆 | 2026 Final Highlights,-4AXzTrC9Ls,https://www.youtube.com/watch?v=-4AXzTrC9Ls,Tennis TV,UCbcxFkd6B9xUU54InHv4Tig,UgziMkws7MlFICVQiAp4AaABAg,https://www.youtube.com/watch?v=-4AXzTrC9Ls&lc=UgziMkws7MlFICVQiAp4AaABAg,Excelente triunfo !!,@cesarsaxo5982,2026-08-23T00:00:00Z,0,
YT2000493,2026 Dutch Grand Prix,Formula 1,2026-08-23,Fans React to the 2026 Dutch Grand Prix,NyQ_Ukqyj1s,https://www.youtube.com/watch?v=NyQ_Ukqyj1s,Kr1s,UCz-llHGeBJB06SA6g-Q_JKA,UgzDNCo0N-vbJoDfAAd4AaABAg,https://www.youtube.com/watch?v=NyQ_Ukqyj1s&lc=UgzDNCo0N-vbJoDfAAd4AaABAg,17:42 I love Ponden’s reaction 😂😂,@itsajharlow,2026-09-09T00:00:00Z,1,
YT2000494,Real Madrid vs Olympiacos (2026 EuroLeague SuperCup),Basketball,,A FINAL TO REMEMBER! | Real Madrid vs Olympiacos | Euroleague Basketball SuperCup,AEqOzTt3y0o,https://www.youtube.com/watch?v=AEqOzTt3y0o,EUROLEAGUE BASKETBALL,UCGr3nR_XH9r6E5b09ZJAT9w,Ugzk_2_VMeBrE0erk994AaABAg,https://www.youtube.com/watch?v=AEqOzTt3y0o&lc=Ugzk_2_VMeBrE0erk994AaABAg,"Boring Real Madrid boring team shit, olympiacos plays better basketball to watch. 🤬🤬🤬🤬🤬",@smitsos765,2026-09-21T18:00:00Z,0,
YT2000495,2026 World Athletics Ultimate Championship Day 1,Athletics,,Day 1 Full Highlights | World Athletics Ultimate Championship,yaw5_mUtsLE,https://www.youtube.com/watch?v=yaw5_mUtsLE,World Athletics,UCQk7fWv15ChjMJLCRVmtApw,UgziAZKqpSvIkTBA8qZ4AaABAg,https://www.youtube.com/watch?v=yaw5_mUtsLE&lc=UgziAZKqpSvIkTBA8qZ4AaABAg,"If you watch closely, Tharp’s last step before crossing the finish line is the most obvious lane violation I’ve ever seen.  Congrats to him no doubt.  But I’m surprised that wasn’t caught by the officials.",@jdskym,2026-09-14T00:00:00Z,0,
YT2000496,China vs France (2026 BWF Thomas Cup Final),Badminton,,BWF Thomas Cup Finals 2026 | China vs France | Final,X-Swcau8laI,https://www.youtube.com/watch?v=X-Swcau8laI,BWF TV,UChh-akEbUM8_6ghGVnJd6cQ,UgzvtJ3HdnrSX88K0Dx4AaABAg,https://www.youtube.com/watch?v=X-Swcau8laI&lc=UgzvtJ3HdnrSX88K0Dx4AaABAg,Timnas Perancis U 17/U 26 Senior Fc,@IqwalFasichulLisan-j1m,2026-06-23T00:00:00Z,0,
YT2000497,Finland vs USA (2026 IIHF Men’s World Championship),Hockey,,Highlights: Finland vs USA | 2026 #MensWorlds,5Z4XRREGbmU,https://www.youtube.com/watch?v=5Z4XRREGbmU,IIHF,UCtmgna7qB0oQF2oOcVgndbw,UgzxPn6-VXkemO4Ivgh4AaABAg,https://www.youtube.com/watch?v=5Z4XRREGbmU&lc=UgzxPn6-VXkemO4Ivgh4AaABAg,"What a beautiful comment section!! Compared to what it usually can be on other types of content. Thanks to all our Nordic and European brothers and sisters, Canada & US too❤ I don't know if it's hockey or sports in general or maybe times are changing. Whatever it is, it just warms my heart. I am on my way to work just smiling looking at all this love. Congrats to Norway aswell, what a historic win for you guys. I believe it's just the beginning. With love and respect from Finland🇫🇮",@Eiccii,2026-06-23T00:00:00Z,0,
YT2000498,Raymond Muratalla vs Andy Cruz (2026 Boxing),Boxing,,Raymond Muratalla Retains World Title vs Andy Cruz | Highlights | Matchroom,5gddebIxomA,https://www.youtube.com/watch?v=5gddebIxomA,Matchroom Boxing,UC7LReVje9aPB4B6XAsXX8WQ,UgxywI_5O70JenoAulJ4AaABAg,https://www.youtube.com/watch?v=5gddebIxomA&lc=UgxywI_5O70JenoAulJ4AaABAg,Andy best fighter in the world.!!!!!!@,@MonsterNorth14,2026-04-23T00:00:00Z,0,
YT2000499,2026 PFL Africa: Pretoria,MMA,,2026 PFL Africa: Pretoria | Full Event,P1eO07hMeSU,https://www.youtube.com/watch?v=P1eO07hMeSU,PFL MMA,UCPrONRG9hO1f-OrxW-WH-xg,Ugwyi4Vsn5Z5X0iDnUV4AaABAg,https://www.youtube.com/watch?v=P1eO07hMeSU&lc=Ugwyi4Vsn5Z5X0iDnUV4AaABAg,Jiujitsu Muay Thai wrestling siklls,@Eliot.YouTube-f8y,2026-05-23T00:00:00Z,1,
YT2000500,2026 BMW PGA Championship Final Round,Golf,,Final Round DRAMA at Wentworth | 2026 BMW PGA Championship,fJWYN9Sk7wo,https://www.youtube.com/watch?v=fJWYN9Sk7wo,DP World Tour,UCvZwbZt6YZQ4wj_7qyjPDZw,Ugzs7sNp13DB5DbJ02J4AaABAg,https://www.youtube.com/watch?v=fJWYN9Sk7wo&lc=Ugzs7sNp13DB5DbJ02J4AaABAg,Bringing the trophy back home 🇺🇸,@luccomcc,2026-09-22T02:00:00Z,0,
YT2000501,2026 Green Mountain Championship,Disc Golf,,Final Round Highlights | MPO | 2026 Green Mountain Championship,UoebFpL95VE,https://www.youtube.com/watch?v=UoebFpL95VE,Disc Golf Pro Tour,UCw0WzNn6m2Na6ZW7rKqWI3g,UgyPjKkto3kt_VYE92R4AaABAg,https://www.youtube.com/watch?v=UoebFpL95VE&lc=UgyPjKkto3kt_VYE92R4AaABAg,"Gotta feel for Gannon he has been extremely unlucky since the worlds started. Gotta feel like he was the best player out there. And im a guy who wanted anybody else to win the worlds than him. But this is getting brutal and I feel sorry for the dude lol. 

Didnt expect Raven to survive that group, huge hats and he deserved it even though he was pretty lucky to watch Gannon roll OB all the time lol. 

Im not that old to the sport so im wondering is there something risky in the style Gannon is doing? Im literally expecting him to hop or roll OB if he doesnt nail a putt or doesnt throw approach shot in front of the bullseye 🤣🤣",@murmelintos,2026-09-22T00:00:00Z,0,
YT2000502,Slovenia vs Serbia (2026 CEV EuroVolley),Volleyball,,Highlights | SLOVENIA vs. SERBIA | CEV Enel EuroVolley 2026 Men | Eight Finals,4OR3mlRfFDU,https://www.youtube.com/watch?v=4OR3mlRfFDU,European Volleyball,UC8XRC858pOERvclUDb_d7rg,UgyMdPFBYomR4NsuZNR4AaABAg,https://www.youtube.com/watch?v=4OR3mlRfFDU&lc=UgyMdPFBYomR4NsuZNR4AaABAg,ovo je dno dna ko sastavi ovakvu ekipu🙏sramota,@dragicahomoljski9697,2026-09-22T08:00:00Z,0,
YT2000503,Springboks vs England (2026 Rugby),Rugby,2026-07-04,Springboks v England at Ellis Park | Extended Highlights | 4 July 2026,hS3CsahX3Kc,https://www.youtube.com/watch?v=hS3CsahX3Kc,Official Springbok YouTube,UCVI5iqtQOsWZwtAg1o3SIAQ,UgwhyDfhk9Yp9VczayZ4AaABAg,https://www.youtube.com/watch?v=hS3CsahX3Kc&lc=UgwhyDfhk9Yp9VczayZ4AaABAg,1:44 You can see Ox was hungry from here. I'm glad he eventually got the ball because he was already spring-loaded to run,@moosesnWoop,2026-08-23T00:00:00Z,1,
YT2000504,2026 UEFA Champions League Matchday 1,Football,,EVERY Champions League Goal From Matchday 1 | Highlights,DLOUfAVwuXA,https://www.youtube.com/watch?v=DLOUfAVwuXA,UEFA,UCyGa1YEx9ST66rYrJTGIKOw,Ugx_-oOCyGuIhDTS2mF4AaABAg,https://www.youtube.com/watch?v=DLOUfAVwuXA&lc=Ugx_-oOCyGuIhDTS2mF4AaABAg,Manchester united is better than Manchester city,@Mahannotmapping12,2026-09-20T00:00:00Z,0,
YT2000505,"Afghanistan vs India (2026 T20I Series, Match 3)",Cricket,,Full Match Highlights | Afghanistan vs India | Match 03 | T20I Series 2026 | ACB | M9N1J,TapC28fhANQ,https://www.youtube.com/watch?v=TapC28fhANQ,Sports Central by DRM,UC-fzWbU1zavz77kP1gPPdSg,UgxbbWjEpJdD796jixt4AaABAg,https://www.youtube.com/watch?v=TapC28fhANQ&lc=UgxbbWjEpJdD796jixt4AaABAg,👌🥵,@ShibdashDebNathParthoPreet-01,2026-09-20T00:00:00Z,1,
YT2000506,Tommy Paul vs Alexander Zverev (2026 Cincinnati),Tennis,,Tommy Paul Takes Down Top Seed Alexander Zverev | Cincinnati 2026 Highlights,Gko2ruOI7os,https://www.youtube.com/watch?v=Gko2ruOI7os,Tennis TV,UCbcxFkd6B9xUU54InHv4Tig,Ugye4Oi_7wbosFKdolR4AaABAg,https://www.youtube.com/watch?v=Gko2ruOI7os&lc=Ugye4Oi_7wbosFKdolR4AaABAg,why do they have british announcers on american tennis tournaments? do we not have enough decent announcers here?...,@josesalas6641,2026-08-23T00:00:00Z,0,
YT2000507,2026 Barcelona-Catalunya Grand Prix,Formula 1,2026-06-14,Fans React to the 2026 Barcelona-Catalunya Grand Prix,thGDQT82t6c,https://www.youtube.com/watch?v=thGDQT82t6c,Kr1s,UCz-llHGeBJB06SA6g-Q_JKA,Ugx-Oa6-n948zZeb8bl4AaABAg,https://www.youtube.com/watch?v=thGDQT82t6c&lc=Ugx-Oa6-n948zZeb8bl4AaABAg,Why is the troll pretending to be a lewis fan when last year all he did was cheer when he did poorly. Fake ass,@noahstarr4900,2026-07-23T00:00:00Z,0,
YT2000508,Olympiacos vs Real Madrid (2026 EuroLeague SuperCup Final),Basketball,,OLYMPIACOS takes THE CROWN IN ATHENS | Olympiacos - Real Madrid | CHAMPIONSHIP GAME Highlights 2026,MDWcq_KCkzY,https://www.youtube.com/watch?v=MDWcq_KCkzY,EUROLEAGUE BASKETBALL,UCGr3nR_XH9r6E5b09ZJAT9w,UgyakdYgKZn8blV-3uJ4AaABAg,https://www.youtube.com/watch?v=MDWcq_KCkzY&lc=UgyakdYgKZn8blV-3uJ4AaABAg,Best Team of all time 🔴⚪,@kostaras,2026-09-09T00:00:00Z,0,
YT2000509,2026 European Athletics Championships Day 1,Athletics,,Day One Highlights | Birmingham 2026 European Athletics Championships,HBzZeY_kr_4,https://www.youtube.com/watch?v=HBzZeY_kr_4,European Athletics,UCp21zu_8Hd0w9HULooemRCA,UgzhBDKckvxzYCNdHMV4AaABAg,https://www.youtube.com/watch?v=HBzZeY_kr_4&lc=UgzhBDKckvxzYCNdHMV4AaABAg,"That was just tactical MASTERCLASS by JAKOB running just biding his time and that finishing pace , believe if you got that speed it always helps ELITE!!👌",@HugoEkitekkerz,2026-08-23T00:00:00Z,0,
YT2000510,Alex Lanier vs Kunlavut Vitidsarn (2026 BWF World Championships),Badminton,,Alex Lanier vs Kunlavut Vitidsarn | Pressure points and momentum swings,06FN__FMaUc,https://www.youtube.com/watch?v=06FN__FMaUc,BWF TV,UChh-akEbUM8_6ghGVnJd6cQ,Ugzpoaug7FFTjZ8wp0F4AaABAg,https://www.youtube.com/watch?v=06FN__FMaUc&lc=Ugzpoaug7FFTjZ8wp0F4AaABAg,Both Buddhist,@tzikhanglim4759,2026-08-26T00:00:00Z,0,
YT2000511,2026 Stanley Cup Final,Hockey,,Best Goals from the 2026 Stanley Cup Final,E4UXPDyRwgQ,https://www.youtube.com/watch?v=E4UXPDyRwgQ,NHL,UCqFMzb-4AUf6WAIbl132QKA,UgySpx3O3OkloghVz6Z4AaABAg,https://www.youtube.com/watch?v=E4UXPDyRwgQ&lc=UgySpx3O3OkloghVz6Z4AaABAg,that ehlers pass at 8:05 was so clean,@slimtim5575,2026-06-23T00:00:00Z,4,
YT2000512,Abdullah Mason vs Ornelas (2026 Boxing),Boxing,,Abdullah Mason DROPS Ornelas Repeatedly in Brutal Win,d6A3cVkIKGc,https://www.youtube.com/watch?v=d6A3cVkIKGc,Top Rank Boxing,UCbzRzJNHx7ZLlJML9BjZQVQ,UgwA4t3pJotUmiVTuyZ4AaABAg,https://www.youtube.com/watch?v=d6A3cVkIKGc&lc=UgwA4t3pJotUmiVTuyZ4AaABAg,Allaahumma sholli alaa sayyidinaa Muhammad.,@MohammadAzhar-g3o,2026-07-23T00:00:00Z,1,
YT2000513,ONE Friday Fights 171,MMA,,ONE Friday Fights 171 | Explosive Highlights 🔥,dWNc1BdF9Mk,https://www.youtube.com/watch?v=dWNc1BdF9Mk,ONE Championship,UCiormkBf3jm6mfb7k0yPbKA,UgwXDNrmci0OgJBIIyt4AaABAg,https://www.youtube.com/watch?v=dWNc1BdF9Mk&lc=UgwXDNrmci0OgJBIIyt4AaABAg,🤯,@ericklugo3051,2026-09-20T00:00:00Z,0,
YT2000514,2026 Biltmore Championship,Golf,,PGA Tour Highlights | Final Round | Biltmore Championship | 2026,SwVHCOFT7Wc,https://www.youtube.com/watch?v=SwVHCOFT7Wc,PGA Tour,UCKwGZZMrhNYKzucCtTPY2Nw,Ugzp7q4mw8AJurMA3gF4AaABAg,https://www.youtube.com/watch?v=SwVHCOFT7Wc&lc=Ugzp7q4mw8AJurMA3gF4AaABAg,Simply wonderful! Thank you for your passion for what you do! ✨🍓.,@SudipHazra-l3j6m,2026-09-22T00:00:00Z,19,
YT2000515,2026 Green Mountain Championship,Disc Golf,,Final Round Highlights | MPO | 2026 Green Mountain Championship,UoebFpL95VE,https://www.youtube.com/watch?v=UoebFpL95VE,Disc Golf Pro Tour,UCw0WzNn6m2Na6ZW7rKqWI3g,UgxwKDRrpKunOa77-214AaABAg,https://www.youtube.com/watch?v=UoebFpL95VE&lc=UgxwKDRrpKunOa77-214AaABAg,HONK,@MayorWeaver3,2026-09-22T00:00:00Z,1,
YT2000516,Japan vs USA (2026 Men’s VNL Semifinal),Volleyball,,Japan 🇯🇵 vs. USA 🇺🇸 - Semi Final | Highlights | Men's VNL 2026,Cvj9Q6fYu3s,https://www.youtube.com/watch?v=Cvj9Q6fYu3s,Volleyball World,UCNMg6XDhRZI2QzL4pWOvP_w,UgxZvk35CEjKhdaJCH94AaABAg,https://www.youtube.com/watch?v=Cvj9Q6fYu3s&lc=UgxZvk35CEjKhdaJCH94AaABAg,Очень хотел чтобы Япония проиграла а то ишь ты смотри поверили в себя),@vlad-garant125,2026-09-13T00:00:00Z,0,
YT2000517,Hurricanes vs Blues (2026 Super Rugby Pacific),Rugby,,HURRICANES v BLUES | Rd 9 Highlights | Super Rugby Pacific 2026,TLq0hc3Oxtg,https://www.youtube.com/watch?v=TLq0hc3Oxtg,Super Rugby Pacific,UCDOGExGCsrrt_RrGDgLuMww,UgzWNBm6nI9CgRxT4rd4AaABAg,https://www.youtube.com/watch?v=TLq0hc3Oxtg&lc=UgzWNBm6nI9CgRxT4rd4AaABAg,ABs for sure needs this love-gard combination,@BombSquaaad,2026-04-23T00:00:00Z,2,
YT2000518,Barcelona vs Feyenoord (2026 UEFA Champions League),Football,,Barcelona vs. Feyenoord: Extended Highlights | UCL League Phase MD 1 | CBS Sports Golazo,kPdMCaxCNJQ,https://www.youtube.com/watch?v=kPdMCaxCNJQ,CBS Sports Golazo,UCET00YnetHT7tOpu12v8jxg,Ugz5Gb2qKAaMn_Sru1F4AaABAg,https://www.youtube.com/watch?v=kPdMCaxCNJQ&lc=Ugz5Gb2qKAaMn_Sru1F4AaABAg,7:53 How was that offsides?? I genuinely confused??,@ezekiellyman8179,2026-09-17T00:00:00Z,0,
YT2000519,"Afghanistan vs India (2026 T20I Series, Match 2)",Cricket,,Full Match Highlights | Afghanistan vs India | Match 02 | T20I Series 2026 | ACB | M9N1J,svAuradtMZw,https://www.youtube.com/watch?v=svAuradtMZw,Sports Central by DRM,UC-fzWbU1zavz77kP1gPPdSg,UgxeemSfSLmS3eO4agd4AaABAg,https://www.youtube.com/watch?v=svAuradtMZw&lc=UgxeemSfSLmS3eO4agd4AaABAg,Father and it’s illicit son’s friendship cup 😅😅😅,@tazchoudhry7230,2026-09-17T00:00:00Z,0,
YT2000520,Tommy Paul vs Roman Burruchaga (2026 Houston Final),Tennis,,Tommy Paul vs Roman Burruchaga For The Title 🏆 | Houston 2026 Final Highlights,YPJzLCm5qKI,https://www.youtube.com/watch?v=YPJzLCm5qKI,Tennis TV,UCbcxFkd6B9xUU54InHv4Tig,Ugyjcb3IqHIFMwUE6bR4AaABAg,https://www.youtube.com/watch?v=YPJzLCm5qKI&lc=Ugyjcb3IqHIFMwUE6bR4AaABAg,"Burruchaga hits the ball, moves around, constructs the points and takes the net almost exactly like Nakashima",@BoscaBoss18,2026-04-23T00:00:00Z,0,
YT2000521,2026 Hungarian Grand Prix,Formula 1,2026-07-26,Fans React to the 2026 Hungarian Grand Prix,SDzQqr7-JwY,https://www.youtube.com/watch?v=SDzQqr7-JwY,Kr1s,UCz-llHGeBJB06SA6g-Q_JKA,UgzNsgdf9jN_k5Wf48V4AaABAg,https://www.youtube.com/watch?v=SDzQqr7-JwY&lc=UgzNsgdf9jN_k5Wf48V4AaABAg,"To be fair, Lewis did get an unnecessary penalty in Spa. So his comment was valid. It's like the stewards were targeting him alone. But I have to admit, the grid drop and pitlane speeding penalties were all Lewis's fault. That's pressure he's under.",@j-5105,2026-08-23T00:00:00Z,0,
YT2000522,Zalgiris vs Olympiacos (2025-26 EuroLeague),Basketball,,DOUBLE-OVERTIME Drama in Kaunas | Zalgiris - Olympiacos | R29 BASKETBALL HIGHLIGHTS 2025-26,9V96SKrVgR0,https://www.youtube.com/watch?v=9V96SKrVgR0,EUROLEAGUE BASKETBALL,UCGr3nR_XH9r6E5b09ZJAT9w,UgzMyJ8Xx88tBUMuT194AaABAg,https://www.youtube.com/watch?v=9V96SKrVgR0&lc=UgzMyJ8Xx88tBUMuT194AaABAg,"What a joke with ukrain flag. Do you realise that its been 4 years since the war started and nobody cares anymore?
Have some dignity and pride Lithuania",@mrtsmvadim504,2026-03-23T00:00:00Z,0,
YT2000523,2026 European Athletics Championships Day 5,Athletics,,Day Five Highlights | Birmingham 2026 European Athletics Championships,SVDkKeN8kIU,https://www.youtube.com/watch?v=SVDkKeN8kIU,European Athletics,UCp21zu_8Hd0w9HULooemRCA,UgyOjt7623Y9SBABa2J4AaABAg,https://www.youtube.com/watch?v=SVDkKeN8kIU&lc=UgyOjt7623Y9SBABa2J4AaABAg,We absolutely can not give Hodgkison credit. Werro takes it all.,@maryjanekhutlang4713,2026-08-23T00:00:00Z,0,
YT2000524,An Se Young vs Akane Yamaguchi (2026 BWF World Championships),Badminton,,An Se Young vs Akane Yamaguchi | A clash of champions,49OglwaWp_Y,https://www.youtube.com/watch?v=49OglwaWp_Y,BWF TV,UChh-akEbUM8_6ghGVnJd6cQ,UgzUhs8n2Xq95i7Wi1B4AaABAg,https://www.youtube.com/watch?v=49OglwaWp_Y&lc=UgzUhs8n2Xq95i7Wi1B4AaABAg,Selamat buat an se young,@EdiMobile-g7d,2026-09-02T00:00:00Z,0,
YT2000525,2026 Stanley Cup Final,Hockey,,EVERY GOAL from the 2026 Stanley Cup Final!,mlFpQC2i9Xw,https://www.youtube.com/watch?v=mlFpQC2i9Xw,NHL,UCqFMzb-4AUf6WAIbl132QKA,UgwBBVg_AbD4_aP26i94AaABAg,https://www.youtube.com/watch?v=mlFpQC2i9Xw&lc=UgwBBVg_AbD4_aP26i94AaABAg,13:04 that voice crack was hilarious on live tv,@JAREDJONES-x3j,2026-08-23T00:00:00Z,0,
YT2000526,Legendary Boxing Fights Collection,Boxing,,"12 Hours of Legendary Fights | Mayweather, Ali, Inoue & More",4GCNfWec-30,https://www.youtube.com/watch?v=4GCNfWec-30,Top Rank Boxing,UCbzRzJNHx7ZLlJML9BjZQVQ,Ugz0J3IlaEIfEfsyIDR4AaABAg,https://www.youtube.com/watch?v=4GCNfWec-30&lc=Ugz0J3IlaEIfEfsyIDR4AaABAg,"What kind of BOXER is this SHAKUR ? keep clinching ,running YOU BOXED you had a SMALL CHALLENGER, bullshit",@GradyseanBeja,2026-04-23T00:00:00Z,0,
YT2000527,ONE Friday Fights 170,MMA,,ONE Friday Fights 170 | Thrilling Fight Highlights 💪,n_ZYgAY0EIM,https://www.youtube.com/watch?v=n_ZYgAY0EIM,ONE Championship,UCiormkBf3jm6mfb7k0yPbKA,UgxiYdQ8bzpVvTtdV0h4AaABAg,https://www.youtube.com/watch?v=n_ZYgAY0EIM&lc=UgxiYdQ8bzpVvTtdV0h4AaABAg,"One Robbery Championship
Jungle Asians' Show",@inouehiroyuki,2026-09-15T00:00:00Z,1,
YT2000528,2026 BMW PGA Championship,Golf,,Round 4 Highlights | 2026 BMW PGA Championship,gQZomCyCWuw,https://www.youtube.com/watch?v=gQZomCyCWuw,DP World Tour,UCvZwbZt6YZQ4wj_7qyjPDZw,Ugz1WDkMcp6MLCIRrUd4AaABAg,https://www.youtube.com/watch?v=gQZomCyCWuw&lc=Ugz1WDkMcp6MLCIRrUd4AaABAg,Shocking ‘highlights’! You had one job!!!,@jimster24,2026-09-22T00:00:00Z,1,
YT2000529,2026 Green Mountain Championship,Disc Golf,,Final Round Highlights | MPO | 2026 Green Mountain Championship,UoebFpL95VE,https://www.youtube.com/watch?v=UoebFpL95VE,Disc Golf Pro Tour,UCw0WzNn6m2Na6ZW7rKqWI3g,Ugxj3r79UIhThopm1dd4AaABAg,https://www.youtube.com/watch?v=UoebFpL95VE&lc=Ugxj3r79UIhThopm1dd4AaABAg,Sweet!,@chadrickhill5409,2026-09-22T00:00:00Z,0,
YT2000530,USA vs Poland (2026 Men’s VNL Final),Volleyball,,USA 🇺🇸 vs. Poland 🇵🇱 - Gold Match | Highlights | Men's VNL 2026 - Final,SAjrSUNCQbc,https://www.youtube.com/watch?v=SAjrSUNCQbc,Volleyball World,UCNMg6XDhRZI2QzL4pWOvP_w,UgykZilPqO3cdgoCkjx4AaABAg,https://www.youtube.com/watch?v=SAjrSUNCQbc&lc=UgykZilPqO3cdgoCkjx4AaABAg,Wow keren Polandia 👍👍👍,@hanasuryani4444,2026-09-02T00:00:00Z,2,
YT2000531,South Africa vs New Zealand (2026 Rugby Test),Rugby,,SOUTH AFRICA v NEW ZEALAND | 4th Test Highlights | Rugby's Greatest Rivalry 2026,G3s7nFFiRyk,https://www.youtube.com/watch?v=G3s7nFFiRyk,SANZAAR TV,UCvMgypvk0d5P0K3F3bB19Eg,UgxTPZgI2wBDyDSSxO54AaABAg,https://www.youtube.com/watch?v=G3s7nFFiRyk&lc=UgxTPZgI2wBDyDSSxO54AaABAg,GOOOO THE BOKKE 🫡,@KIERAN-l8n,2026-09-18T00:00:00Z,1,
YT2000532,Liverpool vs Atlético Madrid (2026 UEFA Champions League),Football,,Liverpool vs. Atlético Madrid: Extended Highlights | UCL League Phase MD 1 | CBS Sports Golazo,GRp9iiO-I3k,https://www.youtube.com/watch?v=GRp9iiO-I3k,CBS Sports Golazo,UCET00YnetHT7tOpu12v8jxg,Ugw-hZVjEYU6OGOaCFF4AaABAg,https://www.youtube.com/watch?v=GRp9iiO-I3k&lc=Ugw-hZVjEYU6OGOaCFF4AaABAg,please start Tsimikas for a game or two. I swear the defense will improve. Kerkez is NOT it,@milesrobinson9590,2026-09-13T00:00:00Z,0,
YT2000533,India vs Pakistan (2026 Asia Cup Final),Cricket,,India VS Pakistan Extended Highlights | Asia Cup Final | Channel 9 Sports,GFj5cfzYoEQ,https://www.youtube.com/watch?v=GFj5cfzYoEQ,Channel Nine Sports,UCyDQWHMFMoNVDrdw7Y7jAZQ,UgygkS0HS0Q3Edcccwx4AaABAg,https://www.youtube.com/watch?v=GFj5cfzYoEQ&lc=UgygkS0HS0Q3Edcccwx4AaABAg,Hindustan 🇮🇳🇮🇳🇮🇳🇮🇳🇮🇳 no.1 team,@vaibhavdeogurjar,2026-09-11T00:00:00Z,0,
YT2000534,Jannik Sinner vs Jiri Lehecka (2026 Miami Final),Tennis,,Jannik Sinner vs Jiri Lehecka For The Title 🏆 | Miami 2026 Final Highlights,qWXm2tzc6OY,https://www.youtube.com/watch?v=qWXm2tzc6OY,Tennis TV,UCbcxFkd6B9xUU54InHv4Tig,UgwKqcVvdSvIS9JEhEh4AaABAg,https://www.youtube.com/watch?v=qWXm2tzc6OY&lc=UgwKqcVvdSvIS9JEhEh4AaABAg,Jannik not even breaking a sweat :D,@michalvagner,2026-04-23T00:00:00Z,0,
YT2000535,2026 Canadian Grand Prix,Formula 1,2026-05-24,Fans React to the 2026 Canadian Grand Prix,MfGFEzeee54,https://www.youtube.com/watch?v=MfGFEzeee54,Kr1s,UCz-llHGeBJB06SA6g-Q_JKA,UgzboOhH9qNhavDUo0p4AaABAg,https://www.youtube.com/watch?v=MfGFEzeee54&lc=UgzboOhH9qNhavDUo0p4AaABAg,What a amazing battle. What a kimi talent,@alimiran81,2026-06-23T00:00:00Z,0,
YT2000536,Dubai Basketball vs Real Madrid (2026 EuroLeague SuperCup),Basketball,,FROM 16 DOWN TO VICTORY! | Dubai Basketball vs Real Madrid | Euroleague Basketball SuperCup,hSAsSbKH7T8,https://www.youtube.com/watch?v=hSAsSbKH7T8,EUROLEAGUE BASKETBALL,UCGr3nR_XH9r6E5b09ZJAT9w,UgydLX99asoZiGQ0cNV4AaABAg,https://www.youtube.com/watch?v=hSAsSbKH7T8&lc=UgydLX99asoZiGQ0cNV4AaABAg,"Euroliga con el Dubai en Abu Dabi,tiene mucho sentido sì señor.
Esto es puro negocio,el dinero manda.
Gana el Madrid sufriendo en la pròrroga,la final serà interesante.",@lasotadecopas,2026-09-20T00:00:00Z,1,
YT2000537,2026 European Athletics Championships Day 6,Athletics,,Day Six Highlights | Birmingham 2026 European Athletics Championships,Pr8JLNyeRwU,https://www.youtube.com/watch?v=Pr8JLNyeRwU,European Athletics,UCp21zu_8Hd0w9HULooemRCA,UgwUHufiW4z_gGVh9iV4AaABAg,https://www.youtube.com/watch?v=Pr8JLNyeRwU&lc=UgwUHufiW4z_gGVh9iV4AaABAg,"Almgren was like ""this is too slow, I'm not having it. Follow me if you want""",@GreatWalker,2026-08-23T00:00:00Z,4,
YT2000538,Kim/Seo vs Chia/Soh (2026 BWF World Championships Semifinal),Badminton,,BWF World Championships 2026 | Kim/Seo (KOR) [1] vs Chia/Soh (MAS) [4] | SF,enONl4A9c5I,https://www.youtube.com/watch?v=enONl4A9c5I,BWF TV,UChh-akEbUM8_6ghGVnJd6cQ,UgyP-_QKjqgZv_bMX3J4AaABAg,https://www.youtube.com/watch?v=enONl4A9c5I&lc=UgyP-_QKjqgZv_bMX3J4AaABAg,Is paulie walnuts in the crowd?,@bbsolpico1,2026-09-02T00:00:00Z,0,
YT2000539,Carolina Hurricanes vs Vegas Golden Knights (2026 Stanley Cup Final Game 6),Hockey,2026-06-14,"Hurricanes vs. Golden Knights | NHL Playoff Highlights | Game 6 | June 14, 2026",3jbQ58HKtXA,https://www.youtube.com/watch?v=3jbQ58HKtXA,NHL,UCqFMzb-4AUf6WAIbl132QKA,UgxMSuizI50kNRljp7V4AaABAg,https://www.youtube.com/watch?v=3jbQ58HKtXA&lc=UgxMSuizI50kNRljp7V4AaABAg,NC stand up!!! Hurricane champions 🏆,@Jbattle252,2026-08-26T00:00:00Z,0,
YT2000540,Teremoana vs Heavyweight Opponent (2026 Matchroom Boxing),Boxing,,Undefeated giant heavyweight Teremoana | Non-Stop KOs | Matchroom Boxing,Q0PKJmMaV_U,https://www.youtube.com/watch?v=Q0PKJmMaV_U,Matchroom Boxing,UC7LReVje9aPB4B6XAsXX8WQ,UgzcKpWW_Lk-bd9NQ8F4AaABAg,https://www.youtube.com/watch?v=Q0PKJmMaV_U&lc=UgzcKpWW_Lk-bd9NQ8F4AaABAg,Time to step up,@stephenjoseph-v5k,2026-08-23T00:00:00Z,0,
YT2000541,ONE Friday Fights 169,MMA,,ONE Friday Fights 169 Highlights 💥🥊,RwqvQX9iDJE,https://www.youtube.com/watch?v=RwqvQX9iDJE,ONE Championship,UCiormkBf3jm6mfb7k0yPbKA,UgxaztA6aFnN4Xkm83t4AaABAg,https://www.youtube.com/watch?v=RwqvQX9iDJE&lc=UgxaztA6aFnN4Xkm83t4AaABAg,"I watched Sunday fight on Sunday, maybe someday Sunday will fight on Sunday someday so I watch live on Sunday.",@demjay,2026-09-09T00:00:00Z,2,
YT2000542,2026 BMW PGA Championship Final Round,Golf,,Final Round DRAMA at Wentworth | 2026 BMW PGA Championship,fJWYN9Sk7wo,https://www.youtube.com/watch?v=fJWYN9Sk7wo,DP World Tour,UCvZwbZt6YZQ4wj_7qyjPDZw,UgzE9i7W1sFw-SHy7UN4AaABAg,https://www.youtube.com/watch?v=fJWYN9Sk7wo&lc=UgzE9i7W1sFw-SHy7UN4AaABAg,When I first saw JJ play I thought he was a very serious person.  Then seeing JJ on Full swing netflix showed a very down to earth cool side to me.  From loving skate boarding to being a pga champion is an incredible journey and just shows how hard work can make dreams come true. Congrats JJ. I am a fan .,@qikqbn77,2026-09-22T02:00:00Z,1,
YT2000543,2026 Green Mountain Championship,Disc Golf,,Final Round Highlights | MPO | 2026 Green Mountain Championship,UoebFpL95VE,https://www.youtube.com/watch?v=UoebFpL95VE,Disc Golf Pro Tour,UCw0WzNn6m2Na6ZW7rKqWI3g,UgxWzatj8mbIuOCi1zV4AaABAg,https://www.youtube.com/watch?v=UoebFpL95VE&lc=UgxWzatj8mbIuOCi1zV4AaABAg,"His wife surprising Him was awesome in this pro negative complaint driven climate so many seem to thrive in.
Every competitor has love and support behind the scenes and it's refreshing to see that highlighted. 
Thanks for the positivity.",@Chubbydippin,2026-09-22T00:00:00Z,11,
YT2000544,Italy vs Denmark (2026 CEV EuroVolley),Volleyball,,Highlights | Italy vs. Denmark | CEV Enel EuroVolley 2026 Men | Eight Finals,JK_IC9hRAMg,https://www.youtube.com/watch?v=JK_IC9hRAMg,European Volleyball,UC8XRC858pOERvclUDb_d7rg,Ugzh8xCMAEJp3jtec8l4AaABAg,https://www.youtube.com/watch?v=JK_IC9hRAMg&lc=Ugzh8xCMAEJp3jtec8l4AaABAg,髙橋藍の友達のボットロが活躍してくれるのは嬉しい🎉,@やなPEE,2026-09-22T00:00:00Z,3,
YT2000545,England vs Fiji (2026 Nations Championship),Rugby,,England v Fiji highlights | 2026 Nations Championship,4tewDq2UAtI,https://www.youtube.com/watch?v=4tewDq2UAtI,England Rugby,UCmi7CahP3G3YySOAFOfSnkw,Ugw_PuuP4nL4nqU7AK14AaABAg,https://www.youtube.com/watch?v=4tewDq2UAtI&lc=Ugw_PuuP4nL4nqU7AK14AaABAg,So the ball hitting the corner flag and coming back in is not out??? Wtf?,@vanu_studios,2026-07-23T00:00:00Z,4,
YT2000546,PSG vs Bayern Munich (2026 UEFA Champions League Semifinal),Football,,PSG vs. Bayern Munich: Extended Highlights | UCL Semifinals - Leg 1 | CBS Sports Golazo,JxzqIzEVQNE,https://www.youtube.com/watch?v=JxzqIzEVQNE,CBS Sports Golazo,UCET00YnetHT7tOpu12v8jxg,UgwCjLHaHzYpWlzOtx54AaABAg,https://www.youtube.com/watch?v=JxzqIzEVQNE&lc=UgwCjLHaHzYpWlzOtx54AaABAg,fairly new to football but knew what i was seeing wasnt your average game lmao.,@Valkrynn08,2026-09-09T00:00:00Z,0,
YT2000547,India vs Japan (2026 T20I),Cricket,,India vs Japan T20 Match Full Highlights 2026 | India vs Japan Highlights,AcDMlgbrcK4,https://www.youtube.com/watch?v=AcDMlgbrcK4,Cricket Expert,UCWSCF-pqjmfIM4Dmxwh0ViQ,UgwmHmtj-gebG646fqt4AaABAg,https://www.youtube.com/watch?v=AcDMlgbrcK4&lc=UgwmHmtj-gebG646fqt4AaABAg,Abitkshek didn't even swing his bat like he does. Ishan Kishan didn't even play any burtal shot? Shreyas was giving his wicket several times but they dropped 2 of his catches.,@Joe4yahoo,2026-09-22T13:10:00Z,0,
YT2000548,Jannik Sinner vs Alexander Zverev (2026 Madrid Final),Tennis,,Jannik Sinner vs Alexander Zverev For The Title | Madrid 2026 Final Highlights,U111uQCv6yc,https://www.youtube.com/watch?v=U111uQCv6yc,Tennis TV,UCbcxFkd6B9xUU54InHv4Tig,Ugz9XlOwVsPpiQrHaU54AaABAg,https://www.youtube.com/watch?v=U111uQCv6yc&lc=Ugz9XlOwVsPpiQrHaU54AaABAg,"Daium, spaniards ball girls are stacked",@MrRenatopepin,2026-08-23T00:00:00Z,0,
YT2000549,2026 Barcelona-Catalunya Grand Prix,Formula 1,2026-06-14,Our 2026 Barcelona-Catalunya Grand Prix Race Review,0jVk2QviEog,https://www.youtube.com/watch?v=0jVk2QviEog,P1 with Matt & Tommy,UCD5jAyCSDRR5yTgswfDbK8w,Ugw90J9eRtn-90jjIpB4AaABAg,https://www.youtube.com/watch?v=0jVk2QviEog&lc=Ugw90J9eRtn-90jjIpB4AaABAg,generational gallaghers vs bold bellinghams,@LordWay,2026-06-23T00:00:00Z,0,
YT2000550,Zalgiris vs Barcelona (2025-26 EuroLeague),Basketball,,Francisco Owned The Fourth | Zalgiris - FC Barcelona | R35 BASKETBALL HIGHLIGHTS 2025-26,Pug9o4wfkMs,https://www.youtube.com/watch?v=Pug9o4wfkMs,EUROLEAGUE BASKETBALL,UCGr3nR_XH9r6E5b09ZJAT9w,UgxExiI5P4_FXpzLUx54AaABAg,https://www.youtube.com/watch?v=Pug9o4wfkMs&lc=UgxExiI5P4_FXpzLUx54AaABAg,💚🤍 Francisco super❗💪 Kaunas 🏀 LIETUVA 🇱🇹❤️🇺🇦,@ВасяИванов-э2ы,2026-04-23T00:00:00Z,4,
YT2000551,2026 European Athletics Championships Day 7,Athletics,,Day Seven Highlights | Birmingham 2026 European Athletics Championships,GK-bVPxtpxY,https://www.youtube.com/watch?v=GK-bVPxtpxY,European Athletics,UCp21zu_8Hd0w9HULooemRCA,UgwgWyqqrys-16YYIn94AaABAg,https://www.youtube.com/watch?v=GK-bVPxtpxY&lc=UgwgWyqqrys-16YYIn94AaABAg,"mondo is a great pole jumper,,bless him,,but watch out for karalis! He is not a bad jumper!!!!!",@bennysvensson5416,2026-08-23T00:00:00Z,0,
YT2000552,Feng/Huang vs Gicquel/Delrue (2026 BWF World Championships Final),Badminton,,BWF World Championships 2026 | Feng/Huang (CHN) [1] vs Gicquel/Delrue (FRA) [5] | F,6ajzFh9bQmQ,https://www.youtube.com/watch?v=6ajzFh9bQmQ,BWF TV,UChh-akEbUM8_6ghGVnJd6cQ,UgwLxbd-d4weXQWB6XR4AaABAg,https://www.youtube.com/watch?v=6ajzFh9bQmQ&lc=UgwLxbd-d4weXQWB6XR4AaABAg,Feng was physically struggling. He wasn't moving his legs cause of bad technique. I think he is carrying some injury. He seemed got mentally exhausted managing limitations in this movement.,@sghazi,2026-09-02T00:00:00Z,0,
YT2000553,Carolina Hurricanes vs Vegas Golden Knights (2026 Stanley Cup Final),Hockey,,The Wildest Stanley Cup Final in Years | Hurricanes vs. Golden Knights,ia_bIzb415w,https://www.youtube.com/watch?v=ia_bIzb415w,NHL,UCqFMzb-4AUf6WAIbl132QKA,Ugz47VyAy5n33-nkzdB4AaABAg,https://www.youtube.com/watch?v=ia_bIzb415w&lc=Ugz47VyAy5n33-nkzdB4AaABAg,Suck it Rantanen and Necas! Didn't need you.,@John-360x,2026-09-14T00:00:00Z,1,
YT2000554,Rolly Romero vs Ryan Garcia (2026 Boxing),Boxing,,Fight Highlights | Rolly Romero Stuns Ryan Garcia | Matchroom Boxing,CWUVyUtDivQ,https://www.youtube.com/watch?v=CWUVyUtDivQ,Matchroom Boxing,UC7LReVje9aPB4B6XAsXX8WQ,UgwqcCzFQhfXb8jZgfV4AaABAg,https://www.youtube.com/watch?v=CWUVyUtDivQ&lc=UgwqcCzFQhfXb8jZgfV4AaABAg,Even the highlights are boring.,@Chupete261009,2026-08-23T00:00:00Z,0,
YT2000555,Joshua Pacio vs Mansur Malachiev (ONE Championship),MMA,,Wushu Meets Dagestani Wrestling ⚔️ Joshua Pacio 🇵🇭 vs. Mansur Malachiev 🇷🇺 | MMA Full Fight,fW2PNH4L-DU,https://www.youtube.com/watch?v=fW2PNH4L-DU,ONE Championship,UCiormkBf3jm6mfb7k0yPbKA,Ugzb7Z5HdeTq_f6vfSF4AaABAg,https://www.youtube.com/watch?v=fW2PNH4L-DU&lc=Ugzb7Z5HdeTq_f6vfSF4AaABAg,Thorin mu pag tangka nya sa paa mu,@ErlinaBeltran-m5p,2026-09-09T00:00:00Z,0,
YT2000556,2026 BMW PGA Championship,Golf,,Round 4 Highlights | 2026 BMW PGA Championship,gQZomCyCWuw,https://www.youtube.com/watch?v=gQZomCyCWuw,DP World Tour,UCvZwbZt6YZQ4wj_7qyjPDZw,Ugxg4NLFFzjv-5dGnvt4AaABAg,https://www.youtube.com/watch?v=gQZomCyCWuw&lc=Ugxg4NLFFzjv-5dGnvt4AaABAg,I feel like that was a ridiculous round for jj and we got to see none of it 😂,@7514Tom,2026-09-22T00:00:00Z,2,
YT2000557,2026 Green Mountain Championship,Disc Golf,,Final Round Highlights | MPO | 2026 Green Mountain Championship,UoebFpL95VE,https://www.youtube.com/watch?v=UoebFpL95VE,Disc Golf Pro Tour,UCw0WzNn6m2Na6ZW7rKqWI3g,UgyQ_itShKoJhtaqBRp4AaABAg,https://www.youtube.com/watch?v=UoebFpL95VE&lc=UgyQ_itShKoJhtaqBRp4AaABAg,Best trophy on tour… an actual trophy!,@russellm785,2026-09-22T00:00:00Z,5,
YT2000558,Belgium vs Czechia (2026 CEV EuroVolley),Volleyball,,Highlights | BELGIUM vs. CZECHIA | CEV Enel EuroVolley 2026 Men | Eight Finals,PW7s66Q3ZPk,https://www.youtube.com/watch?v=PW7s66Q3ZPk,European Volleyball,UC8XRC858pOERvclUDb_d7rg,UgyMIZiN-gimMN7osN54AaABAg,https://www.youtube.com/watch?v=PW7s66Q3ZPk&lc=UgyMIZiN-gimMN7osN54AaABAg,Why would you stop the highlights on score 24:24???? it makes no sense!,@zetzkropkiem,2026-09-21T18:00:00Z,5,
YT2000559,Wallabies vs France (2026 Nations Championship),Rugby,,Wallabies v France Highlights | Nations Championship 2026 | Round 2,qKCIZyiqjbc,https://www.youtube.com/watch?v=qKCIZyiqjbc,Wallabies,UC4Y6lpmGz2rkbOVdrOhjgvQ,Ugw0xTgO3FSyIsDwzYh4AaABAg,https://www.youtube.com/watch?v=qKCIZyiqjbc&lc=Ugw0xTgO3FSyIsDwzYh4AaABAg,"CRASY.FRENCH RUGBY WAS SO BAD.ANOTHER RUGBY PREDIDENT CAME,LAPORTE,FIRED AN UCLY COACH AND HIRED GALTIER 5YEARS AGO.THANK U LAPORTE.",@azboute7106,2026-07-23T00:00:00Z,0,
YT2000560,PSG vs Arsenal (2026 UEFA Champions League Final),Football,,PSG vs. Arsenal: Extended Highlights | UCL Final | CBS Sports Golazo,tRnJRQmVMTg,https://www.youtube.com/watch?v=tRnJRQmVMTg,CBS Sports Golazo,UCET00YnetHT7tOpu12v8jxg,UgztbGlBmUe59Z3VWid4AaABAg,https://www.youtube.com/watch?v=tRnJRQmVMTg&lc=UgztbGlBmUe59Z3VWid4AaABAg,even after months the shootout is still funny asf,@tempestst_pr0to,2026-09-09T00:00:00Z,3,
YT2000561,"Afghanistan vs India (2026 T20I Series, Match 3)",Cricket,,Match Highlights | Afghanistan vs India | Match 03 | T20I Series 2026 | ACB | M9N1J,CJU-fIbr8Vk,https://www.youtube.com/watch?v=CJU-fIbr8Vk,Sports Central by DRM,UC-fzWbU1zavz77kP1gPPdSg,UgwKCAuxxFgoQ6JcgeJ4AaABAg,https://www.youtube.com/watch?v=CJU-fIbr8Vk&lc=UgwKCAuxxFgoQ6JcgeJ4AaABAg,Bhumrahr boll caking,@shakib59766,2026-09-20T00:00:00Z,0,
YT2000562,Peyton Stearns vs Iva Jovic (2026 Guadalajara Final),Tennis,,Peyton Stearns vs. Iva Jovic  | 2026 Guadalajara Final | WTA Match Highlights,CgTatzO1WpQ,https://www.youtube.com/watch?v=CgTatzO1WpQ,WTA,UCaBIVVpHjq6j3tSyxwTE-8Q,UgyNZQERSQHJOxV4QKx4AaABAg,https://www.youtube.com/watch?v=CgTatzO1WpQ&lc=UgyNZQERSQHJOxV4QKx4AaABAg,"Ну, чёрт, брэйк как раз срезали!!! Самое интересное. Безголовые",@marinakiritchenko181,2026-09-22T00:00:00Z,0,
YT2000563,2026 Australian Grand Prix,Formula 1,2026-03-08,Fans React to the 2026 Australian Grand Prix,uvMholf0zLI,https://www.youtube.com/watch?v=uvMholf0zLI,Kr1s,UCz-llHGeBJB06SA6g-Q_JKA,UgweMSj3MEwCLAgVsm94AaABAg,https://www.youtube.com/watch?v=uvMholf0zLI&lc=UgweMSj3MEwCLAgVsm94AaABAg,10:04 Really funny considering he almost made Colapinto crash into him at race start,@86Fallowcp,2026-03-23T00:00:00Z,0,
YT2000564,Olympiacos vs Fenerbahce (2026 EuroLeague SuperCup),Basketball,,The LAST FEW MINUTES WERE CRAZY! | Olympiacos vs Fenerbahce Tarfin | Euroleague Basketball SuperCup,3Me3QvbuL2M,https://www.youtube.com/watch?v=3Me3QvbuL2M,EUROLEAGUE BASKETBALL,UCGr3nR_XH9r6E5b09ZJAT9w,UgxJgYApHs_KOaGa5Et4AaABAg,https://www.youtube.com/watch?v=3Me3QvbuL2M&lc=UgxJgYApHs_KOaGa5Et4AaABAg,From Greece with love!,@davidpaplos4884,2026-09-21T00:00:00Z,0,
YT2000565,2026 European Athletics Championships Men’s 100m,Athletics,,"EVERY RACE - Men's 100m European Athletics Championships 2026 | Heats, Semi finals and Final",4bLPTpMw99E,https://www.youtube.com/watch?v=4bLPTpMw99E,European Athletics,UCp21zu_8Hd0w9HULooemRCA,UgxuSfeifuhj2Sg-9094AaABAg,https://www.youtube.com/watch?v=4bLPTpMw99E&lc=UgxuSfeifuhj2Sg-9094AaABAg,"I love Marcell Jacobs, he really showed his class, he's absolutely rapid once he gets going. and I still get chills of the olympic final when he shook the world.",@lmperioz,2026-09-13T00:00:00Z,7,
YT2000566,Kim/Seo vs Alfian/Fikri (2026 BWF World Championships),Badminton,,Kim/Seo vs Alfian/Fikri | Fast-paced exchanges keep you on the edge,BmNEKEIZD1k,https://www.youtube.com/watch?v=BmNEKEIZD1k,BWF TV,UChh-akEbUM8_6ghGVnJd6cQ,Ugx_n7lrEqWun8DtxVt4AaABAg,https://www.youtube.com/watch?v=BmNEKEIZD1k&lc=Ugx_n7lrEqWun8DtxVt4AaABAg,2 titles in 2 weeks with the same opponents Congratulation Fajar/Fikri .,@mendoza8755,2026-08-23T00:00:00Z,0,
YT2000567,Vegas Golden Knights vs Carolina Hurricanes (2026 Stanley Cup Final Game 1),Hockey,,FULL REPLAY: Game 1 | Golden Knights vs. Hurricanes | 2026 Stanley Cup Final,A5xMc1hSnoQ,https://www.youtube.com/watch?v=A5xMc1hSnoQ,NHL,UCqFMzb-4AUf6WAIbl132QKA,Ugy2tk5AeGdn5UCF__x4AaABAg,https://www.youtube.com/watch?v=A5xMc1hSnoQ&lc=Ugy2tk5AeGdn5UCF__x4AaABAg,"I am 53 years old. Nobody else finds the countless ads , ads changing and flashing, distracting? Every time I can't help but think of the greed. They cannot abide anyone just enjoying a hockey game. Your attention must always be distracted by ads.I am the only one who misses when ads didn't flash, blink, change?",@sarahconnor2072,2026-08-23T00:00:00Z,0,
YT2000568,Bam Rodriguez vs Vargas (2026 Boxing),Boxing,,Bam Rodriguez Knocks Out Vargas To Become Three-Weight World Champ | Matchroom Boxing,5i51aZYjocM,https://www.youtube.com/watch?v=5i51aZYjocM,Matchroom Boxing,UC7LReVje9aPB4B6XAsXX8WQ,UgzEDGvovgexRahwxWl4AaABAg,https://www.youtube.com/watch?v=5i51aZYjocM&lc=UgzEDGvovgexRahwxWl4AaABAg,井上のバンタム時代の方が強かったと思います。,@たつ-q5e,2026-06-23T00:00:00Z,2,
YT2000569,Amru Magomedov vs Angel Alvarez (2026 PFL New York),MMA,,A DESTRUCTIVE DISPLAY! | Amru Magomedov v Angel Alvarez - Fight Highlights | PFL New York,MazPHXIWMVk,https://www.youtube.com/watch?v=MazPHXIWMVk,PFL MMA,UCPrONRG9hO1f-OrxW-WH-xg,UgwcnZCIaafTedQzvd14AaABAg,https://www.youtube.com/watch?v=MazPHXIWMVk&lc=UgwcnZCIaafTedQzvd14AaABAg,Now That' s like Habib.,@AmirKhan-ee6zf,2026-08-26T00:00:00Z,0,
YT2000570,2026 BMW PGA Championship Final Round,Golf,,Final Round DRAMA at Wentworth | 2026 BMW PGA Championship,fJWYN9Sk7wo,https://www.youtube.com/watch?v=fJWYN9Sk7wo,DP World Tour,UCvZwbZt6YZQ4wj_7qyjPDZw,UgzN6QfHql_uO2YDVMl4AaABAg,https://www.youtube.com/watch?v=fJWYN9Sk7wo&lc=UgzN6QfHql_uO2YDVMl4AaABAg,Choker... man.,@jamiepaolinetti5087,2026-09-22T01:00:00Z,0,
YT2000571,2026 Green Mountain Championship,Disc Golf,,Final Round Highlights | MPO | 2026 Green Mountain Championship,UoebFpL95VE,https://www.youtube.com/watch?v=UoebFpL95VE,Disc Golf Pro Tour,UCw0WzNn6m2Na6ZW7rKqWI3g,UgwVGQ8397gbRHV2uE94AaABAg,https://www.youtube.com/watch?v=UoebFpL95VE&lc=UgwVGQ8397gbRHV2uE94AaABAg,How great is that!,@Spiritualego,2026-09-22T00:00:00Z,0,
YT2000572,Japan vs Iran (2026 AVC Men’s Continental Championship Final),Volleyball,,Japan 🇯🇵 vs. Iran 🇮🇷 - Final | AVC Men's Continental Championships 2026 | Gold Match Highlights,a0iA57_4oCw,https://www.youtube.com/watch?v=a0iA57_4oCw,Volleyball World,UCNMg6XDhRZI2QzL4pWOvP_w,Ugyv30ktwH15yxp63XF4AaABAg,https://www.youtube.com/watch?v=a0iA57_4oCw&lc=Ugyv30ktwH15yxp63XF4AaABAg,Volley ball and football are far better and the best games in the world than boring cricket.,@phantomlife-h8d,2026-09-21T00:00:00Z,3,
YT2000573,All Blacks vs Lions (2026 Rugby),Rugby,,"MINI MATCH | All Blacks v Lions | Johannesburg, 2026",6MbNY6WCctU,https://www.youtube.com/watch?v=6MbNY6WCctU,All Blacks,UCsAPiUMyBjtKamxYGbSUnLA,Ugy2cBdHNBdK6tSOKD94AaABAg,https://www.youtube.com/watch?v=6MbNY6WCctU&lc=Ugy2cBdHNBdK6tSOKD94AaABAg,Lions were enraged or what ? what a game ! Happy to see lions roaring this strong,@kalso7262,2026-09-02T00:00:00Z,0,
YT2000574,Real Madrid vs Inter (2026 UEFA Champions League),Football,,Real Madrid vs. Inter: Extended Highlights | UCL League Phase MD 1 | CBS Sports Golazo,m-Er4N3eVpE,https://www.youtube.com/watch?v=m-Er4N3eVpE,CBS Sports Golazo,UCET00YnetHT7tOpu12v8jxg,Ugz5UsHVdyjvZ0ijX6F4AaABAg,https://www.youtube.com/watch?v=m-Er4N3eVpE&lc=Ugz5UsHVdyjvZ0ijX6F4AaABAg,"Такое. Столько моментов растранжирить конечно Реалу. Особенно Мбаппе не соответствует уровню топ нападающего, когда такие моменты не реализовывает.",@Николас-ж1г,2026-09-16T00:00:00Z,0,
YT2000575,"Afghanistan vs India (2026 T20I Series, Match 3)",Cricket,,Full Match Highlights | Afghanistan vs India | Match 03 | T20I Series 2026 | ACB | M9N1J,TapC28fhANQ,https://www.youtube.com/watch?v=TapC28fhANQ,Sports Central by DRM,UC-fzWbU1zavz77kP1gPPdSg,UgzPvaVHZJk4XxDKsnZ4AaABAg,https://www.youtube.com/watch?v=TapC28fhANQ&lc=UgzPvaVHZJk4XxDKsnZ4AaABAg,Rashid Khan🗿❤️‍🩹!!,@KisaraVenuja,2026-09-20T00:00:00Z,0,
YT2000576,Donna Vekic vs Xinyu Wang (2026 Singapore),Tennis,,Donna Vekic vs. Xinyu Wang | 2026 Singapore Round 1 | WTA Match Highlights,q4_xHFJv1eg,https://www.youtube.com/watch?v=q4_xHFJv1eg,WTA,UCaBIVVpHjq6j3tSyxwTE-8Q,UgwQ9jUrwRbVrA5GAtF4AaABAg,https://www.youtube.com/watch?v=q4_xHFJv1eg&lc=UgwQ9jUrwRbVrA5GAtF4AaABAg,Xinyu is the most beautiful Asian girl on tour ❤,@tennisgalaxytv,2026-09-22T13:46:00Z,1,
YT2000577,2026 Italian Grand Prix,Formula 1,2026-09-06,Fans React to the 2026 Italian Grand Prix,ah1bbvzWhPE,https://www.youtube.com/watch?v=ah1bbvzWhPE,Kr1s,UCz-llHGeBJB06SA6g-Q_JKA,UgwQswHfMC_XZTHqrkh4AaABAg,https://www.youtube.com/watch?v=ah1bbvzWhPE&lc=UgwQswHfMC_XZTHqrkh4AaABAg,"after all these year watching reaction, fabio screams with all his might",@kamladevi9226,2026-09-12T00:00:00Z,0,
YT2000578,Valencia vs Milan (2025-26 EuroLeague),Basketball,,From Trouble to PLAYOFFS | Valencia - Milan | R36 BASKETBALL HIGHLIGHTS 2025-26,ezcvRat7sYM,https://www.youtube.com/watch?v=ezcvRat7sYM,EUROLEAGUE BASKETBALL,UCGr3nR_XH9r6E5b09ZJAT9w,UgwpJB3ExVaEWrLxkUN4AaABAg,https://www.youtube.com/watch?v=ezcvRat7sYM&lc=UgwpJB3ExVaEWrLxkUN4AaABAg,"Gran partido y gran victoria.
Este Valencia està haciendo historia,de momento el mejor equipo español en la Euroliga.
Por delante del Madrid y del Barcelona,casi nada.",@lasotadecopas,2026-04-23T00:00:00Z,0,
YT2000579,"Italy Gold Highlights, 2026 European Athletics Championships",Athletics,,ITALIA 🇮🇹 Every Gold Highlights | Birmingham 2026 European Athletics Championships,YKRgXPIqK7s,https://www.youtube.com/watch?v=YKRgXPIqK7s,European Athletics,UCp21zu_8Hd0w9HULooemRCA,UgzaF_DnfkeX6qsMmjV4AaABAg,https://www.youtube.com/watch?v=YKRgXPIqK7s&lc=UgzaF_DnfkeX6qsMmjV4AaABAg,Diaz la prestazione di maggiore spessore internazionale di tutti gli europei,@marcoardis7101,2026-09-02T00:00:00Z,3,
YT2000580,An Se Young vs Akane Yamaguchi (2026 BWF World Championships Final),Badminton,,BWF World Championships 2026 | An Se Young (KOR) [1] vs Akane Yamaguchi (JPN) [2] | F,99riPBazzfk,https://www.youtube.com/watch?v=99riPBazzfk,BWF TV,UChh-akEbUM8_6ghGVnJd6cQ,Ugzny93rN11nw44ohmx4AaABAg,https://www.youtube.com/watch?v=99riPBazzfk&lc=Ugzny93rN11nw44ohmx4AaABAg,Korean win❤🎉,@JaydenChung-lf6kp,2026-09-17T00:00:00Z,0,
YT2000581,Vegas Golden Knights vs Carolina Hurricanes (2026 Stanley Cup Final Game 2),Hockey,,FULL REPLAY: Game 2 | Golden Knights vs. Hurricanes | 2026 Stanley Cup Final,TGduVpjEXKM,https://www.youtube.com/watch?v=TGduVpjEXKM,NHL,UCqFMzb-4AUf6WAIbl132QKA,UgyOqsaK0cpbJur6ybR4AaABAg,https://www.youtube.com/watch?v=TGduVpjEXKM&lc=UgyOqsaK0cpbJur6ybR4AaABAg,Game 2 was a battle of skill and will,@hockeyfan507,2026-06-23T00:00:00Z,1,
YT2000582,Raymond Muratalla vs Andy Cruz (2026 Boxing),Boxing,,Raymond Muratalla Retains World Title vs Andy Cruz | Highlights | Matchroom,5gddebIxomA,https://www.youtube.com/watch?v=5gddebIxomA,Matchroom Boxing,UC7LReVje9aPB4B6XAsXX8WQ,UgyQCmB0eiBwBf-UleZ4AaABAg,https://www.youtube.com/watch?v=5gddebIxomA&lc=UgyQCmB0eiBwBf-UleZ4AaABAg,Cruz will be a champion,@greoryst.urbain6201,2026-03-23T00:00:00Z,0,
YT2000583,Justin Clarke vs Abdoulaye Kane (2026 PFL Africa),MMA,,RUTHLESS Heavyweight Fight!! | Justin Clarke v Abdoulaye Kane | Full Fight | PFL Africa 1 2026,rAAW2ORZnwo,https://www.youtube.com/watch?v=rAAW2ORZnwo,PFL MMA,UCPrONRG9hO1f-OrxW-WH-xg,Ugycl5L1Q4L_wS6TNVB4AaABAg,https://www.youtube.com/watch?v=rAAW2ORZnwo&lc=Ugycl5L1Q4L_wS6TNVB4AaABAg,Unbelievable! 🥊💥🔻,@tomt5176,2026-06-23T00:00:00Z,0,
YT2000584,2026 BMW PGA Championship,Golf,,Round 4 Highlights | 2026 BMW PGA Championship,gQZomCyCWuw,https://www.youtube.com/watch?v=gQZomCyCWuw,DP World Tour,UCvZwbZt6YZQ4wj_7qyjPDZw,UgxBydcW6_AX3eeaAbR4AaABAg,https://www.youtube.com/watch?v=gQZomCyCWuw&lc=UgxBydcW6_AX3eeaAbR4AaABAg,"JJ Spaun, that was great to watch you play with some heated energy this time. You are a great player - show us more of that heated energy please.",@EricVRelph-re4hd,2026-09-22T00:00:00Z,1,
YT2000585,2026 Green Mountain Championship,Disc Golf,,Final Round Highlights | MPO | 2026 Green Mountain Championship,UoebFpL95VE,https://www.youtube.com/watch?v=UoebFpL95VE,Disc Golf Pro Tour,UCw0WzNn6m2Na6ZW7rKqWI3g,UgxhB6EAMkZ4mnyJylh4AaABAg,https://www.youtube.com/watch?v=UoebFpL95VE&lc=UgxhB6EAMkZ4mnyJylh4AaABAg,"I did the drive up the mountain from Maine to Smuggs and it was awesome! Happy Raven crushed it, sad for Tamm",@billthecrusher8283,2026-09-22T00:00:00Z,8,
YT2000586,Slovenia vs Serbia (2026 CEV EuroVolley),Volleyball,,Highlights | SLOVENIA vs. SERBIA | CEV Enel EuroVolley 2026 Men | Eight Finals,4OR3mlRfFDU,https://www.youtube.com/watch?v=4OR3mlRfFDU,European Volleyball,UC8XRC858pOERvclUDb_d7rg,UgwfBon9iHUOD1ayY1p4AaABAg,https://www.youtube.com/watch?v=4OR3mlRfFDU&lc=UgwfBon9iHUOD1ayY1p4AaABAg,you know it is sad when they go like that,@ОлегВолей-с5е5и,2026-09-22T08:00:00Z,1,
YT2000587,Springboks vs England (2026 Rugby),Rugby,2026-07-04,Springboks v England at Ellis Park | Extended Highlights | 4 July 2026,hS3CsahX3Kc,https://www.youtube.com/watch?v=hS3CsahX3Kc,Official Springbok YouTube,UCVI5iqtQOsWZwtAg1o3SIAQ,UgwHHP8ZDQvXNPydB3d4AaABAg,https://www.youtube.com/watch?v=hS3CsahX3Kc&lc=UgwHHP8ZDQvXNPydB3d4AaABAg,Nah cheslin cooked that guy on the step man yoh😭,@Moagi44,2026-08-23T00:00:00Z,1,
YT2000588,Bayern Munich vs Real Madrid (2026 UEFA Champions League Quarterfinal),Football,,Bayern vs. Real Madrid: Extended Highlights | UCL Quarterfinals - Leg 2 | CBS Sports Golazo,dF-JIdw_PW4,https://www.youtube.com/watch?v=dF-JIdw_PW4,CBS Sports Golazo,UCET00YnetHT7tOpu12v8jxg,UgzK-MB0O4fEgM5s1It4AaABAg,https://www.youtube.com/watch?v=dF-JIdw_PW4&lc=UgzK-MB0O4fEgM5s1It4AaABAg,"regardless of madrid losing, this was a BANGER MATCH 6-4 on aggregate",@aaxtrq1,2026-09-09T00:00:00Z,0,
YT2000589,"Afghanistan vs India (2026 T20I Series, Match 2)",Cricket,,Full Match Highlights | Afghanistan vs India | Match 02 | T20I Series 2026 | ACB | M9N1J,svAuradtMZw,https://www.youtube.com/watch?v=svAuradtMZw,Sports Central by DRM,UC-fzWbU1zavz77kP1gPPdSg,Ugyz8CpbPUDxtYE9XAd4AaABAg,https://www.youtube.com/watch?v=svAuradtMZw&lc=Ugyz8CpbPUDxtYE9XAd4AaABAg,Ab sb likh lo next match draw ho ga or phir super over ma India neet jay ga ku ka ye drama har dfa India lagata ha pehle 2 match secure kar ka akhri match ko interesting bnany ka lye ye drama rachata or ye karta bhi sir afghandus ka sath ku ka unhy pata inhy paisy chaye pehle unko Ghar ma bulata phir pelta ma dekhta agar ye lundisatn Kisi or team ko Ghar Bula ka 13 overs ma 160 170 kaisy chase karty,@momin55669,2026-09-17T00:00:00Z,0,
YT2000590,Alycia Parks vs Mei Yamaguchi (2026 Singapore),Tennis,,Alycia Parks vs. Mei Yamaguchi | 2026 Singapore Round 1 | WTA Match Highlights,tXwyGKvLFrM,https://www.youtube.com/watch?v=tXwyGKvLFrM,WTA,UCaBIVVpHjq6j3tSyxwTE-8Q,UgxKk6NtC4uyVKtRuFR4AaABAg,https://www.youtube.com/watch?v=tXwyGKvLFrM&lc=UgxKk6NtC4uyVKtRuFR4AaABAg,"well done, alicia! i learned about her when she faced alex. happy to see her move on to the next round <3",@BikerJeffPH,2026-09-22T12:00:00Z,1,
YT2000591,2026 Chinese Grand Prix,Formula 1,2026-03-15,Fans React to the 2026 Chinese Grand Prix,77NaHUPQZto,https://www.youtube.com/watch?v=77NaHUPQZto,Kr1s,UCz-llHGeBJB06SA6g-Q_JKA,UgyO2d78YiWjlGaySYZ4AaABAg,https://www.youtube.com/watch?v=77NaHUPQZto&lc=UgyO2d78YiWjlGaySYZ4AaABAg,dude with the glasses genuinely doesn't understand shit,@davicee.,2026-08-23T00:00:00Z,0,
YT2000592,Indiana Fever vs Toronto Tempo (2026 WNBA),Basketball,2026-09-18,"Indiana Fever vs. Toronto Tempo | FULL GAME HIGHLIGHTS | September 18, 2026",3ncxZOQBJBU,https://www.youtube.com/watch?v=3ncxZOQBJBU,WNBA,UCO9a_ryN_l7DIDS-VIt-zmw,Ugz8qVBMiFKEeXURB_p4AaABAg,https://www.youtube.com/watch?v=3ncxZOQBJBU&lc=Ugz8qVBMiFKEeXURB_p4AaABAg,Both Team don’t have defense,@jorgeenriqueflores390,2026-09-22T00:00:00Z,0,
YT2000593,2026 World Athletics Relays Gaborone,Athletics,,Top 10 Moments from the World Athletics Relays Gaborone 2026,6OeLLKS5EoA,https://www.youtube.com/watch?v=6OeLLKS5EoA,World Athletics,UCQk7fWv15ChjMJLCRVmtApw,UgwwYncmc5d0Nyywg4t4AaABAg,https://www.youtube.com/watch?v=6OeLLKS5EoA&lc=UgwwYncmc5d0Nyywg4t4AaABAg,wer? was walaza  if he was there S.A was going to win this,@AdamsBob,2026-08-23T00:00:00Z,0,
YT2000594,Kodai Naraoka vs Alex Lanier (2026 BWF World Championships Final),Badminton,,BWF World Championships 2026 | Kodai Naraoka (JPN) [10] vs Alex Lanier (FRA) [9] | F,go2uajSiBnE,https://www.youtube.com/watch?v=go2uajSiBnE,BWF TV,UChh-akEbUM8_6ghGVnJd6cQ,UgyrT6keWMZDiGjPe8R4AaABAg,https://www.youtube.com/watch?v=go2uajSiBnE&lc=UgyrT6keWMZDiGjPe8R4AaABAg,Masterclass from lanier,@원빈TV,2026-09-02T00:00:00Z,1,
YT2000595,Hungary vs Latvia (2026 IIHF Men’s World Championship),Hockey,,Highlights: Hungary vs Latvia | 2026 #MensWorlds,dhgqnUsBfBk,https://www.youtube.com/watch?v=dhgqnUsBfBk,IIHF,UCtmgna7qB0oQF2oOcVgndbw,UgzMme2G4b8uONx51Cl4AaABAg,https://www.youtube.com/watch?v=dhgqnUsBfBk&lc=UgzMme2G4b8uONx51Cl4AaABAg,Even though Hungary never did win Latvia in ice Hockey they are still between 16 best hockey teams in the World.,@martinlatvian5538,2026-06-23T00:00:00Z,7,
YT2000596,Abdullah Mason vs Ornelas (2026 Boxing),Boxing,,Abdullah Mason DROPS Ornelas Repeatedly in Brutal Win,d6A3cVkIKGc,https://www.youtube.com/watch?v=d6A3cVkIKGc,Top Rank Boxing,UCbzRzJNHx7ZLlJML9BjZQVQ,Ugw5OJHIn9a13MH20P54AaABAg,https://www.youtube.com/watch?v=d6A3cVkIKGc&lc=Ugw5OJHIn9a13MH20P54AaABAg,"🔥 Gervonta Davis Vs Shakur Stevenson, Keyshawn Davis Vs Gervonta Davis, Bruce Carrington Vs Gervonta Davis, Keyshawn Davis Vs Devin Haney, Keyshawn Davis Vs Lamont Roach, Shakur Stevenson Vs Ryan Garcia, Shakur Stevenson Vs Devin Haney, Lamont Roach Vs Ryan Garcia, Lamont Roach Vs Devin Haney, Gervonta Davis Vs Naoya Inoue, Bruce Carrington Vs Naoya Inoue, Bruce Carrington Vs Jesse Rodriguez, Jesse Rodriguez Vs Naoya Inoue, William Zepeda Vs Teofimo Lopez, William Zepeda Vs Sebastian Hernandez, Devin Haney Vs Rolando Romero, Teofimo Lopez Vs Rolando Romero, Abdullah Mason Vs Rolando Romero, Abdullah Mason Vs Teofimo Lopez, Isaac Cruz Vs Naoya Inoue, Isaac Cruz Vs Jesse Rodriguez, Sebastian Hernandez Vs Jesse Rodriguez, Sebastian Hernandez Vs Bruce Carrington, Sebastian Hernandez Vs Isaac Cruz, Junto Nakatani Vs Bruce Carrington, Bruce Carrington Vs William Zepeda etc.",@Imraz__Khan,2026-07-23T00:00:00Z,0,
YT2000597,2026 PFL Africa: Nigeria,MMA,,2026 PFL Africa: Nigeria | Full Event,uIYQboeQ7do,https://www.youtube.com/watch?v=uIYQboeQ7do,PFL MMA,UCPrONRG9hO1f-OrxW-WH-xg,UgyOI5UX02tKptudPsp4AaABAg,https://www.youtube.com/watch?v=uIYQboeQ7do&lc=UgyOI5UX02tKptudPsp4AaABAg,"I don't know why I thought there would be a lot more striking, a ton of grappling",@ThomasGray-j2s,2026-06-23T00:00:00Z,1,
YT2000598,2026 BMW PGA Championship Final Round,Golf,,Final Round DRAMA at Wentworth | 2026 BMW PGA Championship,fJWYN9Sk7wo,https://www.youtube.com/watch?v=fJWYN9Sk7wo,DP World Tour,UCvZwbZt6YZQ4wj_7qyjPDZw,UgwUGgvfr_4s6TDr30t4AaABAg,https://www.youtube.com/watch?v=fJWYN9Sk7wo&lc=UgwUGgvfr_4s6TDr30t4AaABAg,"Congratulations JJ, fabulous job.",@joesphreiley7757,2026-09-22T00:00:00Z,1,
YT2000599,2026 Green Mountain Championship,Disc Golf,,Final Round Highlights | MPO | 2026 Green Mountain Championship,UoebFpL95VE,https://www.youtube.com/watch?v=UoebFpL95VE,Disc Golf Pro Tour,UCw0WzNn6m2Na6ZW7rKqWI3g,UgwWCplmqfnhSoak-ZV4AaABAg,https://www.youtube.com/watch?v=UoebFpL95VE&lc=UgwWCplmqfnhSoak-ZV4AaABAg,"1:48 such a sick putt, got robbed on the approach roll away",@michiganmademusic6744,2026-09-22T00:00:00Z,3,
YT2000600,Japan vs USA (2026 Men’s VNL Semifinal),Volleyball,,Japan 🇯🇵 vs. USA 🇺🇸 - Semi Final | Highlights | Men's VNL 2026,Cvj9Q6fYu3s,https://www.youtube.com/watch?v=Cvj9Q6fYu3s,Volleyball World,UCNMg6XDhRZI2QzL4pWOvP_w,UgxH2onVDufSDNoNdG54AaABAg,https://www.youtube.com/watch?v=Cvj9Q6fYu3s&lc=UgxH2onVDufSDNoNdG54AaABAg,"Despite being a small built, the Japanese can definitely kick ass.",@JuanDelaCreme,2026-09-09T00:00:00Z,0,
YT2000601,Hurricanes vs Blues (2026 Super Rugby Pacific),Rugby,,HURRICANES v BLUES | Rd 9 Highlights | Super Rugby Pacific 2026,TLq0hc3Oxtg,https://www.youtube.com/watch?v=TLq0hc3Oxtg,Super Rugby Pacific,UCDOGExGCsrrt_RrGDgLuMww,Ugzbicyclyx6dt-32oZ4AaABAg,https://www.youtube.com/watch?v=TLq0hc3Oxtg&lc=Ugzbicyclyx6dt-32oZ4AaABAg,"That's one hell of a hiding, good one Hurricanes",@Samizouza,2026-04-23T00:00:00Z,0,
YT2000602,Napoli vs Arsenal (2026 UEFA Champions League),Football,,Napoli vs. Arsenal: Extended Highlights | UCL League Phase MD 1 | CBS Sports Golazo,7HFHdzIMgZ8,https://www.youtube.com/watch?v=7HFHdzIMgZ8,CBS Sports Golazo,UCET00YnetHT7tOpu12v8jxg,UgzfUnQcQMjntkew9WF4AaABAg,https://www.youtube.com/watch?v=7HFHdzIMgZ8&lc=UgzfUnQcQMjntkew9WF4AaABAg,Boring…,@Blue.Lightning4,2026-09-14T00:00:00Z,0,
YT2000603,India vs Pakistan (2026 Asia Cup Final),Cricket,,India VS Pakistan Extended Highlights | Asia Cup Final | Channel 9 Sports,GFj5cfzYoEQ,https://www.youtube.com/watch?v=GFj5cfzYoEQ,Channel Nine Sports,UCyDQWHMFMoNVDrdw7Y7jAZQ,UgwSf_lBXlm9E-w4a_V4AaABAg,https://www.youtube.com/watch?v=GFj5cfzYoEQ&lc=UgwSf_lBXlm9E-w4a_V4AaABAg,Hindustan🇮🇳🇮🇳🇮🇳 great👏👏 team,@vaibhavdeogurjar,2026-09-11T00:00:00Z,0,
YT2000604,Kaitlin Quevedo vs Nadia Podoroska (2026 Sao Paulo Final),Tennis,,Kaitlin Quevedo vs. Nadia Podoroska | 2026 Sao Paulo Final | WTA Match Highlights,paaBBGyLF1A,https://www.youtube.com/watch?v=paaBBGyLF1A,WTA,UCaBIVVpHjq6j3tSyxwTE-8Q,Ugw3O1IgKhQxZgY3wIV4AaABAg,https://www.youtube.com/watch?v=paaBBGyLF1A&lc=Ugw3O1IgKhQxZgY3wIV4AaABAg,Ver backhand looks sharp,@ayrtsennparra3932,2026-09-22T05:00:00Z,0,
YT2000605,2026 Dutch Grand Prix,Formula 1,2026-08-23,Fans React to the 2026 Dutch Grand Prix,NyQ_Ukqyj1s,https://www.youtube.com/watch?v=NyQ_Ukqyj1s,Kr1s,UCz-llHGeBJB06SA6g-Q_JKA,UgwXbAxdNlDlOo9HH4p4AaABAg,https://www.youtube.com/watch?v=NyQ_Ukqyj1s&lc=UgwXbAxdNlDlOo9HH4p4AaABAg,1:05:13 - thats MY highlight by Tmac 🤣,@FJx36,2026-09-09T00:00:00Z,0,
YT2000606,Phoenix Mercury vs Dallas Wings (2026 WNBA),Basketball,2026-09-19,"Phoenix Mercury vs. Dallas Wings | FULL GAME HIGHLIGHTS | September 19, 2026",gmTPOM9RMxU,https://www.youtube.com/watch?v=gmTPOM9RMxU,WNBA,UCO9a_ryN_l7DIDS-VIt-zmw,UgyZOB7L5Oeedw1I0Fx4AaABAg,https://www.youtube.com/watch?v=gmTPOM9RMxU&lc=UgyZOB7L5Oeedw1I0Fx4AaABAg,"Paige Bueckers field goal percentage is far more efficient than Caitlin Clark. 

Paige Bueckers field goal percentage is 50.9% 
Caitlin Clark field goal percentage is 45.6%",@CyberAnonymous88,2026-09-22T00:00:00Z,4,
YT2000607,2026 World Athletics Ultimate Championship Day 1,Athletics,,Day 1 Full Highlights | World Athletics Ultimate Championship,yaw5_mUtsLE,https://www.youtube.com/watch?v=yaw5_mUtsLE,World Athletics,UCQk7fWv15ChjMJLCRVmtApw,UgyI5C_59QHxpMXSQLF4AaABAg,https://www.youtube.com/watch?v=yaw5_mUtsLE&lc=UgyI5C_59QHxpMXSQLF4AaABAg,"The Viking is back, baby.  What a ticker!",@SvendBosanvovski,2026-09-14T00:00:00Z,0,
YT2000608,An Se Young vs Wang Zhi Yi (2026 BWF World Championships Semifinal),Badminton,,BWF World Championships 2026 | An Se Young (KOR) [1] vs Wang Zhi Yi (CHN) [3] | SF,7XPUAD74usE,https://www.youtube.com/watch?v=7XPUAD74usE,BWF TV,UChh-akEbUM8_6ghGVnJd6cQ,UgxLbR2gwS1rI2UO5pt4AaABAg,https://www.youtube.com/watch?v=7XPUAD74usE&lc=UgxLbR2gwS1rI2UO5pt4AaABAg,2 : 0 win but brutal!,@losuk8,2026-08-26T00:00:00Z,12,
YT2000609,Canada vs Norway (2026 IIHF Men’s World Championship),Hockey,,Highlights: Canada vs Norway | 2026 #MensWorlds,OOpKz9itTzs,https://www.youtube.com/watch?v=OOpKz9itTzs,IIHF,UCtmgna7qB0oQF2oOcVgndbw,UgyhJaG3hTiWnRvvl314AaABAg,https://www.youtube.com/watch?v=OOpKz9itTzs&lc=UgyhJaG3hTiWnRvvl314AaABAg,thats  a content  føder  for  the  soccer  we wil winn  alll,@Paul-g3j7n,2026-06-23T00:00:00Z,0,
YT2000610,Legendary Boxing Fights Collection,Boxing,,"12 Hours of Legendary Fights | Mayweather, Ali, Inoue & More",4GCNfWec-30,https://www.youtube.com/watch?v=4GCNfWec-30,Top Rank Boxing,UCbzRzJNHx7ZLlJML9BjZQVQ,Ugy0giXylh2wS6ty6T54AaABAg,https://www.youtube.com/watch?v=4GCNfWec-30&lc=Ugy0giXylh2wS6ty6T54AaABAg,And now the BEST ACTOR AWARD goes to MAYWEATHER the running man,@GradyseanBeja,2026-04-23T00:00:00Z,0,
YT2000611,2026 PFL Africa: Pretoria,MMA,,2026 PFL Africa: Pretoria | Full Event,P1eO07hMeSU,https://www.youtube.com/watch?v=P1eO07hMeSU,PFL MMA,UCPrONRG9hO1f-OrxW-WH-xg,UgwwUsX2VFg5-V0lgsV4AaABAg,https://www.youtube.com/watch?v=P1eO07hMeSU&lc=UgwwUsX2VFg5-V0lgsV4AaABAg,Wrong woman won. The judges needed to pay more attention to the fight.,@bigpoppav,2026-05-23T00:00:00Z,0,
YT2000612,2026 BMW PGA Championship,Golf,,Round 4 Highlights | 2026 BMW PGA Championship,gQZomCyCWuw,https://www.youtube.com/watch?v=gQZomCyCWuw,DP World Tour,UCvZwbZt6YZQ4wj_7qyjPDZw,UgxRGFKyzAvYcUhmF8F4AaABAg,https://www.youtube.com/watch?v=gQZomCyCWuw&lc=UgxRGFKyzAvYcUhmF8F4AaABAg,awful highlights again,@JoeWood-sq3tr,2026-09-22T00:00:00Z,1,
YT2000613,2026 Green Mountain Championship,Disc Golf,,Final Round Highlights | MPO | 2026 Green Mountain Championship,UoebFpL95VE,https://www.youtube.com/watch?v=UoebFpL95VE,Disc Golf Pro Tour,UCw0WzNn6m2Na6ZW7rKqWI3g,UgxYD3c1qzi4_aIYcVN4AaABAg,https://www.youtube.com/watch?v=UoebFpL95VE&lc=UgxYD3c1qzi4_aIYcVN4AaABAg,"Buhr is the best player in the world, also the most delusional.",@Nohopefortheworld,2026-09-22T00:00:00Z,1,
YT2000614,USA vs Poland (2026 Men’s VNL Final),Volleyball,,USA 🇺🇸 vs. Poland 🇵🇱 - Gold Match | Highlights | Men's VNL 2026 - Final,SAjrSUNCQbc,https://www.youtube.com/watch?v=SAjrSUNCQbc,Volleyball World,UCNMg6XDhRZI2QzL4pWOvP_w,UgzbCXkAFwzsAb4MtiB4AaABAg,https://www.youtube.com/watch?v=SAjrSUNCQbc&lc=UgzbCXkAFwzsAb4MtiB4AaABAg,Let's go USA,@LebohangMokopanela,2026-09-02T00:00:00Z,0,
YT2000615,South Africa vs New Zealand (2026 Rugby Test),Rugby,,SOUTH AFRICA v NEW ZEALAND | 4th Test Highlights | Rugby's Greatest Rivalry 2026,G3s7nFFiRyk,https://www.youtube.com/watch?v=G3s7nFFiRyk,SANZAAR TV,UCvMgypvk0d5P0K3F3bB19Eg,Ugw_mG-_oWlz5LMsn2l4AaABAg,https://www.youtube.com/watch?v=G3s7nFFiRyk&lc=Ugw_mG-_oWlz5LMsn2l4AaABAg,All thanks to the Lord. I love the love of God this team has.,@FadedThanAyHoe69,2026-09-18T00:00:00Z,0,
YT2000616,Porto vs Manchester City (2026 UEFA Champions League),Football,,Porto vs. Man. City: Extended Highlights | UCL League Phase MD 1 | CBS Sports Golazo,mXNFbZJdcqY,https://www.youtube.com/watch?v=mXNFbZJdcqY,CBS Sports Golazo,UCET00YnetHT7tOpu12v8jxg,UgyOMekjYcwo86z2iNl4AaABAg,https://www.youtube.com/watch?v=mXNFbZJdcqY&lc=UgyOMekjYcwo86z2iNl4AaABAg,The more I watch these guys the more I get convinced they are nothing more than a bunch of athletes at high-school level playing soccer,@wtmpotus994,2026-09-13T00:00:00Z,0,
YT2000617,India vs Japan (2026 T20I),Cricket,,India vs Japan T20 Match Full Highlights 2026 | India vs Japan Highlights,AcDMlgbrcK4,https://www.youtube.com/watch?v=AcDMlgbrcK4,Cricket Expert,UCWSCF-pqjmfIM4Dmxwh0ViQ,UgxgXakmjker5v-6WmN4AaABAg,https://www.youtube.com/watch?v=AcDMlgbrcK4&lc=UgxgXakmjker5v-6WmN4AaABAg,Slogger 0000😂😂😂😂,@AdnanTahir-k9j,2026-09-22T13:00:00Z,0,
YT2000618,Jessica Pegula vs Alexandra Eala (2026 Washington Final),Tennis,,"Jessica Pegula vs. Alexandra Eala | 2026 Washington, DC Final | WTA Match Highlights",OvjNXy1mQjY,https://www.youtube.com/watch?v=OvjNXy1mQjY,WTA,UCaBIVVpHjq6j3tSyxwTE-8Q,Ugx9Ess84nN4bFsO5OR4AaABAg,https://www.youtube.com/watch?v=OvjNXy1mQjY&lc=Ugx9Ess84nN4bFsO5OR4AaABAg,"I'm a Alex fan ever since her debut in 2025 Miami open, I'm super duper happy she got her 1st wta 500 title and it's on  the list now of wta tennis,
So excited for Alex tennis future i believe on her in God's will and guidance ❤😊😢",@mitchrianne2288,2026-09-13T00:00:00Z,0,
YT2000619,2026 Barcelona-Catalunya Grand Prix,Formula 1,2026-06-14,Fans React to the 2026 Barcelona-Catalunya Grand Prix,thGDQT82t6c,https://www.youtube.com/watch?v=thGDQT82t6c,Kr1s,UCz-llHGeBJB06SA6g-Q_JKA,UgyRluycqlSDKBlpnUV4AaABAg,https://www.youtube.com/watch?v=thGDQT82t6c&lc=UgyRluycqlSDKBlpnUV4AaABAg,"Without power steering is it possible to drive the car, i have seen some rally drivers drive without power steering. Is it possible?",@seyramamezah3815,2026-06-23T00:00:00Z,0,
YT2000620,Atlanta Dream vs New York Liberty (2026 WNBA),Basketball,2026-09-21,"Atlanta Dream vs. New York Liberty | FULL GAME HIGHLIGHTS | September 21, 2026",Cazz5y4tbg8,https://www.youtube.com/watch?v=Cazz5y4tbg8,WNBA,UCO9a_ryN_l7DIDS-VIt-zmw,Ugx7YPD8Hy8MuIX2dRh4AaABAg,https://www.youtube.com/watch?v=Cazz5y4tbg8&lc=Ugx7YPD8Hy8MuIX2dRh4AaABAg,Dreams are playing great but I hope they can keep it up. I would like to see them reach further.,@ShirleyWillis-m9s,2026-09-22T13:13:00Z,0,
YT2000621,2026 European Athletics Championships Day 1,Athletics,,Day One Highlights | Birmingham 2026 European Athletics Championships,HBzZeY_kr_4,https://www.youtube.com/watch?v=HBzZeY_kr_4,European Athletics,UCp21zu_8Hd0w9HULooemRCA,Ugw-dlELwFaiYZQ9Xgh4AaABAg,https://www.youtube.com/watch?v=HBzZeY_kr_4&lc=Ugw-dlELwFaiYZQ9Xgh4AaABAg,"The black ribbon pinned on the left chest of Italian athletes is a sign of mourning for the death of Livio Berruti, Olympic champion in 1960 in the 200 metres (the first European to achieve this in history), a distance in which he was also a world record holder, who passed away a few days ago.",@francescojsb,2026-08-23T00:00:00Z,1,
YT2000622,Alex Lanier vs Kunlavut Vitidsarn (2026 BWF World Championships Quarterfinal),Badminton,,BWF World Championships 2026 | Alex Lanier (FRA) [9] vs Kunlavut Vitidsarn (THA) [2] | QF,bsdgjFX-nhQ,https://www.youtube.com/watch?v=bsdgjFX-nhQ,BWF TV,UChh-akEbUM8_6ghGVnJd6cQ,UgzuFcYs23AAXgThNbN4AaABAg,https://www.youtube.com/watch?v=bsdgjFX-nhQ&lc=UgzuFcYs23AAXgThNbN4AaABAg,"Gotta pave way for victor lai. Hes got a good chance with this bracket. With ctc looking to win the upper bracket, lai has beaten him once already before , so a its really good chance",@x520x1314x,2026-08-23T00:00:00Z,1,
YT2000623,Canada vs USA (2026 IIHF Men’s World Championship),Hockey,,Highlights: Canada vs USA | 2026 #MensWorlds,gEPn42NmMIs,https://www.youtube.com/watch?v=gEPn42NmMIs,IIHF,UCtmgna7qB0oQF2oOcVgndbw,UgxiH2KXhicFT9zg7np4AaABAg,https://www.youtube.com/watch?v=gEPn42NmMIs&lc=UgxiH2KXhicFT9zg7np4AaABAg,the worst canada team in history,@rgorthuis,2026-06-23T00:00:00Z,0,
YT2000624,Teremoana vs Heavyweight Opponent (2026 Matchroom Boxing),Boxing,,Undefeated giant heavyweight Teremoana | Non-Stop KOs | Matchroom Boxing,Q0PKJmMaV_U,https://www.youtube.com/watch?v=Q0PKJmMaV_U,Matchroom Boxing,UC7LReVje9aPB4B6XAsXX8WQ,UgzbJMvm3W7cimqOKP54AaABAg,https://www.youtube.com/watch?v=Q0PKJmMaV_U&lc=UgzbJMvm3W7cimqOKP54AaABAg,He fought nobody’s like come on it’s like jai he beat a 40 year old for tittle and hasn’t fought a top ten fighter since,@Thoth-u7j,2026-08-23T00:00:00Z,0,
YT2000625,ONE Friday Fights 171,MMA,,ONE Friday Fights 171 | Explosive Highlights 🔥,dWNc1BdF9Mk,https://www.youtube.com/watch?v=dWNc1BdF9Mk,ONE Championship,UCiormkBf3jm6mfb7k0yPbKA,UgzlmKxY8ZUIu0J8e8p4AaABAg,https://www.youtube.com/watch?v=dWNc1BdF9Mk&lc=UgzlmKxY8ZUIu0J8e8p4AaABAg,ခြေထောက်ကသုကိုလဲကျစေတာ😢,@MoeZawZaw-s3k,2026-09-20T00:00:00Z,0,
YT2000626,2026 BMW PGA Championship Final Round,Golf,,Final Round DRAMA at Wentworth | 2026 BMW PGA Championship,fJWYN9Sk7wo,https://www.youtube.com/watch?v=fJWYN9Sk7wo,DP World Tour,UCvZwbZt6YZQ4wj_7qyjPDZw,UgwKIaNrOHDw4xzWdvp4AaABAg,https://www.youtube.com/watch?v=fJWYN9Sk7wo&lc=UgwKIaNrOHDw4xzWdvp4AaABAg,"Many congratulations to J.J. Spaun. The interview with him on Saturday, by DP World, showed how focused he was having been left out of the US Presidents Cup Team, and he made another of his dreams come true yesterday. Sounds like a great gentlemen, hope we see more of him in Europe.",@derekjames1574,2026-09-21T21:00:00Z,6,
YT2000627,2026 Green Mountain Championship,Disc Golf,,Final Round Highlights | MPO | 2026 Green Mountain Championship,UoebFpL95VE,https://www.youtube.com/watch?v=UoebFpL95VE,Disc Golf Pro Tour,UCw0WzNn6m2Na6ZW7rKqWI3g,UgwIuO6AzxG6gqn_H9d4AaABAg,https://www.youtube.com/watch?v=UoebFpL95VE&lc=UgwIuO6AzxG6gqn_H9d4AaABAg,"Damn huge props to the wife for making the drive down as you could see how much it meant to him. I freaking love seeing dudes win for their first time, genuinely one of the best parts about professional disc golf.",@rfwhyte,2026-09-22T00:00:00Z,140,
YT2000628,Italy vs Denmark (2026 CEV EuroVolley),Volleyball,,Highlights | Italy vs. Denmark | CEV Enel EuroVolley 2026 Men | Eight Finals,JK_IC9hRAMg,https://www.youtube.com/watch?v=JK_IC9hRAMg,European Volleyball,UC8XRC858pOERvclUDb_d7rg,Ugzu8giBr6_fxyHimZ94AaABAg,https://www.youtube.com/watch?v=JK_IC9hRAMg&lc=Ugzu8giBr6_fxyHimZ94AaABAg,bravo raga 🇮🇹️,@Aramajaz,2026-09-22T00:00:00Z,0,
YT2000629,England vs Fiji (2026 Nations Championship),Rugby,,England v Fiji highlights | 2026 Nations Championship,4tewDq2UAtI,https://www.youtube.com/watch?v=4tewDq2UAtI,England Rugby,UCmi7CahP3G3YySOAFOfSnkw,UgyUADozUgI-XJGHnT94AaABAg,https://www.youtube.com/watch?v=4tewDq2UAtI&lc=UgyUADozUgI-XJGHnT94AaABAg,Steve Borthwick refusing to start Pollock still is indicative of why England are going backwards. England management always stuffy and conservative and refuse to take risks and waste their best players consistently. Seen it so many times now.,@schnozz87,2026-07-23T00:00:00Z,0,
YT2000630,Barcelona vs Feyenoord (2026 UEFA Champions League),Football,,HIGHLIGHTS | FC BARCELONA 5 vs 1 FEYENOORD | UEFA CHAMPIONS LEAGUE 26/27 🔵🔴,XqSrz6MKVlk,https://www.youtube.com/watch?v=XqSrz6MKVlk,FC Barcelona,UC14UlmYlSNiQCBe9Eookf_A,UgwwEm_n6AcbIWSPK414AaABAg,https://www.youtube.com/watch?v=XqSrz6MKVlk&lc=UgwwEm_n6AcbIWSPK414AaABAg,Sois los mejores gracias por hacernos felices!❤💙,@antollergo2036,2026-09-19T00:00:00Z,0,
YT2000631,"Afghanistan vs India (2026 T20I Series, Match 3)",Cricket,,Match Highlights | Afghanistan vs India | Match 03 | T20I Series 2026 | ACB | M9N1J,CJU-fIbr8Vk,https://www.youtube.com/watch?v=CJU-fIbr8Vk,Sports Central by DRM,UC-fzWbU1zavz77kP1gPPdSg,UgzXv269yXE3gjZ-LUh4AaABAg,https://www.youtube.com/watch?v=CJU-fIbr8Vk&lc=UgzXv269yXE3gjZ-LUh4AaABAg,Lumber 2 team saaaaarrrr,@UmairVlogs_,2026-09-20T00:00:00Z,0,
YT2000632,Kyoka Okamura vs Leylah Fernandez (2026 Singapore),Tennis,,Kyoka Okamura vs. Leylah Fernandez | 2026 Singapore Round 1 | WTA Match Highlights,87I2JwzG140,https://www.youtube.com/watch?v=87I2JwzG140,WTA,UCaBIVVpHjq6j3tSyxwTE-8Q,Ugwz6NRTiyJn5UeJkHR4AaABAg,https://www.youtube.com/watch?v=87I2JwzG140&lc=Ugwz6NRTiyJn5UeJkHR4AaABAg,a game 🎉,@OpenBookmarksCo.,2026-09-22T12:00:00Z,0,
YT2000633,2026 Hungarian Grand Prix,Formula 1,2026-07-26,Fans React to the 2026 Hungarian Grand Prix,SDzQqr7-JwY,https://www.youtube.com/watch?v=SDzQqr7-JwY,Kr1s,UCz-llHGeBJB06SA6g-Q_JKA,UgwZAY-3270FdDum-r14AaABAg,https://www.youtube.com/watch?v=SDzQqr7-JwY&lc=UgwZAY-3270FdDum-r14AaABAg,Watching Lewis fans miserable after they talk so much sh*t is satisfying and funny 😂😂,@WhatInTheWorld101-04,2026-08-23T00:00:00Z,1,
YT2000634,Washington Mystics vs Indiana Fever (2026 WNBA),Basketball,2026-09-20,"Washington Mystics vs. Indiana Fever | FULL GAME HIGHLIGHTS | September 20, 2026",8cV4ZkdKn7g,https://www.youtube.com/watch?v=8cV4ZkdKn7g,WNBA,UCO9a_ryN_l7DIDS-VIt-zmw,UgwuNuKlP7hIAxuolmZ4AaABAg,https://www.youtube.com/watch?v=8cV4ZkdKn7g&lc=UgwuNuKlP7hIAxuolmZ4AaABAg,The WNBA media is trash. Prove me wrong.,@MrNumbah58,2026-09-22T11:00:00Z,0,
YT2000635,2026 European Athletics Championships Day 5,Athletics,,Day Five Highlights | Birmingham 2026 European Athletics Championships,SVDkKeN8kIU,https://www.youtube.com/watch?v=SVDkKeN8kIU,European Athletics,UCp21zu_8Hd0w9HULooemRCA,UgyhyP6_gXYVbj-fvoV4AaABAg,https://www.youtube.com/watch?v=SVDkKeN8kIU&lc=UgyhyP6_gXYVbj-fvoV4AaABAg,Did you see the calm on Broders-Bol’s face? I think she has more in the tank and we may not really experience it until next year.,@bt55,2026-08-23T00:00:00Z,0,
YT2000636,Chia/Soh vs Liang/Wang (2026 BWF World Championships Final),Badminton,,BWF World Championships 2026 | Chia/Soh (MAS) [4] vs Liang/Wang (CHN) [3] | F,OyTqFMdLb_U,https://www.youtube.com/watch?v=OyTqFMdLb_U,BWF TV,UChh-akEbUM8_6ghGVnJd6cQ,Ugwti9R7PQSqOlhh-uJ4AaABAg,https://www.youtube.com/watch?v=OyTqFMdLb_U&lc=Ugwti9R7PQSqOlhh-uJ4AaABAg,congrats China 🥰,@zerozhang7955,2026-09-02T00:00:00Z,0,
YT2000637,Switzerland vs Finland (2026 IIHF Men’s World Championship),Hockey,,Highlights: Switzerland vs Finland | 2026 #MensWorlds,HIpHZ_vblSo,https://www.youtube.com/watch?v=HIpHZ_vblSo,IIHF,UCtmgna7qB0oQF2oOcVgndbw,UgzzW1wFgbyN7iPshzZ4AaABAg,https://www.youtube.com/watch?v=HIpHZ_vblSo&lc=UgzzW1wFgbyN7iPshzZ4AaABAg,happy finland won...Refs just let Meier dirty shit uncalled same goes Hichier..but those 2 are reason why New Jersey was shit in NHL...they did same stuff there. AND IT COST,@IP-zk2fo,2026-07-23T00:00:00Z,1,
YT2000638,Rolly Romero vs Ryan Garcia (2026 Boxing),Boxing,,Fight Highlights | Rolly Romero Stuns Ryan Garcia | Matchroom Boxing,CWUVyUtDivQ,https://www.youtube.com/watch?v=CWUVyUtDivQ,Matchroom Boxing,UC7LReVje9aPB4B6XAsXX8WQ,Ugx_Do5FrMqKKKY9b2F4AaABAg,https://www.youtube.com/watch?v=CWUVyUtDivQ&lc=Ugx_Do5FrMqKKKY9b2F4AaABAg,Pacquaio at this age. You cannot rest,@michaeltagud992,2026-08-23T00:00:00Z,0,
YT2000639,ONE Friday Fights 170,MMA,,ONE Friday Fights 170 | Thrilling Fight Highlights 💪,n_ZYgAY0EIM,https://www.youtube.com/watch?v=n_ZYgAY0EIM,ONE Championship,UCiormkBf3jm6mfb7k0yPbKA,UgzCZW-Mdf8ukD5ip0R4AaABAg,https://www.youtube.com/watch?v=n_ZYgAY0EIM&lc=UgzCZW-Mdf8ukD5ip0R4AaABAg,"Man, i'm really impressed with this egyptian fighter Tantawy.",@Vidimuss,2026-09-15T00:00:00Z,5,
YT2000640,2026 BMW PGA Championship,Golf,,Round 4 Highlights | 2026 BMW PGA Championship,gQZomCyCWuw,https://www.youtube.com/watch?v=gQZomCyCWuw,DP World Tour,UCvZwbZt6YZQ4wj_7qyjPDZw,UgymeNN7jXcIpqFGRhJ4AaABAg,https://www.youtube.com/watch?v=gQZomCyCWuw&lc=UgymeNN7jXcIpqFGRhJ4AaABAg,"Where’s the highlights! 
Boooooo dp",@Gm-soundz,2026-09-22T00:00:00Z,0,
YT2000641,2026 Green Mountain Championship,Disc Golf,,Final Round Highlights | MPO | 2026 Green Mountain Championship,UoebFpL95VE,https://www.youtube.com/watch?v=UoebFpL95VE,Disc Golf Pro Tour,UCw0WzNn6m2Na6ZW7rKqWI3g,Ugzi3N6upAVb3VqYXAp4AaABAg,https://www.youtube.com/watch?v=UoebFpL95VE&lc=Ugzi3N6upAVb3VqYXAp4AaABAg,Well deserved. Played with raven before and he is such a genuine guy.,@nolancampbell2527,2026-09-22T00:00:00Z,4,
YT2000642,Belgium vs Czechia (2026 CEV EuroVolley),Volleyball,,Highlights | BELGIUM vs. CZECHIA | CEV Enel EuroVolley 2026 Men | Eight Finals,PW7s66Q3ZPk,https://www.youtube.com/watch?v=PW7s66Q3ZPk,European Volleyball,UC8XRC858pOERvclUDb_d7rg,Ugzd3sw4xqmXA-v5FvZ4AaABAg,https://www.youtube.com/watch?v=PW7s66Q3ZPk&lc=Ugzd3sw4xqmXA-v5FvZ4AaABAg,How do you make a HIGHLIGHTS video and then you DONT SHOW SETPOINTS,@DSBenny,2026-09-21T18:00:00Z,45,
YT2000643,Wallabies vs France (2026 Nations Championship),Rugby,,Wallabies v France Highlights | Nations Championship 2026 | Round 2,qKCIZyiqjbc,https://www.youtube.com/watch?v=qKCIZyiqjbc,Wallabies,UC4Y6lpmGz2rkbOVdrOhjgvQ,UgxTmmM5QMFWgmoEgfd4AaABAg,https://www.youtube.com/watch?v=qKCIZyiqjbc&lc=UgxTmmM5QMFWgmoEgfd4AaABAg,"In both games, Australia didnt score one single running try. All were pick and go, or rolling mall from a lineout. Where is the enterprise? The skill?",@flyinkiwi01,2026-07-23T00:00:00Z,0,
YT2000644,Manchester City vs Sunderland (2026 Premier League),Football,,EXTENDED HIGHLIGHTS | Man City 5-3 Sunderland | A Premier League Classic at the Etihad!,dVFiXhUKXmI,https://www.youtube.com/watch?v=dVFiXhUKXmI,Man City,UCkzCjdRMrW2vXLx8mvPVLdQ,Ugw7vlGBhfMCNjTzw0Z4AaABAg,https://www.youtube.com/watch?v=dVFiXhUKXmI&lc=Ugw7vlGBhfMCNjTzw0Z4AaABAg,We love you boys 🩵🩵🩵,@DuffyDeep,2026-09-22T13:08:00Z,0,
YT2000645,"Afghanistan vs India (2026 T20I Series, Match 3)",Cricket,,Full Match Highlights | Afghanistan vs India | Match 03 | T20I Series 2026 | ACB | M9N1J,TapC28fhANQ,https://www.youtube.com/watch?v=TapC28fhANQ,Sports Central by DRM,UC-fzWbU1zavz77kP1gPPdSg,Ugy6ZgLVu93sh8UT4ad4AaABAg,https://www.youtube.com/watch?v=TapC28fhANQ&lc=Ugy6ZgLVu93sh8UT4ad4AaABAg,intro,@AbhahekCatal,2026-09-20T00:00:00Z,0,
YT2000646,Carlos Alcaraz vs Jannik Sinner (2026 Monte-Carlo Final),Tennis,,Carlos Alcaraz vs Jannik Sinner FIRST Final of 2026 🔥 | Monte-Carlo 2026 Final Highlights,dQUKOY8D3IE,https://www.youtube.com/watch?v=dQUKOY8D3IE,Tennis TV,UCbcxFkd6B9xUU54InHv4Tig,UgzHjzwL5VFNSPQPyX14AaABAg,https://www.youtube.com/watch?v=dQUKOY8D3IE&lc=UgzHjzwL5VFNSPQPyX14AaABAg,così tutti quelli che dicevano che Alcaraz e più forte sulla terra sono serviti.........quel rolland garros non la vinto Alcaraz ma lo ha perso sinner.......🎾🦊🥕🇮🇹💪😀,@massimoemma6617,2026-08-23T00:00:00Z,0,
YT2000647,2026 Canadian Grand Prix,Formula 1,2026-05-24,Fans React to the 2026 Canadian Grand Prix,MfGFEzeee54,https://www.youtube.com/watch?v=MfGFEzeee54,Kr1s,UCz-llHGeBJB06SA6g-Q_JKA,Ugx0Mut8oUPHrDlra8F4AaABAg,https://www.youtube.com/watch?v=MfGFEzeee54&lc=Ugx0Mut8oUPHrDlra8F4AaABAg,"Imagine a 7-YEARS old Russell in Mercedes challenging a 1-year old Kimi Anthony in the same car..
Goes to show just how incompetent Russell is loosing to a Newbiee..
Russell has the looks but sadly he's brainless..!!
And he still demands the team to fully support him.",@MrSimonyong,2026-06-23T00:00:00Z,0,
YT2000648,Seattle Storm vs Golden State Valkyries (2026 WNBA),Basketball,2026-09-19,"Seattle Storm vs. Golden State Valkyries | FULL GAME HIGHLIGHTS | September 19, 2026",o8UOT-qXhs8,https://www.youtube.com/watch?v=o8UOT-qXhs8,WNBA,UCO9a_ryN_l7DIDS-VIt-zmw,UgwYrM8XmIg4wxgRDhx4AaABAg,https://www.youtube.com/watch?v=o8UOT-qXhs8&lc=UgwYrM8XmIg4wxgRDhx4AaABAg,"Storm, don’t you guys know how to play basketball anymore? Can’t you even win a game?",@fibau16-zf9pw,2026-09-22T00:00:00Z,0,
YT2000649,2026 European Athletics Championships Day 6,Athletics,,Day Six Highlights | Birmingham 2026 European Athletics Championships,Pr8JLNyeRwU,https://www.youtube.com/watch?v=Pr8JLNyeRwU,European Athletics,UCp21zu_8Hd0w9HULooemRCA,Ugzoj9ttBOeImSBQb614AaABAg,https://www.youtube.com/watch?v=Pr8JLNyeRwU&lc=Ugzoj9ttBOeImSBQb614AaABAg,jaeger so strong,@Robzabest25,2026-08-23T00:00:00Z,1,
YT2000650,Lakshya Sen vs Lin Chun-Yi (2026 All England Open),Badminton,,YONEX All England Open 2026 | Lakshya Sen (IND) vs Lin Chun-Yi (TPE) | F,7Q5JTy88JfQ,https://www.youtube.com/watch?v=7Q5JTy88JfQ,BWF TV,UChh-akEbUM8_6ghGVnJd6cQ,Ugz8NByCdw_PnemlcIV4AaABAg,https://www.youtube.com/watch?v=7Q5JTy88JfQ&lc=Ugz8NByCdw_PnemlcIV4AaABAg,1:12:45 viva la vida playing in the background 🤣🤣,@ca_and_11th_guide,2026-08-23T00:00:00Z,0,
YT2000651,Slovakia vs Czechia (2026 IIHF Men’s World Championship),Hockey,,Highlights: Slovakia vs Czechia | 2026 #MensWorlds,i9HSH4dvZg8,https://www.youtube.com/watch?v=i9HSH4dvZg8,IIHF,UCtmgna7qB0oQF2oOcVgndbw,UgwAuYFfF-yfT7WmCcN4AaABAg,https://www.youtube.com/watch?v=i9HSH4dvZg8&lc=UgwAuYFfF-yfT7WmCcN4AaABAg,1000th comment,@Cubayz,2026-06-23T00:00:00Z,1,
YT2000652,Bam Rodriguez vs Vargas (2026 Boxing),Boxing,,Bam Rodriguez Knocks Out Vargas To Become Three-Weight World Champ | Matchroom Boxing,5i51aZYjocM,https://www.youtube.com/watch?v=5i51aZYjocM,Matchroom Boxing,UC7LReVje9aPB4B6XAsXX8WQ,UgyYCQAtCMZks71Qu2x4AaABAg,https://www.youtube.com/watch?v=5i51aZYjocM&lc=UgyYCQAtCMZks71Qu2x4AaABAg,Bam has weak defence Inoue will destroy him dont put both into the ring is cheat,@DennisGateOfficialTV,2026-06-23T00:00:00Z,0,
YT2000653,ONE Friday Fights 169,MMA,,ONE Friday Fights 169 Highlights 💥🥊,RwqvQX9iDJE,https://www.youtube.com/watch?v=RwqvQX9iDJE,ONE Championship,UCiormkBf3jm6mfb7k0yPbKA,UgzIQQ9LkCEb2RfC2I14AaABAg,https://www.youtube.com/watch?v=RwqvQX9iDJE&lc=UgzIQQ9LkCEb2RfC2I14AaABAg,Id suggest people watch the full fights. They were all really entertaining fights.,@GonzoDonzo,2026-09-09T00:00:00Z,1,
YT2000654,2026 BMW PGA Championship Final Round,Golf,,Final Round DRAMA at Wentworth | 2026 BMW PGA Championship,fJWYN9Sk7wo,https://www.youtube.com/watch?v=fJWYN9Sk7wo,DP World Tour,UCvZwbZt6YZQ4wj_7qyjPDZw,UgzP60dn-5a7GoXGNfd4AaABAg,https://www.youtube.com/watch?v=fJWYN9Sk7wo&lc=UgzP60dn-5a7GoXGNfd4AaABAg,Congratulações JJ🎉,@DaviRibeiropo2vw07,2026-09-21T19:00:00Z,1,
YT2000655,2026 Green Mountain Championship,Disc Golf,,Final Round Highlights | MPO | 2026 Green Mountain Championship,UoebFpL95VE,https://www.youtube.com/watch?v=UoebFpL95VE,Disc Golf Pro Tour,UCw0WzNn6m2Na6ZW7rKqWI3g,UgxWP08iCrNEh1D8ci54AaABAg,https://www.youtube.com/watch?v=UoebFpL95VE&lc=UgxWP08iCrNEh1D8ci54AaABAg,"""it's tracking the pin""... ugh. this guy is disc golfs chris collinsworth. ""Now here's a guy""... can we get some new blood in this announcer booths?",@FontMasterFlex,2026-09-22T00:00:00Z,11,
YT2000656,Japan vs Iran (2026 AVC Men’s Continental Championship Final),Volleyball,,Japan 🇯🇵 vs. Iran 🇮🇷 - Final | AVC Men's Continental Championships 2026 | Gold Match Highlights,a0iA57_4oCw,https://www.youtube.com/watch?v=a0iA57_4oCw,Volleyball World,UCNMg6XDhRZI2QzL4pWOvP_w,UgwoC1mCEoxpaMIYUn94AaABAg,https://www.youtube.com/watch?v=a0iA57_4oCw&lc=UgwoC1mCEoxpaMIYUn94AaABAg,Anyone who feel in love with volleyball after Haikyuu? Anyone? Anyone?,@shan_humtsoe,2026-09-21T00:00:00Z,3,
YT2000657,All Blacks vs Lions (2026 Rugby),Rugby,,"MINI MATCH | All Blacks v Lions | Johannesburg, 2026",6MbNY6WCctU,https://www.youtube.com/watch?v=6MbNY6WCctU,All Blacks,UCsAPiUMyBjtKamxYGbSUnLA,Ugw21ZbNjscvRLa_LGR4AaABAg,https://www.youtube.com/watch?v=6MbNY6WCctU&lc=Ugw21ZbNjscvRLa_LGR4AaABAg,IRico is so fast,@LloydOConnor-d1l,2026-09-02T00:00:00Z,0,
YT2000658,Brentford vs Chelsea (2026 Premier League),Football,2026-09-18,Brentford 3-0 Chelsea | HIGHLIGHTS | Premier League 2026/27,gwrydB4FO_Y,https://www.youtube.com/watch?v=gwrydB4FO_Y,Chelsea Football Club,UCU2PacFf99vhb3hNiYDmxww,UgzNX3UcukvP5KVo8fJ4AaABAg,https://www.youtube.com/watch?v=gwrydB4FO_Y&lc=UgzNX3UcukvP5KVo8fJ4AaABAg,"Nothing a keeper can do about! Dont blame emi, blame the defense line n the slow midfielders, too lazy to run 🏃",@TheNightmarepaotan,2026-09-21T19:00:00Z,0,
YT2000659,"Afghanistan vs India (2026 T20I Series, Match 2)",Cricket,,Full Match Highlights | Afghanistan vs India | Match 02 | T20I Series 2026 | ACB | M9N1J,svAuradtMZw,https://www.youtube.com/watch?v=svAuradtMZw,Sports Central by DRM,UC-fzWbU1zavz77kP1gPPdSg,UgwpYWJZ8edWYdVx2Ep4AaABAg,https://www.youtube.com/watch?v=svAuradtMZw&lc=UgwpYWJZ8edWYdVx2Ep4AaABAg,11:35 shot reminding me of kohli🥲,@touhidalhasan1335,2026-09-17T00:00:00Z,0,
YT2000660,Andrey Rublev vs Arthur Fils (2026 Barcelona Final),Tennis,,Andrey Rublev vs Arthur Fils for the Title! 🏆 | Barcelona 2026 Final Highlights,ugTb7lPGgI8,https://www.youtube.com/watch?v=ugTb7lPGgI8,Tennis TV,UCbcxFkd6B9xUU54InHv4Tig,UgybMu5Iu4MbketMyPt4AaABAg,https://www.youtube.com/watch?v=ugTb7lPGgI8&lc=UgybMu5Iu4MbketMyPt4AaABAg,ㅋㅋㅋ 둘이 제대로 맞짱 떳구만,@Baurian,2026-07-23T00:00:00Z,0,
YT2000661,2026 Barcelona-Catalunya Grand Prix,Formula 1,2026-06-14,Our 2026 Barcelona-Catalunya Grand Prix Race Review,0jVk2QviEog,https://www.youtube.com/watch?v=0jVk2QviEog,P1 with Matt & Tommy,UCD5jAyCSDRR5yTgswfDbK8w,UgxspjzqMqXeADTOmz94AaABAg,https://www.youtube.com/watch?v=0jVk2QviEog&lc=UgxspjzqMqXeADTOmz94AaABAg,I can see the smoke coming out of Matt's ears.,@marcusmccall8896,2026-06-23T00:00:00Z,0,
YT2000662,Phoenix Mercury vs Portland Fire (2026 WNBA),Basketball,2026-09-17,"Phoenix Mercury vs. Portland Fire | FULL GAME HIGHLIGHTS | September 17, 2026",HkKKiotHvyI,https://www.youtube.com/watch?v=HkKKiotHvyI,WNBA,UCO9a_ryN_l7DIDS-VIt-zmw,UgxBj1LIdZ4pbL-ZqpR4AaABAg,https://www.youtube.com/watch?v=HkKKiotHvyI&lc=UgxBj1LIdZ4pbL-ZqpR4AaABAg,"Engstler has to be in the ""Most Improved Player"" conversation!",@clayanderson4058,2026-09-20T00:00:00Z,7,
YT2000663,2026 European Athletics Championships Day 7,Athletics,,Day Seven Highlights | Birmingham 2026 European Athletics Championships,GK-bVPxtpxY,https://www.youtube.com/watch?v=GK-bVPxtpxY,European Athletics,UCp21zu_8Hd0w9HULooemRCA,UgxZI6xde-u8APg58vh4AaABAg,https://www.youtube.com/watch?v=GK-bVPxtpxY&lc=UgxZI6xde-u8APg58vh4AaABAg,why are  the Israelis competing in European competition?,@JamesCassidy1959,2026-08-23T00:00:00Z,0,
YT2000664,China vs France (2026 BWF Thomas Cup Final),Badminton,,BWF Thomas Cup Finals 2026 | China vs France | Final,X-Swcau8laI,https://www.youtube.com/watch?v=X-Swcau8laI,BWF TV,UChh-akEbUM8_6ghGVnJd6cQ,Ugz3xPvT9GekMbWomHB4AaABAg,https://www.youtube.com/watch?v=X-Swcau8laI&lc=Ugz3xPvT9GekMbWomHB4AaABAg,巧合还是天意？第一局和第三局都是以1比6 落后却能扭转乾坤反败为胜！,@yeohwengkim1555,2026-06-23T00:00:00Z,0,
YT2000665,Finland vs USA (2026 IIHF Men’s World Championship),Hockey,,Highlights: Finland vs USA | 2026 #MensWorlds,5Z4XRREGbmU,https://www.youtube.com/watch?v=5Z4XRREGbmU,IIHF,UCtmgna7qB0oQF2oOcVgndbw,UgxIdRrpy76AZKFieJ14AaABAg,https://www.youtube.com/watch?v=5Z4XRREGbmU&lc=UgxIdRrpy76AZKFieJ14AaABAg,Hyvä suomi!!!!,@FINSTREAM,2026-06-23T00:00:00Z,0,
YT2000666,Raymond Muratalla vs Andy Cruz (2026 Boxing),Boxing,,Raymond Muratalla Retains World Title vs Andy Cruz | Highlights | Matchroom,5gddebIxomA,https://www.youtube.com/watch?v=5gddebIxomA,Matchroom Boxing,UC7LReVje9aPB4B6XAsXX8WQ,UgzfS9sqBM9TRm0TjIR4AaABAg,https://www.youtube.com/watch?v=5gddebIxomA&lc=UgzfS9sqBM9TRm0TjIR4AaABAg,They fight the same 😮,@Ronnell-e1r,2026-03-23T00:00:00Z,0,
YT2000667,Joshua Pacio vs Mansur Malachiev (ONE Championship),MMA,,Wushu Meets Dagestani Wrestling ⚔️ Joshua Pacio 🇵🇭 vs. Mansur Malachiev 🇷🇺 | MMA Full Fight,fW2PNH4L-DU,https://www.youtube.com/watch?v=fW2PNH4L-DU,ONE Championship,UCiormkBf3jm6mfb7k0yPbKA,UgwwnSbfdZnlbdeQxsB4AaABAg,https://www.youtube.com/watch?v=fW2PNH4L-DU&lc=UgwwnSbfdZnlbdeQxsB4AaABAg,BOTH STRONG BROTHERS,@tambayxnicotine,2026-09-09T00:00:00Z,1,
YT2000668,2026 BMW PGA Championship,Golf,,Round 4 Highlights | 2026 BMW PGA Championship,gQZomCyCWuw,https://www.youtube.com/watch?v=gQZomCyCWuw,DP World Tour,UCvZwbZt6YZQ4wj_7qyjPDZw,Ugxs5d82nBlQ2I8mS914AaABAg,https://www.youtube.com/watch?v=gQZomCyCWuw&lc=Ugxs5d82nBlQ2I8mS914AaABAg,JJ is one hell of a player and competitor. Surely he should be a shoe-in for any American team event given his impressive performance in the Ryder cup and also being a major winner...,@robday3968,2026-09-22T00:00:00Z,1,
YT2000669,2026 Green Mountain Championship,Disc Golf,,Final Round Highlights | MPO | 2026 Green Mountain Championship,UoebFpL95VE,https://www.youtube.com/watch?v=UoebFpL95VE,Disc Golf Pro Tour,UCw0WzNn6m2Na6ZW7rKqWI3g,Ugz1yu9q-Yi3Q3VHqsR4AaABAg,https://www.youtube.com/watch?v=UoebFpL95VE&lc=Ugz1yu9q-Yi3Q3VHqsR4AaABAg,Gannon had second basically locked up so why not...SEND IT,@weltwelt5993,2026-09-22T00:00:00Z,28,
YT2000670,Slovenia vs Serbia (2026 CEV EuroVolley),Volleyball,,Highlights | SLOVENIA vs. SERBIA | CEV Enel EuroVolley 2026 Men | Eight Finals,4OR3mlRfFDU,https://www.youtube.com/watch?v=4OR3mlRfFDU,European Volleyball,UC8XRC858pOERvclUDb_d7rg,Ugyu1THe1rRygpC32dt4AaABAg,https://www.youtube.com/watch?v=4OR3mlRfFDU&lc=Ugyu1THe1rRygpC32dt4AaABAg,Myślę że odbudowa wielkiej siatkówki w Serbii jest tylko kwestią czasu. Choć przyznam że jej obecny stan jest szokujący jak na legendę jaką dalej jest. Piszę to jako polski kibic.,@cypriantomaszkolendo3992,2026-09-22T07:00:00Z,0,
YT2000671,Springboks vs England (2026 Rugby),Rugby,2026-07-04,Springboks v England at Ellis Park | Extended Highlights | 4 July 2026,hS3CsahX3Kc,https://www.youtube.com/watch?v=hS3CsahX3Kc,Official Springbok YouTube,UCVI5iqtQOsWZwtAg1o3SIAQ,UgycdzoqJ6ymw6RdjjN4AaABAg,https://www.youtube.com/watch?v=hS3CsahX3Kc&lc=UgycdzoqJ6ymw6RdjjN4AaABAg,Scotland 4 tries South Africa 6 tries❤,@Dishfire101,2026-08-23T00:00:00Z,0,
YT2000672,2026 UEFA Champions League Matchday 1,Football,,EVERY Champions League Goal From Matchday 1 | Highlights,DLOUfAVwuXA,https://www.youtube.com/watch?v=DLOUfAVwuXA,UEFA,UCyGa1YEx9ST66rYrJTGIKOw,Ugy2fGgP8hoTMgxGg-B4AaABAg,https://www.youtube.com/watch?v=DLOUfAVwuXA&lc=Ugy2fGgP8hoTMgxGg-B4AaABAg,City are bouta be dangerous when stuff starts clicking for the young players,@Sperry778,2026-09-20T00:00:00Z,0,
YT2000673,India vs Pakistan (2026 Asia Cup Final),Cricket,,India VS Pakistan Extended Highlights | Asia Cup Final | Channel 9 Sports,GFj5cfzYoEQ,https://www.youtube.com/watch?v=GFj5cfzYoEQ,Channel Nine Sports,UCyDQWHMFMoNVDrdw7Y7jAZQ,UgxUGDk_ZZZMwnLwPDt4AaABAg,https://www.youtube.com/watch?v=GFj5cfzYoEQ&lc=UgxUGDk_ZZZMwnLwPDt4AaABAg,Hindustan 🇮🇳🇮🇳🇮🇳🇮🇳 best👍 team,@vaibhavdeogurjar,2026-09-11T00:00:00Z,0,
YT2000674,Jannik Sinner vs Arthur Fils (2026 Madrid Semifinal),Tennis,,Jannik Sinner vs Arthur Fils For A Place In The Final! | Madrid 2026 Highlights,-7V1paGhbiY,https://www.youtube.com/watch?v=-7V1paGhbiY,Tennis TV,UCbcxFkd6B9xUU54InHv4Tig,UgxzXMtiq1gMviTfqG94AaABAg,https://www.youtube.com/watch?v=-7V1paGhbiY&lc=UgxzXMtiq1gMviTfqG94AaABAg,"Basta. Mi son stufato dei tennisti che gridano. 😖 Silenzierò. Sempre. Peraltro è molto meglio: ti concentri solo su ciò che vedi, senza essere disturbato da rantoli  vari e applausi, nonché dai commenti degli speaker, quasi sempre inutili.",@cartulio,2026-08-23T00:00:00Z,0,
YT2000675,2026 Australian Grand Prix,Formula 1,2026-03-08,Fans React to the 2026 Australian Grand Prix,uvMholf0zLI,https://www.youtube.com/watch?v=uvMholf0zLI,Kr1s,UCz-llHGeBJB06SA6g-Q_JKA,Ugw66lgLlO4SLIKwtX54AaABAg,https://www.youtube.com/watch?v=uvMholf0zLI&lc=Ugw66lgLlO4SLIKwtX54AaABAg,"As a Merc/ Kimi fan... this is going to be a fun year, at laughing at these pikers. 😆",@arkangelarkangel1302,2026-03-23T00:00:00Z,0,
YT2000676,2025-26 EuroLeague Season Plays,Basketball,,Top 10 PLAYS of the Season | EuroLeague Basketball 2025-26,Gnq_Nhv-ZAM,https://www.youtube.com/watch?v=Gnq_Nhv-ZAM,EUROLEAGUE BASKETBALL,UCGr3nR_XH9r6E5b09ZJAT9w,UgzXsyglUg8vYSyzph94AaABAg,https://www.youtube.com/watch?v=Gnq_Nhv-ZAM&lc=UgzXsyglUg8vYSyzph94AaABAg,Radovic's call on Campazzo's clear steal should be 1st :D,@yaltay,2026-07-23T00:00:00Z,2,
YT2000677,2026 European Athletics Championships Men’s 100m,Athletics,,"EVERY RACE - Men's 100m European Athletics Championships 2026 | Heats, Semi finals and Final",4bLPTpMw99E,https://www.youtube.com/watch?v=4bLPTpMw99E,European Athletics,UCp21zu_8Hd0w9HULooemRCA,Ugw6Ez-_FdOQIqAbcv14AaABAg,https://www.youtube.com/watch?v=4bLPTpMw99E&lc=Ugw6Ez-_FdOQIqAbcv14AaABAg,Hahaha his hamstring didn’t go he’s always slow and heavy out of the blocks and normally excels in the second half he fakes the injury because the Brit’s just blew him away,@KhanGhengis,2026-09-13T00:00:00Z,3,
YT2000678,Alex Lanier vs Kunlavut Vitidsarn (2026 BWF World Championships),Badminton,,Alex Lanier vs Kunlavut Vitidsarn | Pressure points and momentum swings,06FN__FMaUc,https://www.youtube.com/watch?v=06FN__FMaUc,BWF TV,UChh-akEbUM8_6ghGVnJd6cQ,UgyYdy9pvgTILlSZttx4AaABAg,https://www.youtube.com/watch?v=06FN__FMaUc&lc=UgyYdy9pvgTILlSZttx4AaABAg,It seems slightly sped up,@colinm8511,2026-08-23T00:00:00Z,0,
YT2000679,2026 Stanley Cup Final,Hockey,,Best Goals from the 2026 Stanley Cup Final,E4UXPDyRwgQ,https://www.youtube.com/watch?v=E4UXPDyRwgQ,NHL,UCqFMzb-4AUf6WAIbl132QKA,UgxGFegQ2sKSGyEErOV4AaABAg,https://www.youtube.com/watch?v=E4UXPDyRwgQ&lc=UgxGFegQ2sKSGyEErOV4AaABAg,no need to watch past 25 seconds,@Lozuke,2026-06-23T00:00:00Z,0,
YT2000680,Abdullah Mason vs Ornelas (2026 Boxing),Boxing,,Abdullah Mason DROPS Ornelas Repeatedly in Brutal Win,d6A3cVkIKGc,https://www.youtube.com/watch?v=d6A3cVkIKGc,Top Rank Boxing,UCbzRzJNHx7ZLlJML9BjZQVQ,UgzwWztX7WVlGoYTPvZ4AaABAg,https://www.youtube.com/watch?v=d6A3cVkIKGc&lc=UgzwWztX7WVlGoYTPvZ4AaABAg,Manson u did well,@janetdabarechi2005,2026-07-23T00:00:00Z,0,
YT2000681,Amru Magomedov vs Angel Alvarez (2026 PFL New York),MMA,,A DESTRUCTIVE DISPLAY! | Amru Magomedov v Angel Alvarez - Fight Highlights | PFL New York,MazPHXIWMVk,https://www.youtube.com/watch?v=MazPHXIWMVk,PFL MMA,UCPrONRG9hO1f-OrxW-WH-xg,Ugzmdar2tsa3SeWtTKh4AaABAg,https://www.youtube.com/watch?v=MazPHXIWMVk&lc=Ugzmdar2tsa3SeWtTKh4AaABAg,He was just playing with him in the end.,@TheHendyShow,2026-08-23T00:00:00Z,0,
YT2000682,2026 BMW PGA Championship Final Round,Golf,,Final Round DRAMA at Wentworth | 2026 BMW PGA Championship,fJWYN9Sk7wo,https://www.youtube.com/watch?v=fJWYN9Sk7wo,DP World Tour,UCvZwbZt6YZQ4wj_7qyjPDZw,UgxcxQifxo66Vgx0MXl4AaABAg,https://www.youtube.com/watch?v=fJWYN9Sk7wo&lc=UgxcxQifxo66Vgx0MXl4AaABAg,Can't believe Elvira laid up,@RoussosV,2026-09-21T19:00:00Z,1,
YT2000683,2026 Green Mountain Championship,Disc Golf,,Final Round Highlights | MPO | 2026 Green Mountain Championship,UoebFpL95VE,https://www.youtube.com/watch?v=UoebFpL95VE,Disc Golf Pro Tour,UCw0WzNn6m2Na6ZW7rKqWI3g,UgwAyLqeOziRhZ_jJzd4AaABAg,https://www.youtube.com/watch?v=UoebFpL95VE&lc=UgwAyLqeOziRhZ_jJzd4AaABAg,"Well played, young man!! 👏",@danpaskin2583,2026-09-22T00:00:00Z,0,
YT2000684,Japan vs USA (2026 Men’s VNL Semifinal),Volleyball,,Japan 🇯🇵 vs. USA 🇺🇸 - Semi Final | Highlights | Men's VNL 2026,Cvj9Q6fYu3s,https://www.youtube.com/watch?v=Cvj9Q6fYu3s,Volleyball World,UCNMg6XDhRZI2QzL4pWOvP_w,UgzmR201uAzwJ8ttZJh4AaABAg,https://www.youtube.com/watch?v=Cvj9Q6fYu3s&lc=UgzmR201uAzwJ8ttZJh4AaABAg,Usa🎉🎉🎉,@monstergaming3052,2026-09-09T00:00:00Z,1,
YT2000685,Hurricanes vs Blues (2026 Super Rugby Pacific),Rugby,,HURRICANES v BLUES | Rd 9 Highlights | Super Rugby Pacific 2026,TLq0hc3Oxtg,https://www.youtube.com/watch?v=TLq0hc3Oxtg,Super Rugby Pacific,UCDOGExGCsrrt_RrGDgLuMww,UgxIpZlUCu1C5g1vItF4AaABAg,https://www.youtube.com/watch?v=TLq0hc3Oxtg&lc=UgxIpZlUCu1C5g1vItF4AaABAg,Aumua looked like he lost control of the ball before the line with his try.. separates from his hand.,@YeahNah-g7f,2026-04-23T00:00:00Z,0,
YT2000686,Barcelona vs Feyenoord (2026 UEFA Champions League),Football,,Barcelona vs. Feyenoord: Extended Highlights | UCL League Phase MD 1 | CBS Sports Golazo,kPdMCaxCNJQ,https://www.youtube.com/watch?v=kPdMCaxCNJQ,CBS Sports Golazo,UCET00YnetHT7tOpu12v8jxg,UgywTRq9NOj0LYma-CB4AaABAg,https://www.youtube.com/watch?v=kPdMCaxCNJQ&lc=UgywTRq9NOj0LYma-CB4AaABAg,Lamal -commentator,@Roberto-u9e8o,2026-09-17T00:00:00Z,0,
YT2000687,India vs Japan (2026 T20I),Cricket,,India vs Japan T20 Match Full Highlights 2026 | India vs Japan Highlights,AcDMlgbrcK4,https://www.youtube.com/watch?v=AcDMlgbrcK4,Cricket Expert,UCWSCF-pqjmfIM4Dmxwh0ViQ,UgzK5BDNIqDX80Co8vR4AaABAg,https://www.youtube.com/watch?v=AcDMlgbrcK4&lc=UgzK5BDNIqDX80Co8vR4AaABAg,Japan ❤❤❤❤❤,@nadeeshiroshana3361,2026-09-22T13:00:00Z,0,
YT2000688,Ben Shelton vs Brandon Nakashima (2026 Montreal Final),Tennis,,Ben Shelton vs Brandon Nakashima Title Battle 🏆 | Montreal 2026 Final Highlights,dvynMKs124E,https://www.youtube.com/watch?v=dvynMKs124E,Tennis TV,UCbcxFkd6B9xUU54InHv4Tig,UgyaTmHGPvxm_7xTUYp4AaABAg,https://www.youtube.com/watch?v=dvynMKs124E&lc=UgyaTmHGPvxm_7xTUYp4AaABAg,"""the doublé canadienne""",@samanderson1142,2026-08-23T00:00:00Z,0,
YT2000689,2026 Italian Grand Prix,Formula 1,2026-09-06,Fans React to the 2026 Italian Grand Prix,ah1bbvzWhPE,https://www.youtube.com/watch?v=ah1bbvzWhPE,Kr1s,UCz-llHGeBJB06SA6g-Q_JKA,UgwlktQO3Un4AgVSb714AaABAg,https://www.youtube.com/watch?v=ah1bbvzWhPE&lc=UgwlktQO3Un4AgVSb714AaABAg,Leclerc cementing himself as a driver of all time 🔥🔥🔥,@Random-q9d,2026-09-12T00:00:00Z,0,
YT2000690,Real Madrid vs Olympiacos (2026 EuroLeague SuperCup),Basketball,,A FINAL TO REMEMBER! | Real Madrid vs Olympiacos | Euroleague Basketball SuperCup,AEqOzTt3y0o,https://www.youtube.com/watch?v=AEqOzTt3y0o,EUROLEAGUE BASKETBALL,UCGr3nR_XH9r6E5b09ZJAT9w,Ugw5ARZwg2EQEk3uS0x4AaABAg,https://www.youtube.com/watch?v=AEqOzTt3y0o&lc=Ugw5ARZwg2EQEk3uS0x4AaABAg,Campasso is lethal,@victorogembo7381,2026-09-21T17:00:00Z,1,
YT2000691,"Italy Gold Highlights, 2026 European Athletics Championships",Athletics,,ITALIA 🇮🇹 Every Gold Highlights | Birmingham 2026 European Athletics Championships,YKRgXPIqK7s,https://www.youtube.com/watch?v=YKRgXPIqK7s,European Athletics,UCp21zu_8Hd0w9HULooemRCA,Ugz9jT6W1ao8zSIVW2t4AaABAg,https://www.youtube.com/watch?v=YKRgXPIqK7s&lc=Ugz9jT6W1ao8zSIVW2t4AaABAg,"Missing what would have been obvious medals, like Jacobs... Impressive from Italy!",@OfficialAnarchyz,2026-09-02T00:00:00Z,4,
YT2000692,An Se Young vs Akane Yamaguchi (2026 BWF World Championships),Badminton,,An Se Young vs Akane Yamaguchi | A clash of champions,49OglwaWp_Y,https://www.youtube.com/watch?v=49OglwaWp_Y,BWF TV,UChh-akEbUM8_6ghGVnJd6cQ,Ugw9EGtDFG-VC5xsIpd4AaABAg,https://www.youtube.com/watch?v=49OglwaWp_Y&lc=Ugw9EGtDFG-VC5xsIpd4AaABAg,An Se Young has the physique of superwoman. There will be a very long time to find some one close to her.,@donthesitatetolive,2026-08-26T00:00:00Z,3,
YT2000693,2026 Stanley Cup Final,Hockey,,EVERY GOAL from the 2026 Stanley Cup Final!,mlFpQC2i9Xw,https://www.youtube.com/watch?v=mlFpQC2i9Xw,NHL,UCqFMzb-4AUf6WAIbl132QKA,UgygOaB3nTsXFRNbxxJ4AaABAg,https://www.youtube.com/watch?v=mlFpQC2i9Xw&lc=UgygOaB3nTsXFRNbxxJ4AaABAg,First minute in the Stanley cup finals and this is the announcers reaction 0:07 how does he have a job,@Lofi_Dreamer,2026-08-23T00:00:00Z,0,
YT2000694,Legendary Boxing Fights Collection,Boxing,,"12 Hours of Legendary Fights | Mayweather, Ali, Inoue & More",4GCNfWec-30,https://www.youtube.com/watch?v=4GCNfWec-30,Top Rank Boxing,UCbzRzJNHx7ZLlJML9BjZQVQ,Ugznf0M7k_WWlDok4X14AaABAg,https://www.youtube.com/watch?v=4GCNfWec-30&lc=Ugznf0M7k_WWlDok4X14AaABAg,LUCKY PUNCH FOR THE SHOWMAN & A RUNNER NOT A BOXER CRAWFORD,@GradyseanBeja,2026-04-23T00:00:00Z,0,
YT2000695,Justin Clarke vs Abdoulaye Kane (2026 PFL Africa),MMA,,RUTHLESS Heavyweight Fight!! | Justin Clarke v Abdoulaye Kane | Full Fight | PFL Africa 1 2026,rAAW2ORZnwo,https://www.youtube.com/watch?v=rAAW2ORZnwo,PFL MMA,UCPrONRG9hO1f-OrxW-WH-xg,UgxTcz-3Im0uwiWv9yJ4AaABAg,https://www.youtube.com/watch?v=rAAW2ORZnwo&lc=UgxTcz-3Im0uwiWv9yJ4AaABAg,That was WILD!,@JustinBates-g7g,2026-05-23T00:00:00Z,0,
YT2000696,2026 BMW PGA Championship,Golf,,Round 4 Highlights | 2026 BMW PGA Championship,gQZomCyCWuw,https://www.youtube.com/watch?v=gQZomCyCWuw,DP World Tour,UCvZwbZt6YZQ4wj_7qyjPDZw,Ugw28z5jTyh7XTnPGCJ4AaABAg,https://www.youtube.com/watch?v=gQZomCyCWuw&lc=Ugw28z5jTyh7XTnPGCJ4AaABAg,"Rubbish highlights, what a joke",@nickkay3829,2026-09-22T00:00:00Z,1,
YT2000697,2026 Green Mountain Championship,Disc Golf,,Final Round Highlights | MPO | 2026 Green Mountain Championship,UoebFpL95VE,https://www.youtube.com/watch?v=UoebFpL95VE,Disc Golf Pro Tour,UCw0WzNn6m2Na6ZW7rKqWI3g,Ugz8fQ4dk96Cxs9kN654AaABAg,https://www.youtube.com/watch?v=UoebFpL95VE&lc=Ugz8fQ4dk96Cxs9kN654AaABAg,Lots of new winners this year on tour,@97V8,2026-09-22T00:00:00Z,1,
YT2000698,USA vs Poland (2026 Men’s VNL Final),Volleyball,,USA 🇺🇸 vs. Poland 🇵🇱 - Gold Match | Highlights | Men's VNL 2026 - Final,SAjrSUNCQbc,https://www.youtube.com/watch?v=SAjrSUNCQbc,Volleyball World,UCNMg6XDhRZI2QzL4pWOvP_w,UgytHo68wCiEMB9hrm14AaABAg,https://www.youtube.com/watch?v=SAjrSUNCQbc&lc=UgytHo68wCiEMB9hrm14AaABAg,Keren,@garihadiputra9951,2026-09-02T00:00:00Z,0,
YT2000699,South Africa vs New Zealand (2026 Rugby Test),Rugby,,SOUTH AFRICA v NEW ZEALAND | 4th Test Highlights | Rugby's Greatest Rivalry 2026,G3s7nFFiRyk,https://www.youtube.com/watch?v=G3s7nFFiRyk,SANZAAR TV,UCvMgypvk0d5P0K3F3bB19Eg,UgwKqev-ULSyK7Yu4_x4AaABAg,https://www.youtube.com/watch?v=G3s7nFFiRyk&lc=UgwKqev-ULSyK7Yu4_x4AaABAg,who will stop the Springboks? such an amazing team. i'm not sa.,@duncanfairbrother5209,2026-09-17T00:00:00Z,1,
YT2000700,Liverpool vs Atlético Madrid (2026 UEFA Champions League),Football,,Liverpool vs. Atlético Madrid: Extended Highlights | UCL League Phase MD 1 | CBS Sports Golazo,GRp9iiO-I3k,https://www.youtube.com/watch?v=GRp9iiO-I3k,CBS Sports Golazo,UCET00YnetHT7tOpu12v8jxg,UgxrSSNEv3B0MCdXE6h4AaABAg,https://www.youtube.com/watch?v=GRp9iiO-I3k&lc=UgxrSSNEv3B0MCdXE6h4AaABAg,Alexis scored against Argentina 😂,@adams3365,2026-09-13T00:00:00Z,0,
YT2000701,"Afghanistan vs India (2026 T20I Series, Match 3)",Cricket,,Match Highlights | Afghanistan vs India | Match 03 | T20I Series 2026 | ACB | M9N1J,CJU-fIbr8Vk,https://www.youtube.com/watch?v=CJU-fIbr8Vk,Sports Central by DRM,UC-fzWbU1zavz77kP1gPPdSg,UgygEazbZtIebE9ZZdt4AaABAg,https://www.youtube.com/watch?v=CJU-fIbr8Vk&lc=UgygEazbZtIebE9ZZdt4AaABAg,"Pin this comment 
Great match fixing because if Afghanistan won even a single match india will not allow them to play in the ipl and their home series in India 💯",@Anilxi,2026-09-19T00:00:00Z,0,
YT2000702,Taylor Fritz vs Rafael Jodar (2026 Washington Final),Tennis,,Taylor Fritz vs Rafael Jodar For The Washington Title 🏆 | 2026 Final Highlights,-4AXzTrC9Ls,https://www.youtube.com/watch?v=-4AXzTrC9Ls,Tennis TV,UCbcxFkd6B9xUU54InHv4Tig,Ugxv76KedDxRQyTeb814AaABAg,https://www.youtube.com/watch?v=-4AXzTrC9Ls&lc=Ugxv76KedDxRQyTeb814AaABAg,"I always want Fritz to do well, i'm looking forward to the open",@dedeye2000,2026-08-23T00:00:00Z,0,
YT2000703,2026 Chinese Grand Prix,Formula 1,2026-03-15,Fans React to the 2026 Chinese Grand Prix,77NaHUPQZto,https://www.youtube.com/watch?v=77NaHUPQZto,Kr1s,UCz-llHGeBJB06SA6g-Q_JKA,UgxsGagEym1Hn82JsVV4AaABAg,https://www.youtube.com/watch?v=77NaHUPQZto&lc=UgxsGagEym1Hn82JsVV4AaABAg,How did antonelli win in Monaco with Mercedes engine ben,@JayMarshallLUFC,2026-06-23T00:00:00Z,0,
YT2000704,Olympiacos vs Real Madrid (2026 EuroLeague SuperCup Final),Basketball,,OLYMPIACOS takes THE CROWN IN ATHENS | Olympiacos - Real Madrid | CHAMPIONSHIP GAME Highlights 2026,MDWcq_KCkzY,https://www.youtube.com/watch?v=MDWcq_KCkzY,EUROLEAGUE BASKETBALL,UCGr3nR_XH9r6E5b09ZJAT9w,Ugw5rF2R6HIwYTccAOF4AaABAg,https://www.youtube.com/watch?v=MDWcq_KCkzY&lc=Ugw5rF2R6HIwYTccAOF4AaABAg,"Madrid got robbed, and noone says it, LOL",@DIEGOF.L-h9x,2026-09-02T00:00:00Z,0,
YT2000705,2026 World Athletics Relays Gaborone,Athletics,,Top 10 Moments from the World Athletics Relays Gaborone 2026,6OeLLKS5EoA,https://www.youtube.com/watch?v=6OeLLKS5EoA,World Athletics,UCQk7fWv15ChjMJLCRVmtApw,UgwB89Bcga5DXrVCrcx4AaABAg,https://www.youtube.com/watch?v=6OeLLKS5EoA&lc=UgwB89Bcga5DXrVCrcx4AaABAg,あの瞬間の盛り上がりは忘れられません！,@ワオアリーナ365,2026-08-23T00:00:00Z,0,
YT2000706,Kim/Seo vs Chia/Soh (2026 BWF World Championships Semifinal),Badminton,,BWF World Championships 2026 | Kim/Seo (KOR) [1] vs Chia/Soh (MAS) [4] | SF,enONl4A9c5I,https://www.youtube.com/watch?v=enONl4A9c5I,BWF TV,UChh-akEbUM8_6ghGVnJd6cQ,UgzVhzzEpLOCUQnU9194AaABAg,https://www.youtube.com/watch?v=enONl4A9c5I&lc=UgzVhzzEpLOCUQnU9194AaABAg,Thật là xứng đáng,@qqqq-ly4wh,2026-09-02T00:00:00Z,1,
YT2000707,Carolina Hurricanes vs Vegas Golden Knights (2026 Stanley Cup Final Game 6),Hockey,2026-06-14,"Hurricanes vs. Golden Knights | NHL Playoff Highlights | Game 6 | June 14, 2026",3jbQ58HKtXA,https://www.youtube.com/watch?v=3jbQ58HKtXA,NHL,UCqFMzb-4AUf6WAIbl132QKA,Ugx7yBwNvoB3ccPDhH14AaABAg,https://www.youtube.com/watch?v=3jbQ58HKtXA&lc=Ugx7yBwNvoB3ccPDhH14AaABAg,"Hertl was close, he played an awesome game",@dernochjungenoergler,2026-08-26T00:00:00Z,0,
YT2000708,Teremoana vs Heavyweight Opponent (2026 Matchroom Boxing),Boxing,,Undefeated giant heavyweight Teremoana | Non-Stop KOs | Matchroom Boxing,Q0PKJmMaV_U,https://www.youtube.com/watch?v=Q0PKJmMaV_U,Matchroom Boxing,UC7LReVje9aPB4B6XAsXX8WQ,Ugw4-BMFA66F9psY1LF4AaABAg,https://www.youtube.com/watch?v=Q0PKJmMaV_U&lc=Ugw4-BMFA66F9psY1LF4AaABAg,"Light on his feet for a man that size, can crack.",@cacogenicist,2026-08-23T00:00:00Z,0,
YT2000709,2026 PFL Africa: Pretoria,MMA,,2026 PFL Africa: Pretoria | Full Event,P1eO07hMeSU,https://www.youtube.com/watch?v=P1eO07hMeSU,PFL MMA,UCPrONRG9hO1f-OrxW-WH-xg,Ugyp3q_pCdWnNZBPNeZ4AaABAg,https://www.youtube.com/watch?v=P1eO07hMeSU&lc=Ugyp3q_pCdWnNZBPNeZ4AaABAg,🇦🇴🇦🇴🇦🇴🇦🇴🇦🇴,@hossiluc,2026-04-23T00:00:00Z,0,
YT2000710,2026 BMW PGA Championship Final Round,Golf,,Final Round DRAMA at Wentworth | 2026 BMW PGA Championship,fJWYN9Sk7wo,https://www.youtube.com/watch?v=fJWYN9Sk7wo,DP World Tour,UCvZwbZt6YZQ4wj_7qyjPDZw,UgxuUcu9zvjSkg5-xrp4AaABAg,https://www.youtube.com/watch?v=fJWYN9Sk7wo&lc=UgxuUcu9zvjSkg5-xrp4AaABAg,"Curious title for the video. Not only is it grammatically offensive, but it makes no sense as Spaun is a major winner himself. 'Spaun prevails in highly competitive field' would have done just fine.",@thishex,2026-09-21T19:00:00Z,0,
YT2000711,2026 Green Mountain Championship,Disc Golf,,Final Round Highlights | MPO | 2026 Green Mountain Championship,UoebFpL95VE,https://www.youtube.com/watch?v=UoebFpL95VE,Disc Golf Pro Tour,UCw0WzNn6m2Na6ZW7rKqWI3g,UgysF49jrS1eNHGVGkR4AaABAg,https://www.youtube.com/watch?v=UoebFpL95VE&lc=UgysF49jrS1eNHGVGkR4AaABAg,MVP discs doing good this year!,@creatorTWin,2026-09-22T00:00:00Z,8,
YT2000712,Italy vs Denmark (2026 CEV EuroVolley),Volleyball,,Highlights | Italy vs. Denmark | CEV Enel EuroVolley 2026 Men | Eight Finals,JK_IC9hRAMg,https://www.youtube.com/watch?v=JK_IC9hRAMg,European Volleyball,UC8XRC858pOERvclUDb_d7rg,UgxOOprTxz_dXtyofHJ4AaABAg,https://www.youtube.com/watch?v=JK_IC9hRAMg&lc=UgxOOprTxz_dXtyofHJ4AaABAg,too easy....congrats guys!!,@dark.king88-x8s,2026-09-22T00:00:00Z,0,
YT2000713,England vs Fiji (2026 Nations Championship),Rugby,,England v Fiji highlights | 2026 Nations Championship,4tewDq2UAtI,https://www.youtube.com/watch?v=4tewDq2UAtI,England Rugby,UCmi7CahP3G3YySOAFOfSnkw,UgwCKfpYo1J8S5Mwrg94AaABAg,https://www.youtube.com/watch?v=4tewDq2UAtI&lc=UgwCKfpYo1J8S5Mwrg94AaABAg,Is this the nation’s championship or the u20 world cup?,@robertjan002,2026-07-23T00:00:00Z,1,
YT2000714,PSG vs Bayern Munich (2026 UEFA Champions League Semifinal),Football,,PSG vs. Bayern Munich: Extended Highlights | UCL Semifinals - Leg 1 | CBS Sports Golazo,JxzqIzEVQNE,https://www.youtube.com/watch?v=JxzqIzEVQNE,CBS Sports Golazo,UCET00YnetHT7tOpu12v8jxg,UgyrzJ0MZvt3_otYlTt4AaABAg,https://www.youtube.com/watch?v=JxzqIzEVQNE&lc=UgyrzJ0MZvt3_otYlTt4AaABAg,The energy and passion in this competition are unbelievable.,@WOWSPORTS365Sports,2026-08-23T00:00:00Z,0,
YT2000715,"Afghanistan vs India (2026 T20I Series, Match 3)",Cricket,,Full Match Highlights | Afghanistan vs India | Match 03 | T20I Series 2026 | ACB | M9N1J,TapC28fhANQ,https://www.youtube.com/watch?v=TapC28fhANQ,Sports Central by DRM,UC-fzWbU1zavz77kP1gPPdSg,Ugz-Oj-DVL8HKbMYrNN4AaABAg,https://www.youtube.com/watch?v=TapC28fhANQ&lc=Ugz-Oj-DVL8HKbMYrNN4AaABAg,3 direct hits in a single innings.... 😮😮😮😮😮,@dipubiswas8520,2026-09-20T00:00:00Z,1,
YT2000716,Tommy Paul vs Alexander Zverev (2026 Cincinnati),Tennis,,Tommy Paul Takes Down Top Seed Alexander Zverev | Cincinnati 2026 Highlights,Gko2ruOI7os,https://www.youtube.com/watch?v=Gko2ruOI7os,Tennis TV,UCbcxFkd6B9xUU54InHv4Tig,UgybtperxJ2DzvnIPOh4AaABAg,https://www.youtube.com/watch?v=Gko2ruOI7os&lc=UgybtperxJ2DzvnIPOh4AaABAg,You go Carolina,@ElizabethSassenberg,2026-08-23T00:00:00Z,0,
YT2000717,2026 Dutch Grand Prix,Formula 1,2026-08-23,Fans React to the 2026 Dutch Grand Prix,NyQ_Ukqyj1s,https://www.youtube.com/watch?v=NyQ_Ukqyj1s,Kr1s,UCz-llHGeBJB06SA6g-Q_JKA,UgzRe7J-1OE3bMy_D814AaABAg,https://www.youtube.com/watch?v=NyQ_Ukqyj1s&lc=UgzRe7J-1OE3bMy_D814AaABAg,"THE GLUE FACTORY NEVER DIES!!!!! Were McLaren huffing it too? Did they steal ""strategists"" from The Glue Factory with the fumes to huff?
Woody = Bottas
Sainz = Mad Lad Mazespin",@krisgordon3116,2026-09-02T00:00:00Z,0,
YT2000718,Zalgiris vs Olympiacos (2025-26 EuroLeague),Basketball,,DOUBLE-OVERTIME Drama in Kaunas | Zalgiris - Olympiacos | R29 BASKETBALL HIGHLIGHTS 2025-26,9V96SKrVgR0,https://www.youtube.com/watch?v=9V96SKrVgR0,EUROLEAGUE BASKETBALL,UCGr3nR_XH9r6E5b09ZJAT9w,Ugw5M4M_6jPOVBmxrYh4AaABAg,https://www.youtube.com/watch?v=9V96SKrVgR0&lc=Ugw5M4M_6jPOVBmxrYh4AaABAg,"💚🤍 Žalgiris 🏀 Kaunas 💪 LIETUVA 👍 
🇱🇹❤️🇺🇦",@ВасяИванов-э2ы,2026-03-23T00:00:00Z,5,
YT2000719,2026 World Athletics Ultimate Championship Day 1,Athletics,,Day 1 Full Highlights | World Athletics Ultimate Championship,yaw5_mUtsLE,https://www.youtube.com/watch?v=yaw5_mUtsLE,World Athletics,UCQk7fWv15ChjMJLCRVmtApw,UgwyAU8dyEKf1jJTHf94AaABAg,https://www.youtube.com/watch?v=yaw5_mUtsLE&lc=UgwyAU8dyEKf1jJTHf94AaABAg,We don't have a black person that can run the 5000m for us? Lol...sorry I'm competitive...I like to win.,@lodiedodie2336,2026-09-14T00:00:00Z,0,
YT2000720,Feng/Huang vs Gicquel/Delrue (2026 BWF World Championships Final),Badminton,,BWF World Championships 2026 | Feng/Huang (CHN) [1] vs Gicquel/Delrue (FRA) [5] | F,6ajzFh9bQmQ,https://www.youtube.com/watch?v=6ajzFh9bQmQ,BWF TV,UChh-akEbUM8_6ghGVnJd6cQ,UgwJDYU8uvWdEkc5Fyx4AaABAg,https://www.youtube.com/watch?v=6ajzFh9bQmQ&lc=UgwJDYU8uvWdEkc5Fyx4AaABAg,黄东萍是不是不舒服，中途出去了一下，脸色也有点苍白，是不是水土不服还是什么在。中国队的失误挺多的，黄东萍也经常后撤，挺被动的,@Mrkjking,2026-09-02T00:00:00Z,0,
YT2000721,Carolina Hurricanes vs Vegas Golden Knights (2026 Stanley Cup Final),Hockey,,The Wildest Stanley Cup Final in Years | Hurricanes vs. Golden Knights,ia_bIzb415w,https://www.youtube.com/watch?v=ia_bIzb415w,NHL,UCqFMzb-4AUf6WAIbl132QKA,UgyTSv4dKGURRfO0SUR4AaABAg,https://www.youtube.com/watch?v=ia_bIzb415w&lc=UgyTSv4dKGURRfO0SUR4AaABAg,Let's revisit this in one year - see how they did - again - year 9 under Rod the God!,@Lando-p9g,2026-09-11T00:00:00Z,0,
YT2000722,Rolly Romero vs Ryan Garcia (2026 Boxing),Boxing,,Fight Highlights | Rolly Romero Stuns Ryan Garcia | Matchroom Boxing,CWUVyUtDivQ,https://www.youtube.com/watch?v=CWUVyUtDivQ,Matchroom Boxing,UC7LReVje9aPB4B6XAsXX8WQ,Ugw_WtLd-O26Bh43Hgt4AaABAg,https://www.youtube.com/watch?v=CWUVyUtDivQ&lc=Ugw_WtLd-O26Bh43Hgt4AaABAg,Served a piece of that humble pie🥧,@RR-nl2ep,2026-08-23T00:00:00Z,0,
YT2000723,ONE Friday Fights 171,MMA,,ONE Friday Fights 171 | Explosive Highlights 🔥,dWNc1BdF9Mk,https://www.youtube.com/watch?v=dWNc1BdF9Mk,ONE Championship,UCiormkBf3jm6mfb7k0yPbKA,UgyA9qYBlA3R1uyNhll4AaABAg,https://www.youtube.com/watch?v=dWNc1BdF9Mk&lc=UgyA9qYBlA3R1uyNhll4AaABAg,Y la pelea de cynthia flores?,@GeraVf-om3ou,2026-09-20T00:00:00Z,0,
YT2000724,2026 BMW PGA Championship,Golf,,Round 4 Highlights | 2026 BMW PGA Championship,gQZomCyCWuw,https://www.youtube.com/watch?v=gQZomCyCWuw,DP World Tour,UCvZwbZt6YZQ4wj_7qyjPDZw,UgzxywfpZgYjE19CvHV4AaABAg,https://www.youtube.com/watch?v=gQZomCyCWuw&lc=UgzxywfpZgYjE19CvHV4AaABAg,WTG JJ!!!,@michaelzimmerman635,2026-09-22T00:00:00Z,1,
YT2000725,2026 Green Mountain Championship,Disc Golf,,Final Round Highlights | MPO | 2026 Green Mountain Championship,UoebFpL95VE,https://www.youtube.com/watch?v=UoebFpL95VE,Disc Golf Pro Tour,UCw0WzNn6m2Na6ZW7rKqWI3g,Ugx2ZIGXK9y7k2a2bCJ4AaABAg,https://www.youtube.com/watch?v=UoebFpL95VE&lc=Ugx2ZIGXK9y7k2a2bCJ4AaABAg,My guuy !!!! Such epicness !!! Stoked for you budd !!,@throwindyemz,2026-09-22T00:00:00Z,4,
YT2000726,Belgium vs Czechia (2026 CEV EuroVolley),Volleyball,,Highlights | BELGIUM vs. CZECHIA | CEV Enel EuroVolley 2026 Men | Eight Finals,PW7s66Q3ZPk,https://www.youtube.com/watch?v=PW7s66Q3ZPk,European Volleyball,UC8XRC858pOERvclUDb_d7rg,Ugz-lihQMYcl4yQCSFp4AaABAg,https://www.youtube.com/watch?v=PW7s66Q3ZPk&lc=Ugz-lihQMYcl4yQCSFp4AaABAg,Congrats Belgium! 🎉🎉🎉,@angelatanurdzic7508,2026-09-21T18:00:00Z,0,
YT2000727,Wallabies vs France (2026 Nations Championship),Rugby,,Wallabies v France Highlights | Nations Championship 2026 | Round 2,qKCIZyiqjbc,https://www.youtube.com/watch?v=qKCIZyiqjbc,Wallabies,UC4Y6lpmGz2rkbOVdrOhjgvQ,UgwdAIibripqxtTg_UV4AaABAg,https://www.youtube.com/watch?v=qKCIZyiqjbc&lc=UgwdAIibripqxtTg_UV4AaABAg,What the HELL has happened to Australia?????,@James-wl5ev,2026-07-23T00:00:00Z,0,
YT2000728,PSG vs Arsenal (2026 UEFA Champions League Final),Football,,PSG vs. Arsenal: Extended Highlights | UCL Final | CBS Sports Golazo,tRnJRQmVMTg,https://www.youtube.com/watch?v=tRnJRQmVMTg,CBS Sports Golazo,UCET00YnetHT7tOpu12v8jxg,Ugy3iOqg5RMcqTz_ubl4AaABAg,https://www.youtube.com/watch?v=tRnJRQmVMTg&lc=Ugy3iOqg5RMcqTz_ubl4AaABAg,Biggest mistake Arsenal did was not throwing everything at PSG after that goal. Bozos...,@beastmiester,2026-09-09T00:00:00Z,0,
YT2000729,"Afghanistan vs India (2026 T20I Series, Match 2)",Cricket,,Full Match Highlights | Afghanistan vs India | Match 02 | T20I Series 2026 | ACB | M9N1J,svAuradtMZw,https://www.youtube.com/watch?v=svAuradtMZw,Sports Central by DRM,UC-fzWbU1zavz77kP1gPPdSg,UgwoTMW-4PgqnlHAoIB4AaABAg,https://www.youtube.com/watch?v=svAuradtMZw&lc=UgwoTMW-4PgqnlHAoIB4AaABAg,Rashid,@FiazanKhan-love,2026-09-17T00:00:00Z,0,
YT2000730,Tommy Paul vs Roman Burruchaga (2026 Houston Final),Tennis,,Tommy Paul vs Roman Burruchaga For The Title 🏆 | Houston 2026 Final Highlights,YPJzLCm5qKI,https://www.youtube.com/watch?v=YPJzLCm5qKI,Tennis TV,UCbcxFkd6B9xUU54InHv4Tig,UgwjIUuyMEECShMZvD94AaABAg,https://www.youtube.com/watch?v=YPJzLCm5qKI&lc=UgwjIUuyMEECShMZvD94AaABAg,The background makes me feel like this match had happened in 2004 or 2005,@sarathbaby2353,2026-04-23T00:00:00Z,0,
YT2000731,2026 Barcelona-Catalunya Grand Prix,Formula 1,2026-06-14,Fans React to the 2026 Barcelona-Catalunya Grand Prix,thGDQT82t6c,https://www.youtube.com/watch?v=thGDQT82t6c,Kr1s,UCz-llHGeBJB06SA6g-Q_JKA,UgzrwxNkrJmhbstBEyN4AaABAg,https://www.youtube.com/watch?v=thGDQT82t6c&lc=UgzrwxNkrJmhbstBEyN4AaABAg,Man being an albon fan is rough,@allbossnessme2265,2026-06-23T00:00:00Z,0,
YT2000732,Dubai Basketball vs Real Madrid (2026 EuroLeague SuperCup),Basketball,,FROM 16 DOWN TO VICTORY! | Dubai Basketball vs Real Madrid | Euroleague Basketball SuperCup,hSAsSbKH7T8,https://www.youtube.com/watch?v=hSAsSbKH7T8,EUROLEAGUE BASKETBALL,UCGr3nR_XH9r6E5b09ZJAT9w,UgywMfr3R4ylP4dFYJd4AaABAg,https://www.youtube.com/watch?v=hSAsSbKH7T8&lc=UgywMfr3R4ylP4dFYJd4AaABAg,TLC ON FIRE,@Manuel-i7d9r,2026-09-20T00:00:00Z,1,
YT2000733,2026 European Athletics Championships Day 1,Athletics,,Day One Highlights | Birmingham 2026 European Athletics Championships,HBzZeY_kr_4,https://www.youtube.com/watch?v=HBzZeY_kr_4,European Athletics,UCp21zu_8Hd0w9HULooemRCA,UgzA6QxifZKkIQYlw-l4AaABAg,https://www.youtube.com/watch?v=HBzZeY_kr_4&lc=UgzA6QxifZKkIQYlw-l4AaABAg,"Israel, European Championships? You have to choose, are they in occupied Palestine or in Europe?",@CPIcensored,2026-08-23T00:00:00Z,0,
YT2000734,Kim/Seo vs Alfian/Fikri (2026 BWF World Championships),Badminton,,Kim/Seo vs Alfian/Fikri | Fast-paced exchanges keep you on the edge,BmNEKEIZD1k,https://www.youtube.com/watch?v=BmNEKEIZD1k,BWF TV,UChh-akEbUM8_6ghGVnJd6cQ,UgylwDTBwgMslhv0NTJ4AaABAg,https://www.youtube.com/watch?v=BmNEKEIZD1k&lc=UgylwDTBwgMslhv0NTJ4AaABAg,"Highlightnya kebanyakan poin² Kim/Seo yg ditampilkan krn permainannya seru, artinya poin² FaFi didapatkan dgn cara mudah😂",@muhammadanshar3267,2026-08-23T00:00:00Z,0,
YT2000735,Vegas Golden Knights vs Carolina Hurricanes (2026 Stanley Cup Final Game 1),Hockey,,FULL REPLAY: Game 1 | Golden Knights vs. Hurricanes | 2026 Stanley Cup Final,A5xMc1hSnoQ,https://www.youtube.com/watch?v=A5xMc1hSnoQ,NHL,UCqFMzb-4AUf6WAIbl132QKA,UgwPcGXTUksFx2ZCmJt4AaABAg,https://www.youtube.com/watch?v=A5xMc1hSnoQ&lc=UgwPcGXTUksFx2ZCmJt4AaABAg,"Hell yes, thanks for posting these!",@villevn,2026-06-23T00:00:00Z,1,
YT2000736,Bam Rodriguez vs Vargas (2026 Boxing),Boxing,,Bam Rodriguez Knocks Out Vargas To Become Three-Weight World Champ | Matchroom Boxing,5i51aZYjocM,https://www.youtube.com/watch?v=5i51aZYjocM,Matchroom Boxing,UC7LReVje9aPB4B6XAsXX8WQ,Ugx_oPZmxJ8XVN0O7u94AaABAg,https://www.youtube.com/watch?v=5i51aZYjocM&lc=Ugx_oPZmxJ8XVN0O7u94AaABAg,Not ready yet for The Monster.,@Mike-e8v6k,2026-06-23T00:00:00Z,0,
YT2000737,ONE Friday Fights 170,MMA,,ONE Friday Fights 170 | Thrilling Fight Highlights 💪,n_ZYgAY0EIM,https://www.youtube.com/watch?v=n_ZYgAY0EIM,ONE Championship,UCiormkBf3jm6mfb7k0yPbKA,UgzuMxNXTvW1z2w_8dR4AaABAg,https://www.youtube.com/watch?v=n_ZYgAY0EIM&lc=UgzuMxNXTvW1z2w_8dR4AaABAg,tf how did pek win,@NgawangYeshiLhendup,2026-09-14T00:00:00Z,4,
YT2000738,2026 BMW PGA Championship Final Round,Golf,,Final Round DRAMA at Wentworth | 2026 BMW PGA Championship,fJWYN9Sk7wo,https://www.youtube.com/watch?v=fJWYN9Sk7wo,DP World Tour,UCvZwbZt6YZQ4wj_7qyjPDZw,UgxCM21g4kSPmn5jk614AaABAg,https://www.youtube.com/watch?v=fJWYN9Sk7wo&lc=UgxCM21g4kSPmn5jk614AaABAg,Dude IS a major champion.,@JustinLiberty-x9i,2026-09-21T19:00:00Z,1,
YT2000739,2026 Green Mountain Championship,Disc Golf,,Final Round Highlights | MPO | 2026 Green Mountain Championship,UoebFpL95VE,https://www.youtube.com/watch?v=UoebFpL95VE,Disc Golf Pro Tour,UCw0WzNn6m2Na6ZW7rKqWI3g,UgydEKqMbZcqGBSTBV94AaABAg,https://www.youtube.com/watch?v=UoebFpL95VE&lc=UgydEKqMbZcqGBSTBV94AaABAg,He said he loves playing in the rain,@OjaiBonsai,2026-09-22T00:00:00Z,7,
YT2000740,Japan vs Iran (2026 AVC Men’s Continental Championship Final),Volleyball,,Japan 🇯🇵 vs. Iran 🇮🇷 - Final | AVC Men's Continental Championships 2026 | Gold Match Highlights,a0iA57_4oCw,https://www.youtube.com/watch?v=a0iA57_4oCw,Volleyball World,UCNMg6XDhRZI2QzL4pWOvP_w,UgwzDzeh-1xCEblJIUd4AaABAg,https://www.youtube.com/watch?v=a0iA57_4oCw&lc=UgwzDzeh-1xCEblJIUd4AaABAg,"First time in my life, I felt goosebumps while watching volleyball.",@saurabsharma4280,2026-09-21T00:00:00Z,1,
YT2000741,All Blacks vs Lions (2026 Rugby),Rugby,,"MINI MATCH | All Blacks v Lions | Johannesburg, 2026",6MbNY6WCctU,https://www.youtube.com/watch?v=6MbNY6WCctU,All Blacks,UCsAPiUMyBjtKamxYGbSUnLA,UgxSzSLjaiAT06llUUZ4AaABAg,https://www.youtube.com/watch?v=6MbNY6WCctU&lc=UgxSzSLjaiAT06llUUZ4AaABAg,"If you’re a South African, Just watch until the 50th minute. Then switch off.",@timrowland9422,2026-09-02T00:00:00Z,0,
YT2000742,Real Madrid vs Inter (2026 UEFA Champions League),Football,,Real Madrid vs. Inter: Extended Highlights | UCL League Phase MD 1 | CBS Sports Golazo,m-Er4N3eVpE,https://www.youtube.com/watch?v=m-Er4N3eVpE,CBS Sports Golazo,UCET00YnetHT7tOpu12v8jxg,UgySXS4NmMtOVLuxyDx4AaABAg,https://www.youtube.com/watch?v=m-Er4N3eVpE&lc=UgySXS4NmMtOVLuxyDx4AaABAg,This is probably the only Madrid win that will also celebrated in Barcelona 😅,@sigmaeditz329,2026-09-14T00:00:00Z,0,
YT2000743,India vs Pakistan (2026 Asia Cup Final),Cricket,,India VS Pakistan Extended Highlights | Asia Cup Final | Channel 9 Sports,GFj5cfzYoEQ,https://www.youtube.com/watch?v=GFj5cfzYoEQ,Channel Nine Sports,UCyDQWHMFMoNVDrdw7Y7jAZQ,UgzLTSkXNegkxRQAgX54AaABAg,https://www.youtube.com/watch?v=GFj5cfzYoEQ&lc=UgzLTSkXNegkxRQAgX54AaABAg,Hindustan  🇮🇳🇮🇳🇮🇳 zindabaad,@vaibhavdeogurjar,2026-09-11T00:00:00Z,0,
YT2000744,Jannik Sinner vs Jiri Lehecka (2026 Miami Final),Tennis,,Jannik Sinner vs Jiri Lehecka For The Title 🏆 | Miami 2026 Final Highlights,qWXm2tzc6OY,https://www.youtube.com/watch?v=qWXm2tzc6OY,Tennis TV,UCbcxFkd6B9xUU54InHv4Tig,Ugwf59AytS85ZJ-luh14AaABAg,https://www.youtube.com/watch?v=qWXm2tzc6OY&lc=Ugwf59AytS85ZJ-luh14AaABAg,I hope Sinner takes this momentum forward and does well at the clay court season,@dhanurs8085,2026-04-23T00:00:00Z,0,
YT2000745,2026 Hungarian Grand Prix,Formula 1,2026-07-26,Fans React to the 2026 Hungarian Grand Prix,SDzQqr7-JwY,https://www.youtube.com/watch?v=SDzQqr7-JwY,Kr1s,UCz-llHGeBJB06SA6g-Q_JKA,UgyQZ4f2ykr8uDixD4R4AaABAg,https://www.youtube.com/watch?v=SDzQqr7-JwY&lc=UgyQZ4f2ykr8uDixD4R4AaABAg,Oscar is done with this team,@sabarisuresh1458,2026-08-23T00:00:00Z,0,
YT2000746,Zalgiris vs Barcelona (2025-26 EuroLeague),Basketball,,Francisco Owned The Fourth | Zalgiris - FC Barcelona | R35 BASKETBALL HIGHLIGHTS 2025-26,Pug9o4wfkMs,https://www.youtube.com/watch?v=Pug9o4wfkMs,EUROLEAGUE BASKETBALL,UCGr3nR_XH9r6E5b09ZJAT9w,UgwW4B2y5nE1gwc47ZR4AaABAg,https://www.youtube.com/watch?v=Pug9o4wfkMs&lc=UgwW4B2y5nE1gwc47ZR4AaABAg,💚🤍 Žalgiris 🏀 Kaunas 🏀💪 LIETUVA 👍 🇱🇹❤️🇺🇦,@ВасяИванов-э2ы,2026-04-23T00:00:00Z,6,
YT2000747,2026 European Athletics Championships Day 5,Athletics,,Day Five Highlights | Birmingham 2026 European Athletics Championships,SVDkKeN8kIU,https://www.youtube.com/watch?v=SVDkKeN8kIU,European Athletics,UCp21zu_8Hd0w9HULooemRCA,UgxhRmXa35fc4vK91J14AaABAg,https://www.youtube.com/watch?v=SVDkKeN8kIU&lc=UgxhRmXa35fc4vK91J14AaABAg,theres black people in  switzerland????,@joshreyes4647,2026-08-23T00:00:00Z,0,
YT2000748,An Se Young vs Akane Yamaguchi (2026 BWF World Championships Final),Badminton,,BWF World Championships 2026 | An Se Young (KOR) [1] vs Akane Yamaguchi (JPN) [2] | F,99riPBazzfk,https://www.youtube.com/watch?v=99riPBazzfk,BWF TV,UChh-akEbUM8_6ghGVnJd6cQ,UgzJVwAIe6vTh9H_dCV4AaABAg,https://www.youtube.com/watch?v=99riPBazzfk&lc=UgzJVwAIe6vTh9H_dCV4AaABAg,Is the floor sound normal?,@smitsuko1774,2026-09-14T00:00:00Z,0,
YT2000749,Vegas Golden Knights vs Carolina Hurricanes (2026 Stanley Cup Final Game 2),Hockey,,FULL REPLAY: Game 2 | Golden Knights vs. Hurricanes | 2026 Stanley Cup Final,TGduVpjEXKM,https://www.youtube.com/watch?v=TGduVpjEXKM,NHL,UCqFMzb-4AUf6WAIbl132QKA,UgzFBw1McfE1vKScb7B4AaABAg,https://www.youtube.com/watch?v=TGduVpjEXKM&lc=UgzFBw1McfE1vKScb7B4AaABAg,"20:00 что за стойка у никишина,где замах где заряд на полив? пора брать на себя игру.",@Archibald49,2026-06-23T00:00:00Z,0,
YT2000750,Raymond Muratalla vs Andy Cruz (2026 Boxing),Boxing,,Raymond Muratalla Retains World Title vs Andy Cruz | Highlights | Matchroom,5gddebIxomA,https://www.youtube.com/watch?v=5gddebIxomA,Matchroom Boxing,UC7LReVje9aPB4B6XAsXX8WQ,UgztjStxqJS6Zmjvl3Z4AaABAg,https://www.youtube.com/watch?v=5gddebIxomA&lc=UgztjStxqJS6Zmjvl3Z4AaABAg,Can't count those 4 victories over Keyshawn as an amateur....Keyshawn was younger...and now he gets full exposure of  Andy's Skull (with lighter gloves 😉).,@PatrickHausenfleck,2026-02-23T00:00:00Z,0,
YT2000751,ONE Friday Fights 169,MMA,,ONE Friday Fights 169 Highlights 💥🥊,RwqvQX9iDJE,https://www.youtube.com/watch?v=RwqvQX9iDJE,ONE Championship,UCiormkBf3jm6mfb7k0yPbKA,Ugyz3ZtnvDivVIbA3754AaABAg,https://www.youtube.com/watch?v=RwqvQX9iDJE&lc=Ugyz3ZtnvDivVIbA3754AaABAg,Khunponnoi is a spectacular performer with precision thai fundamentals. Im a new admitted admirer.,@TheGreatWhitePope.Vatican3,2026-09-09T00:00:00Z,0,
YT2000752,2026 BMW PGA Championship,Golf,,Round 4 Highlights | 2026 BMW PGA Championship,gQZomCyCWuw,https://www.youtube.com/watch?v=gQZomCyCWuw,DP World Tour,UCvZwbZt6YZQ4wj_7qyjPDZw,UgxG55k43tYKsd8uCXh4AaABAg,https://www.youtube.com/watch?v=gQZomCyCWuw&lc=UgxG55k43tYKsd8uCXh4AaABAg,Player's choice? Only one player chose that car?,@ashie259,2026-09-22T00:00:00Z,0,
YT2000753,2026 Green Mountain Championship,Disc Golf,,Final Round Highlights | MPO | 2026 Green Mountain Championship,UoebFpL95VE,https://www.youtube.com/watch?v=UoebFpL95VE,Disc Golf Pro Tour,UCw0WzNn6m2Na6ZW7rKqWI3g,UgyPpUPuAqIdjen1ZeJ4AaABAg,https://www.youtube.com/watch?v=UoebFpL95VE&lc=UgyPpUPuAqIdjen1ZeJ4AaABAg,"Raven has always been capable 
Silas and him show how hard it is to win
The mental side is equally difficult 
Both of them winning recently,is mostly about head space
Cool to see
Alot of guys working hard out there
If you're primary part in the disc golf world mostly involves being critical and judging stuff,you're missing the brilliance of this sport
The most beautiful sport
Creating so many beautiful stories,friendships, results 
Disc flight,body movement,joy,peace
Disc golf is such a wonderful thing
Good job Raven!",@jamesmacinnes2537,2026-09-22T00:00:00Z,5,
YT2000754,Slovenia vs Serbia (2026 CEV EuroVolley),Volleyball,,Highlights | SLOVENIA vs. SERBIA | CEV Enel EuroVolley 2026 Men | Eight Finals,4OR3mlRfFDU,https://www.youtube.com/watch?v=4OR3mlRfFDU,European Volleyball,UC8XRC858pOERvclUDb_d7rg,UgzJ4Mf34eFG3v61uul4AaABAg,https://www.youtube.com/watch?v=4OR3mlRfFDU&lc=UgzJ4Mf34eFG3v61uul4AaABAg,"Una grande classica del volley in un ottavo di finale dell'Europeo e il palazzetto è vuoto. Crisi? Disinteresse? Prezzi alti? In ogni caso un fallimento per l'organizzazione italiana. Abbiamo visto l'euro femminile in Turchia, era delirio totale. I mondiali di un anno fa nelle Filippine, tutto pieno sempre.",@breitner83,2026-09-22T06:00:00Z,7,
YT2000755,Springboks vs England (2026 Rugby),Rugby,2026-07-04,Springboks v England at Ellis Park | Extended Highlights | 4 July 2026,hS3CsahX3Kc,https://www.youtube.com/watch?v=hS3CsahX3Kc,Official Springbok YouTube,UCVI5iqtQOsWZwtAg1o3SIAQ,UgwvmomeaXHWZYNqlwp4AaABAg,https://www.youtube.com/watch?v=hS3CsahX3Kc&lc=UgwvmomeaXHWZYNqlwp4AaABAg,"Boks, what a team...",@emanuelas1403,2026-08-23T00:00:00Z,0,
YT2000756,Bayern Munich vs Real Madrid (2026 UEFA Champions League Quarterfinal),Football,,Bayern vs. Real Madrid: Extended Highlights | UCL Quarterfinals - Leg 2 | CBS Sports Golazo,dF-JIdw_PW4,https://www.youtube.com/watch?v=dF-JIdw_PW4,CBS Sports Golazo,UCET00YnetHT7tOpu12v8jxg,UgwWiH0hrwZRpmzG5c94AaABAg,https://www.youtube.com/watch?v=dF-JIdw_PW4&lc=UgwWiH0hrwZRpmzG5c94AaABAg,holy robbed,@TropaDoXZL,2026-09-02T00:00:00Z,0,
YT2000757,India vs Japan (2026 T20I),Cricket,,India vs Japan T20 Match Full Highlights 2026 | India vs Japan Highlights,AcDMlgbrcK4,https://www.youtube.com/watch?v=AcDMlgbrcK4,Cricket Expert,UCWSCF-pqjmfIM4Dmxwh0ViQ,UgwIkF4HjXrpF5xoeVx4AaABAg,https://www.youtube.com/watch?v=AcDMlgbrcK4&lc=UgwIkF4HjXrpF5xoeVx4AaABAg,😂😂😂😂,@karnan971,2026-09-22T13:00:00Z,0,
YT2000758,Jannik Sinner vs Alexander Zverev (2026 Madrid Final),Tennis,,Jannik Sinner vs Alexander Zverev For The Title | Madrid 2026 Final Highlights,U111uQCv6yc,https://www.youtube.com/watch?v=U111uQCv6yc,Tennis TV,UCbcxFkd6B9xUU54InHv4Tig,Ugzj4fKiJqUwTp0TvOZ4AaABAg,https://www.youtube.com/watch?v=U111uQCv6yc&lc=Ugzj4fKiJqUwTp0TvOZ4AaABAg,Whole crowd must have been hella disappointed that they didn't get their ticket's worth,@PC-tp4cn,2026-08-23T00:00:00Z,0,
YT2000759,2026 Canadian Grand Prix,Formula 1,2026-05-24,Fans React to the 2026 Canadian Grand Prix,MfGFEzeee54,https://www.youtube.com/watch?v=MfGFEzeee54,Kr1s,UCz-llHGeBJB06SA6g-Q_JKA,UgyyPga7EzJG18DEebB4AaABAg,https://www.youtube.com/watch?v=MfGFEzeee54&lc=UgyyPga7EzJG18DEebB4AaABAg,so many emotion in one weekend,@LionKing-lk04,2026-06-23T00:00:00Z,0,
YT2000760,Olympiacos vs Fenerbahce (2026 EuroLeague SuperCup),Basketball,,The LAST FEW MINUTES WERE CRAZY! | Olympiacos vs Fenerbahce Tarfin | Euroleague Basketball SuperCup,3Me3QvbuL2M,https://www.youtube.com/watch?v=3Me3QvbuL2M,EUROLEAGUE BASKETBALL,UCGr3nR_XH9r6E5b09ZJAT9w,UgytzaYgJx1ZFZpYxr54AaABAg,https://www.youtube.com/watch?v=3Me3QvbuL2M&lc=UgytzaYgJx1ZFZpYxr54AaABAg,1 ♥ from CABO VERDE ISLANDS 🤩🤩🤩,@djsarumawashi,2026-09-21T00:00:00Z,0,
YT2000761,2026 European Athletics Championships Day 6,Athletics,,Day Six Highlights | Birmingham 2026 European Athletics Championships,Pr8JLNyeRwU,https://www.youtube.com/watch?v=Pr8JLNyeRwU,European Athletics,UCp21zu_8Hd0w9HULooemRCA,UgzSIS89t4wPGZGRczF4AaABAg,https://www.youtube.com/watch?v=Pr8JLNyeRwU&lc=UgzSIS89t4wPGZGRczF4AaABAg,im like gressier aggressive kick but not the endurance to go fast all the way,@Robzabest25,2026-08-23T00:00:00Z,1,
YT2000762,Kodai Naraoka vs Alex Lanier (2026 BWF World Championships Final),Badminton,,BWF World Championships 2026 | Kodai Naraoka (JPN) [10] vs Alex Lanier (FRA) [9] | F,go2uajSiBnE,https://www.youtube.com/watch?v=go2uajSiBnE,BWF TV,UChh-akEbUM8_6ghGVnJd6cQ,Ugxfs4xxiyK3m8kUB2J4AaABAg,https://www.youtube.com/watch?v=go2uajSiBnE&lc=Ugxfs4xxiyK3m8kUB2J4AaABAg,Bravo Lanier 🎉 he's already world champion and he has so much room for improvement. I can't wait to see his final form!,@jojandy,2026-08-26T00:00:00Z,2,
YT2000763,Hungary vs Latvia (2026 IIHF Men’s World Championship),Hockey,,Highlights: Hungary vs Latvia | 2026 #MensWorlds,dhgqnUsBfBk,https://www.youtube.com/watch?v=dhgqnUsBfBk,IIHF,UCtmgna7qB0oQF2oOcVgndbw,Ugz45Z8-R7MAJSrJqdl4AaABAg,https://www.youtube.com/watch?v=dhgqnUsBfBk&lc=Ugz45Z8-R7MAJSrJqdl4AaABAg,Домой к орбану!,@Юрій-85,2026-06-23T00:00:00Z,0,
YT2000764,Abdullah Mason vs Ornelas (2026 Boxing),Boxing,,Abdullah Mason DROPS Ornelas Repeatedly in Brutal Win,d6A3cVkIKGc,https://www.youtube.com/watch?v=d6A3cVkIKGc,Top Rank Boxing,UCbzRzJNHx7ZLlJML9BjZQVQ,UgxOUssMRhgtRGp6_Pt4AaABAg,https://www.youtube.com/watch?v=d6A3cVkIKGc&lc=UgxOUssMRhgtRGp6_Pt4AaABAg,"Good fight, ornelas was pretty solid. Last minute, hadn’t fought in a while and his camp was mid but he still did his thing. Gettin a dub on ya bday like that is dope asf too 😤",@travisward7853,2026-07-23T00:00:00Z,0,
YT2000765,Joshua Pacio vs Mansur Malachiev (ONE Championship),MMA,,Wushu Meets Dagestani Wrestling ⚔️ Joshua Pacio 🇵🇭 vs. Mansur Malachiev 🇷🇺 | MMA Full Fight,fW2PNH4L-DU,https://www.youtube.com/watch?v=fW2PNH4L-DU,ONE Championship,UCiormkBf3jm6mfb7k0yPbKA,Ugxs5QAK5dNlL8MrDNt4AaABAg,https://www.youtube.com/watch?v=fW2PNH4L-DU&lc=Ugxs5QAK5dNlL8MrDNt4AaABAg,PANGARAP KO DIN YAN IDOL,@tambayxnicotine,2026-09-09T00:00:00Z,1,
YT2000766,2026 BMW PGA Championship Final Round,Golf,,Final Round DRAMA at Wentworth | 2026 BMW PGA Championship,fJWYN9Sk7wo,https://www.youtube.com/watch?v=fJWYN9Sk7wo,DP World Tour,UCvZwbZt6YZQ4wj_7qyjPDZw,UgyjnewlUWfJNiiDgKx4AaABAg,https://www.youtube.com/watch?v=fJWYN9Sk7wo&lc=UgyjnewlUWfJNiiDgKx4AaABAg,holy choke job,@gorash100,2026-09-21T19:00:00Z,0,
YT2000767,2026 Green Mountain Championship,Disc Golf,,Final Round Highlights | MPO | 2026 Green Mountain Championship,UoebFpL95VE,https://www.youtube.com/watch?v=UoebFpL95VE,Disc Golf Pro Tour,UCw0WzNn6m2Na6ZW7rKqWI3g,Ugxa6S_wDtFek-6ydXJ4AaABAg,https://www.youtube.com/watch?v=UoebFpL95VE&lc=Ugxa6S_wDtFek-6ydXJ4AaABAg,Congrats Raven!!,@BONECRUSHERS8,2026-09-22T00:00:00Z,0,
YT2000768,Japan vs USA (2026 Men’s VNL Semifinal),Volleyball,,Japan 🇯🇵 vs. USA 🇺🇸 - Semi Final | Highlights | Men's VNL 2026,Cvj9Q6fYu3s,https://www.youtube.com/watch?v=Cvj9Q6fYu3s,Volleyball World,UCNMg6XDhRZI2QzL4pWOvP_w,UgzboiCnrAn66ddOliJ4AaABAg,https://www.youtube.com/watch?v=Cvj9Q6fYu3s&lc=UgzboiCnrAn66ddOliJ4AaABAg,JAPAN SAYS SEA ONCE AGAIN,@ClarkSteveGil,2026-09-02T00:00:00Z,0,
YT2000769,Hurricanes vs Blues (2026 Super Rugby Pacific),Rugby,,HURRICANES v BLUES | Rd 9 Highlights | Super Rugby Pacific 2026,TLq0hc3Oxtg,https://www.youtube.com/watch?v=TLq0hc3Oxtg,Super Rugby Pacific,UCDOGExGCsrrt_RrGDgLuMww,UgwfMDgRxomgtz03JmR4AaABAg,https://www.youtube.com/watch?v=TLq0hc3Oxtg&lc=UgwfMDgRxomgtz03JmR4AaABAg,"What's with the Blues,lol all yellow 👱",@GodfreyBoonzaier-y1k,2026-04-23T00:00:00Z,1,
YT2000770,Napoli vs Arsenal (2026 UEFA Champions League),Football,,Napoli vs. Arsenal: Extended Highlights | UCL League Phase MD 1 | CBS Sports Golazo,7HFHdzIMgZ8,https://www.youtube.com/watch?v=7HFHdzIMgZ8,CBS Sports Golazo,UCET00YnetHT7tOpu12v8jxg,Ugx2ugTV1xbaIo7Jgop4AaABAg,https://www.youtube.com/watch?v=7HFHdzIMgZ8&lc=Ugx2ugTV1xbaIo7Jgop4AaABAg,What the h was that lmao,@nueamsterdam,2026-09-14T00:00:00Z,0,
YT2000771,"Afghanistan vs India (2026 T20I Series, Match 3)",Cricket,,Match Highlights | Afghanistan vs India | Match 03 | T20I Series 2026 | ACB | M9N1J,CJU-fIbr8Vk,https://www.youtube.com/watch?v=CJU-fIbr8Vk,Sports Central by DRM,UC-fzWbU1zavz77kP1gPPdSg,UgxTtOihib8ktit4pXt4AaABAg,https://www.youtube.com/watch?v=CJU-fIbr8Vk&lc=UgxTtOihib8ktit4pXt4AaABAg,Abhishek sharma what a player❤❤,@PUTHA-m1d,2026-09-19T00:00:00Z,0,
YT2000772,Peyton Stearns vs Iva Jovic (2026 Guadalajara Final),Tennis,,Peyton Stearns vs. Iva Jovic  | 2026 Guadalajara Final | WTA Match Highlights,CgTatzO1WpQ,https://www.youtube.com/watch?v=CgTatzO1WpQ,WTA,UCaBIVVpHjq6j3tSyxwTE-8Q,Ugw92hzjdm5Og9SGplp4AaABAg,https://www.youtube.com/watch?v=CgTatzO1WpQ&lc=Ugw92hzjdm5Og9SGplp4AaABAg,Well done Iva Jovic - Love to you 👏 ❤. Try to get into Top 10 and then Top 5 in 1 year.....We have seen Marta Kostyuk progressing well in 2026 as well...🎉🎉,@ajayaroragurgaon15,2026-09-22T00:00:00Z,0,
YT2000773,2026 Barcelona-Catalunya Grand Prix,Formula 1,2026-06-14,Our 2026 Barcelona-Catalunya Grand Prix Race Review,0jVk2QviEog,https://www.youtube.com/watch?v=0jVk2QviEog,P1 with Matt & Tommy,UCD5jAyCSDRR5yTgswfDbK8w,UgxjnaqZgDSNNbukG2B4AaABAg,https://www.youtube.com/watch?v=0jVk2QviEog&lc=UgxjnaqZgDSNNbukG2B4AaABAg,Let's not talk about luck with George. He has had some amazing luck over the years.,@Rich-Utd,2026-06-23T00:00:00Z,0,
YT2000774,Valencia vs Milan (2025-26 EuroLeague),Basketball,,From Trouble to PLAYOFFS | Valencia - Milan | R36 BASKETBALL HIGHLIGHTS 2025-26,ezcvRat7sYM,https://www.youtube.com/watch?v=ezcvRat7sYM,EUROLEAGUE BASKETBALL,UCGr3nR_XH9r6E5b09ZJAT9w,Ugy39DV3eDDhPi0-ImF4AaABAg,https://www.youtube.com/watch?v=ezcvRat7sYM&lc=Ugy39DV3eDDhPi0-ImF4AaABAg,"Que pedazo de año se está marcando el Valencia. Ya solo queda soñar a ver hasta donde se puede llegar y ojalá estar en la Final Four de Atenas. 

AMUUUNT",@jda95vlc,2026-04-23T00:00:00Z,6,
YT2000775,2026 European Athletics Championships Day 7,Athletics,,Day Seven Highlights | Birmingham 2026 European Athletics Championships,GK-bVPxtpxY,https://www.youtube.com/watch?v=GK-bVPxtpxY,European Athletics,UCp21zu_8Hd0w9HULooemRCA,Ugzw9_dJG5vwJRnQn814AaABAg,https://www.youtube.com/watch?v=GK-bVPxtpxY&lc=Ugzw9_dJG5vwJRnQn814AaABAg,"In Hungary, any athletics finish is a huge achievement, let alone a second place in a marathon. It is unworthy that the compilation highlights the third place winner and does not show the second place winner for a moment. Moreover, the fourth place winner was also a Hungarian girl.",@Kevely978,2026-08-23T00:00:00Z,1,
YT2000776,An Se Young vs Wang Zhi Yi (2026 BWF World Championships Semifinal),Badminton,,BWF World Championships 2026 | An Se Young (KOR) [1] vs Wang Zhi Yi (CHN) [3] | SF,7XPUAD74usE,https://www.youtube.com/watch?v=7XPUAD74usE,BWF TV,UChh-akEbUM8_6ghGVnJd6cQ,UgyMYAAlx7ZAcMeRqxR4AaABAg,https://www.youtube.com/watch?v=7XPUAD74usE&lc=UgyMYAAlx7ZAcMeRqxR4AaABAg,黃子怡的最宗命名是 ASY用的手下敗將! ASY 是她的 克星,@hansheapauma1867,2026-08-26T00:00:00Z,3,
YT2000777,Canada vs Norway (2026 IIHF Men’s World Championship),Hockey,,Highlights: Canada vs Norway | 2026 #MensWorlds,OOpKz9itTzs,https://www.youtube.com/watch?v=OOpKz9itTzs,IIHF,UCtmgna7qB0oQF2oOcVgndbw,Ugw5d6HmZC_ZZrxo9rZ4AaABAg,https://www.youtube.com/watch?v=OOpKz9itTzs&lc=Ugw5d6HmZC_ZZrxo9rZ4AaABAg,Norway was the real winner of this tournament. This was the real final.,@sysseri,2026-06-23T00:00:00Z,0,
YT2000778,Legendary Boxing Fights Collection,Boxing,,"12 Hours of Legendary Fights | Mayweather, Ali, Inoue & More",4GCNfWec-30,https://www.youtube.com/watch?v=4GCNfWec-30,Top Rank Boxing,UCbzRzJNHx7ZLlJML9BjZQVQ,Ugzas2nysp-K3Hnklnd4AaABAg,https://www.youtube.com/watch?v=4GCNfWec-30&lc=Ugzas2nysp-K3Hnklnd4AaABAg,12 hours of greatness,@WorldBoxingTopTen,2026-04-23T00:00:00Z,3,
YT2000779,Amru Magomedov vs Angel Alvarez (2026 PFL New York),MMA,,A DESTRUCTIVE DISPLAY! | Amru Magomedov v Angel Alvarez - Fight Highlights | PFL New York,MazPHXIWMVk,https://www.youtube.com/watch?v=MazPHXIWMVk,PFL MMA,UCPrONRG9hO1f-OrxW-WH-xg,UgxVu42VjmzW_xQTdkh4AaABAg,https://www.youtube.com/watch?v=MazPHXIWMVk&lc=UgxVu42VjmzW_xQTdkh4AaABAg,Who said that dagestani fighters can't stand or box with strikers ?now see that clearly,@FunMasti-w7e4m,2026-08-23T00:00:00Z,0,
YT2000780,2026 BMW PGA Championship,Golf,,Round 4 Highlights | 2026 BMW PGA Championship,gQZomCyCWuw,https://www.youtube.com/watch?v=gQZomCyCWuw,DP World Tour,UCvZwbZt6YZQ4wj_7qyjPDZw,UgyBMsJnqbDwidX8ch54AaABAg,https://www.youtube.com/watch?v=gQZomCyCWuw&lc=UgyBMsJnqbDwidX8ch54AaABAg,Hatton's shot on 9 (1:51) the best golf shot I have ever seen. I am grateful for DP World and PGA Tour for providing the daily tournament highlights soon after play has finished and therefore I can accept the odd editing error. Editing many hours of play quickly cannot be easy.,@kalbarriman,2026-09-22T00:00:00Z,0,
YT2000781,2026 Green Mountain Championship,Disc Golf,,Final Round Highlights | MPO | 2026 Green Mountain Championship,UoebFpL95VE,https://www.youtube.com/watch?v=UoebFpL95VE,Disc Golf Pro Tour,UCw0WzNn6m2Na6ZW7rKqWI3g,Ugx1TjJNabnz6aJOvih4AaABAg,https://www.youtube.com/watch?v=UoebFpL95VE&lc=Ugx1TjJNabnz6aJOvih4AaABAg,"I wanna know what MVP is putting in those discs . .  And the players heads
Really cool win to watch 🙏",@jacobm2625,2026-09-22T00:00:00Z,11,
YT2000782,USA vs Poland (2026 Men’s VNL Final),Volleyball,,USA 🇺🇸 vs. Poland 🇵🇱 - Gold Match | Highlights | Men's VNL 2026 - Final,SAjrSUNCQbc,https://www.youtube.com/watch?v=SAjrSUNCQbc,Volleyball World,UCNMg6XDhRZI2QzL4pWOvP_w,Ugz47a1QYHSZsRqJ2ch4AaABAg,https://www.youtube.com/watch?v=SAjrSUNCQbc&lc=Ugz47a1QYHSZsRqJ2ch4AaABAg,تهانينا لبولندا من الجزائر ❤,@amaartari5692,2026-08-23T00:00:00Z,2,
YT2000783,South Africa vs New Zealand (2026 Rugby Test),Rugby,,SOUTH AFRICA v NEW ZEALAND | 4th Test Highlights | Rugby's Greatest Rivalry 2026,G3s7nFFiRyk,https://www.youtube.com/watch?v=G3s7nFFiRyk,SANZAAR TV,UCvMgypvk0d5P0K3F3bB19Eg,UgwqtYQ6TcBdfgy4D8d4AaABAg,https://www.youtube.com/watch?v=G3s7nFFiRyk&lc=UgwqtYQ6TcBdfgy4D8d4AaABAg,The Fathers of NFL arrive 😂,@2legit2quit,2026-09-17T00:00:00Z,0,
YT2000784,Porto vs Manchester City (2026 UEFA Champions League),Football,,Porto vs. Man. City: Extended Highlights | UCL League Phase MD 1 | CBS Sports Golazo,mXNFbZJdcqY,https://www.youtube.com/watch?v=mXNFbZJdcqY,CBS Sports Golazo,UCET00YnetHT7tOpu12v8jxg,UgyCKHHCXxtGRt4SmLh4AaABAg,https://www.youtube.com/watch?v=mXNFbZJdcqY&lc=UgyCKHHCXxtGRt4SmLh4AaABAg,Why Holland cut his hair?,@selambati4502,2026-09-13T00:00:00Z,0,
YT2000785,"Afghanistan vs India (2026 T20I Series, Match 3)",Cricket,,Full Match Highlights | Afghanistan vs India | Match 03 | T20I Series 2026 | ACB | M9N1J,TapC28fhANQ,https://www.youtube.com/watch?v=TapC28fhANQ,Sports Central by DRM,UC-fzWbU1zavz77kP1gPPdSg,UgzLP_Vk0xXC9SgKGNF4AaABAg,https://www.youtube.com/watch?v=TapC28fhANQ&lc=UgzLP_Vk0xXC9SgKGNF4AaABAg,Asstagfirulla,@mithorao,2026-09-20T00:00:00Z,0,
YT2000786,Donna Vekic vs Xinyu Wang (2026 Singapore),Tennis,,Donna Vekic vs. Xinyu Wang | 2026 Singapore Round 1 | WTA Match Highlights,q4_xHFJv1eg,https://www.youtube.com/watch?v=q4_xHFJv1eg,WTA,UCaBIVVpHjq6j3tSyxwTE-8Q,UgwFhOp1aBcw9vd_BGF4AaABAg,https://www.youtube.com/watch?v=q4_xHFJv1eg&lc=UgwFhOp1aBcw9vd_BGF4AaABAg,two of the many beauties on tour. why would you watch a match between the non ones--ever?,@tbwatch88,2026-09-22T12:00:00Z,2,
YT2000787,2026 Australian Grand Prix,Formula 1,2026-03-08,Fans React to the 2026 Australian Grand Prix,uvMholf0zLI,https://www.youtube.com/watch?v=uvMholf0zLI,Kr1s,UCz-llHGeBJB06SA6g-Q_JKA,UgykJJ0iLj2xjnDjaCd4AaABAg,https://www.youtube.com/watch?v=uvMholf0zLI&lc=UgykJJ0iLj2xjnDjaCd4AaABAg,9:33 Shitting in my pants ahh 😭💀,@ExpressStudios4,2026-03-23T00:00:00Z,1,
YT2000788,Indiana Fever vs Toronto Tempo (2026 WNBA),Basketball,2026-09-18,"Indiana Fever vs. Toronto Tempo | FULL GAME HIGHLIGHTS | September 18, 2026",3ncxZOQBJBU,https://www.youtube.com/watch?v=3ncxZOQBJBU,WNBA,UCO9a_ryN_l7DIDS-VIt-zmw,UgwEABpVuqSxeINyHUB4AaABAg,https://www.youtube.com/watch?v=3ncxZOQBJBU&lc=UgwEABpVuqSxeINyHUB4AaABAg,GREAT GAME! Both teams played incredibly well. Love the Fever! 🏀🔥 The entire team is on fire.,@Jeff69Valiant,2026-09-22T00:00:00Z,0,
YT2000789,2026 European Athletics Championships Men’s 100m,Athletics,,"EVERY RACE - Men's 100m European Athletics Championships 2026 | Heats, Semi finals and Final",4bLPTpMw99E,https://www.youtube.com/watch?v=4bLPTpMw99E,European Athletics,UCp21zu_8Hd0w9HULooemRCA,UgxDugf57J4ZB_EXK_94AaABAg,https://www.youtube.com/watch?v=4bLPTpMw99E&lc=UgxDugf57J4ZB_EXK_94AaABAg,puripol boonson easily will win this race..hahaha,@BagMerahJambu,2026-09-13T00:00:00Z,3,
YT2000790,Alex Lanier vs Kunlavut Vitidsarn (2026 BWF World Championships Quarterfinal),Badminton,,BWF World Championships 2026 | Alex Lanier (FRA) [9] vs Kunlavut Vitidsarn (THA) [2] | QF,bsdgjFX-nhQ,https://www.youtube.com/watch?v=bsdgjFX-nhQ,BWF TV,UChh-akEbUM8_6ghGVnJd6cQ,UgxsXOB1exQXKh20zal4AaABAg,https://www.youtube.com/watch?v=bsdgjFX-nhQ&lc=UgxsXOB1exQXKh20zal4AaABAg,what a scalp,@arthurvandeman,2026-08-23T00:00:00Z,1,
YT2000791,Canada vs USA (2026 IIHF Men’s World Championship),Hockey,,Highlights: Canada vs USA | 2026 #MensWorlds,gEPn42NmMIs,https://www.youtube.com/watch?v=gEPn42NmMIs,IIHF,UCtmgna7qB0oQF2oOcVgndbw,UgwxDvMCR51BvHjPrsF4AaABAg,https://www.youtube.com/watch?v=gEPn42NmMIs&lc=UgwxDvMCR51BvHjPrsF4AaABAg,"Gegen Finnland hat Kanada im 2. Drittel nur den Torwart aufs Eis geschickt. Er hat gut gehalten, aber gegen ein Weltklasseteam ist 1. Torwart zu wenig.",@MrDannygohome,2026-06-23T00:00:00Z,0,
YT2000792,Teremoana vs Heavyweight Opponent (2026 Matchroom Boxing),Boxing,,Undefeated giant heavyweight Teremoana | Non-Stop KOs | Matchroom Boxing,Q0PKJmMaV_U,https://www.youtube.com/watch?v=Q0PKJmMaV_U,Matchroom Boxing,UC7LReVje9aPB4B6XAsXX8WQ,UgzpBz-lfFKIIp44a6Z4AaABAg,https://www.youtube.com/watch?v=Q0PKJmMaV_U&lc=UgzpBz-lfFKIIp44a6Z4AaABAg,They just feeding him obese black guys 😅😂,@June-1980,2026-08-23T00:00:00Z,0,
YT2000793,Justin Clarke vs Abdoulaye Kane (2026 PFL Africa),MMA,,RUTHLESS Heavyweight Fight!! | Justin Clarke v Abdoulaye Kane | Full Fight | PFL Africa 1 2026,rAAW2ORZnwo,https://www.youtube.com/watch?v=rAAW2ORZnwo,PFL MMA,UCPrONRG9hO1f-OrxW-WH-xg,UgzLRLC_n82hq7nmp8t4AaABAg,https://www.youtube.com/watch?v=rAAW2ORZnwo&lc=UgzLRLC_n82hq7nmp8t4AaABAg,Abdoulaye needs to go back and train on strength and finishing skills!,@amenemhurt8817,2026-05-23T00:00:00Z,0,
YT2000794,2026 BMW PGA Championship Final Round,Golf,,Final Round DRAMA at Wentworth | 2026 BMW PGA Championship,fJWYN9Sk7wo,https://www.youtube.com/watch?v=fJWYN9Sk7wo,DP World Tour,UCvZwbZt6YZQ4wj_7qyjPDZw,UgyKNazTyCX0KYqH0eZ4AaABAg,https://www.youtube.com/watch?v=fJWYN9Sk7wo&lc=UgyKNazTyCX0KYqH0eZ4AaABAg,Botcott ball rollback,@Breakfastststst,2026-09-21T18:00:00Z,1,
YT2000795,2026 Green Mountain Championship,Disc Golf,,Final Round Highlights | MPO | 2026 Green Mountain Championship,UoebFpL95VE,https://www.youtube.com/watch?v=UoebFpL95VE,Disc Golf Pro Tour,UCw0WzNn6m2Na6ZW7rKqWI3g,UgyEI69wYss5sdETw8N4AaABAg,https://www.youtube.com/watch?v=UoebFpL95VE&lc=UgyEI69wYss5sdETw8N4AaABAg,"1. Raven Newsom
2. Aaron Gossage
3. Nova Politte
4. Silas Schultz
Top 4 MVP's IMO",@aintnobodygottimeforthat7105,2026-09-22T00:00:00Z,1,
YT2000796,Italy vs Denmark (2026 CEV EuroVolley),Volleyball,,Highlights | Italy vs. Denmark | CEV Enel EuroVolley 2026 Men | Eight Finals,JK_IC9hRAMg,https://www.youtube.com/watch?v=JK_IC9hRAMg,European Volleyball,UC8XRC858pOERvclUDb_d7rg,UgyXqMkEE7MAZSBbXvp4AaABAg,https://www.youtube.com/watch?v=JK_IC9hRAMg&lc=UgyXqMkEE7MAZSBbXvp4AaABAg,"Italia straripante, ma complimentoni ai danesi che non hanno mai smesso di attaccare senza paura né soggezione. 
Gotta respect that!",@mattiascaccaaaa,2026-09-22T00:00:00Z,4,
YT2000797,England vs Fiji (2026 Nations Championship),Rugby,,England v Fiji highlights | 2026 Nations Championship,4tewDq2UAtI,https://www.youtube.com/watch?v=4tewDq2UAtI,England Rugby,UCmi7CahP3G3YySOAFOfSnkw,Ugy9MjTu8j51UeEIqv94AaABAg,https://www.youtube.com/watch?v=4tewDq2UAtI&lc=Ugy9MjTu8j51UeEIqv94AaABAg,Pollock is a POES!!!!,@Dean-e3n,2026-07-23T00:00:00Z,0,
YT2000798,Barcelona vs Feyenoord (2026 UEFA Champions League),Football,,HIGHLIGHTS | FC BARCELONA 5 vs 1 FEYENOORD | UEFA CHAMPIONS LEAGUE 26/27 🔵🔴,XqSrz6MKVlk,https://www.youtube.com/watch?v=XqSrz6MKVlk,FC Barcelona,UC14UlmYlSNiQCBe9Eookf_A,UgyPPOMUkEqWEnzjVC54AaABAg,https://www.youtube.com/watch?v=XqSrz6MKVlk&lc=UgyPPOMUkEqWEnzjVC54AaABAg,Visca El Barca... ❤❤❤❤🙏🙏🙏🙏... Champions League Loading... ❤❤❤❤🙏🙏🙏🙏,@addy4869,2026-09-19T00:00:00Z,0,
YT2000799,"Afghanistan vs India (2026 T20I Series, Match 2)",Cricket,,Full Match Highlights | Afghanistan vs India | Match 02 | T20I Series 2026 | ACB | M9N1J,svAuradtMZw,https://www.youtube.com/watch?v=svAuradtMZw,Sports Central by DRM,UC-fzWbU1zavz77kP1gPPdSg,UgywqVSJYd__15zIJbp4AaABAg,https://www.youtube.com/watch?v=svAuradtMZw&lc=UgywqVSJYd__15zIJbp4AaABAg,"Afghanistan should retire and join their military 
Poor playing and shorts selection",@Movieman3-j5,2026-09-17T00:00:00Z,0,
YT2000800,Alycia Parks vs Mei Yamaguchi (2026 Singapore),Tennis,,Alycia Parks vs. Mei Yamaguchi | 2026 Singapore Round 1 | WTA Match Highlights,tXwyGKvLFrM,https://www.youtube.com/watch?v=tXwyGKvLFrM,WTA,UCaBIVVpHjq6j3tSyxwTE-8Q,UgwNliT-jFTpLy9b5Cl4AaABAg,https://www.youtube.com/watch?v=tXwyGKvLFrM&lc=UgwNliT-jFTpLy9b5Cl4AaABAg,日本語の翻訳アナウンスいらない。意味が分からな過ぎて余計に混乱する。,@みっとももみち,2026-09-22T12:00:00Z,0,
YT2000801,2026 Italian Grand Prix,Formula 1,2026-09-06,Fans React to the 2026 Italian Grand Prix,ah1bbvzWhPE,https://www.youtube.com/watch?v=ah1bbvzWhPE,Kr1s,UCz-llHGeBJB06SA6g-Q_JKA,UgxzLsW6PvFfJm-vDQ14AaABAg,https://www.youtube.com/watch?v=ah1bbvzWhPE&lc=UgxzLsW6PvFfJm-vDQ14AaABAg,"9:43 lightning bolt of excitement for Gasly
17:52 That Leclerc crash terrified us",@SFoxtron,2026-09-11T00:00:00Z,0,
YT2000802,Phoenix Mercury vs Dallas Wings (2026 WNBA),Basketball,2026-09-19,"Phoenix Mercury vs. Dallas Wings | FULL GAME HIGHLIGHTS | September 19, 2026",gmTPOM9RMxU,https://www.youtube.com/watch?v=gmTPOM9RMxU,WNBA,UCO9a_ryN_l7DIDS-VIt-zmw,UgyuLgv89h5IUQqMn-d4AaABAg,https://www.youtube.com/watch?v=gmTPOM9RMxU&lc=UgyuLgv89h5IUQqMn-d4AaABAg,21at the half holly paige,@sonypatterson,2026-09-22T00:00:00Z,1,
YT2000803,"Italy Gold Highlights, 2026 European Athletics Championships",Athletics,,ITALIA 🇮🇹 Every Gold Highlights | Birmingham 2026 European Athletics Championships,YKRgXPIqK7s,https://www.youtube.com/watch?v=YKRgXPIqK7s,European Athletics,UCp21zu_8Hd0w9HULooemRCA,UgxHZozWATrfKOKOYPl4AaABAg,https://www.youtube.com/watch?v=YKRgXPIqK7s&lc=UgxHZozWATrfKOKOYPl4AaABAg,DerKach=UKRAINE &Diaz-HerNandez=Cuban(SpanishAfrican),@eyeswideshot7347,2026-09-02T00:00:00Z,0,
YT2000804,Chia/Soh vs Liang/Wang (2026 BWF World Championships Final),Badminton,,BWF World Championships 2026 | Chia/Soh (MAS) [4] vs Liang/Wang (CHN) [3] | F,OyTqFMdLb_U,https://www.youtube.com/watch?v=OyTqFMdLb_U,BWF TV,UChh-akEbUM8_6ghGVnJd6cQ,UgxoNYmkw7TNCLQj-bd4AaABAg,https://www.youtube.com/watch?v=OyTqFMdLb_U&lc=UgxoNYmkw7TNCLQj-bd4AaABAg,这个吉祥物好可爱,@zerozhang7955,2026-09-02T00:00:00Z,0,
YT2000805,Switzerland vs Finland (2026 IIHF Men’s World Championship),Hockey,,Highlights: Switzerland vs Finland | 2026 #MensWorlds,HIpHZ_vblSo,https://www.youtube.com/watch?v=HIpHZ_vblSo,IIHF,UCtmgna7qB0oQF2oOcVgndbw,UgwHDxss4XU2cmAaSE94AaABAg,https://www.youtube.com/watch?v=HIpHZ_vblSo&lc=UgwHDxss4XU2cmAaSE94AaABAg,"Hey swiss, I do not feel bad for u. FINLAND IS WORLD CHAMPION🎉🎉🎉🎉🎉🎉🎉🎉",@christian_from_finland,2026-07-23T00:00:00Z,0,
YT2000806,Rolly Romero vs Ryan Garcia (2026 Boxing),Boxing,,Fight Highlights | Rolly Romero Stuns Ryan Garcia | Matchroom Boxing,CWUVyUtDivQ,https://www.youtube.com/watch?v=CWUVyUtDivQ,Matchroom Boxing,UC7LReVje9aPB4B6XAsXX8WQ,UgxyTk9m8I0F-gBk4FB4AaABAg,https://www.youtube.com/watch?v=CWUVyUtDivQ&lc=UgxyTk9m8I0F-gBk4FB4AaABAg,Garcia straight up looked so tiered for this fight,@bevrv4315,2026-08-23T00:00:00Z,1,
YT2000807,2026 PFL Africa: Pretoria,MMA,,2026 PFL Africa: Pretoria | Full Event,P1eO07hMeSU,https://www.youtube.com/watch?v=P1eO07hMeSU,PFL MMA,UCPrONRG9hO1f-OrxW-WH-xg,UgyL3Zs1NSfPjhjuomJ4AaABAg,https://www.youtube.com/watch?v=P1eO07hMeSU&lc=UgyL3Zs1NSfPjhjuomJ4AaABAg,PFL is dog water,@rafyWolo,2026-04-23T00:00:00Z,0,
YT2000808,2026 BMW PGA Championship,Golf,,Round 4 Highlights | 2026 BMW PGA Championship,gQZomCyCWuw,https://www.youtube.com/watch?v=gQZomCyCWuw,DP World Tour,UCvZwbZt6YZQ4wj_7qyjPDZw,Ugz0gZkoXdnzXQ_kiXN4AaABAg,https://www.youtube.com/watch?v=gQZomCyCWuw&lc=Ugz0gZkoXdnzXQ_kiXN4AaABAg,"Just pathetic attempt at conveying the story as it unfolded. If you wanted to make a shots of the day reel, just call it that and save us all the time. Awful.",@richardheathcote1014,2026-09-22T00:00:00Z,1,
YT2000809,2026 Green Mountain Championship,Disc Golf,,Final Round Highlights | MPO | 2026 Green Mountain Championship,UoebFpL95VE,https://www.youtube.com/watch?v=UoebFpL95VE,Disc Golf Pro Tour,UCw0WzNn6m2Na6ZW7rKqWI3g,UgyrDKxe0z10ew_p79N4AaABAg,https://www.youtube.com/watch?v=UoebFpL95VE&lc=UgyrDKxe0z10ew_p79N4AaABAg,"Dang man, what a win!",@TruthSpeaker3,2026-09-22T00:00:00Z,2,
YT2000810,Belgium vs Czechia (2026 CEV EuroVolley),Volleyball,,Highlights | BELGIUM vs. CZECHIA | CEV Enel EuroVolley 2026 Men | Eight Finals,PW7s66Q3ZPk,https://www.youtube.com/watch?v=PW7s66Q3ZPk,European Volleyball,UC8XRC858pOERvclUDb_d7rg,Ugxyyl_gBzS-WF-nkr54AaABAg,https://www.youtube.com/watch?v=PW7s66Q3ZPk&lc=Ugxyyl_gBzS-WF-nkr54AaABAg,"belgium isnt even worth a spot in the final 16, a waste of time. u win this match but next, u r out",@nickeast4853,2026-09-21T18:00:00Z,1,
YT2000811,Wallabies vs France (2026 Nations Championship),Rugby,,Wallabies v France Highlights | Nations Championship 2026 | Round 2,qKCIZyiqjbc,https://www.youtube.com/watch?v=qKCIZyiqjbc,Wallabies,UC4Y6lpmGz2rkbOVdrOhjgvQ,UgywSfVsgqkjifqQHPJ4AaABAg,https://www.youtube.com/watch?v=qKCIZyiqjbc&lc=UgywSfVsgqkjifqQHPJ4AaABAg,Australia isn't winning the World Cup at home next year.,@Hammersteyn,2026-07-23T00:00:00Z,0,
YT2000812,Manchester City vs Sunderland (2026 Premier League),Football,,EXTENDED HIGHLIGHTS | Man City 5-3 Sunderland | A Premier League Classic at the Etihad!,dVFiXhUKXmI,https://www.youtube.com/watch?v=dVFiXhUKXmI,Man City,UCkzCjdRMrW2vXLx8mvPVLdQ,UgwxQbWCxTqEaVU3fGN4AaABAg,https://www.youtube.com/watch?v=dVFiXhUKXmI&lc=UgwxQbWCxTqEaVU3fGN4AaABAg,Best attacking threat in the premier league,@DaiwikUnnikrishnan-u7v,2026-09-22T13:00:00Z,0,
YT2000813,India vs Pakistan (2026 Asia Cup Final),Cricket,,India VS Pakistan Extended Highlights | Asia Cup Final | Channel 9 Sports,GFj5cfzYoEQ,https://www.youtube.com/watch?v=GFj5cfzYoEQ,Channel Nine Sports,UCyDQWHMFMoNVDrdw7Y7jAZQ,UgyWJ5qMdZZs9_Q9-UF4AaABAg,https://www.youtube.com/watch?v=GFj5cfzYoEQ&lc=UgyWJ5qMdZZs9_Q9-UF4AaABAg,"Hindustan  🇮🇳🇮🇳🇮🇳 vs Pakistan🇵🇰🇵🇰🇵🇰 Asia cup Match 2014 

Hindustan 🇮🇳🇮🇳🇮🇳

245-8  (50) 
Pakistan🇵🇰🇵🇰🇵🇰 
249-9 (49.4 
Pakistan🇵🇰 1 wicket win 
Pakistan🇵🇰🇵🇰",@vaibhavdeogurjar,2026-09-11T00:00:00Z,0,
YT2000814,Kaitlin Quevedo vs Nadia Podoroska (2026 Sao Paulo Final),Tennis,,Kaitlin Quevedo vs. Nadia Podoroska | 2026 Sao Paulo Final | WTA Match Highlights,paaBBGyLF1A,https://www.youtube.com/watch?v=paaBBGyLF1A,WTA,UCaBIVVpHjq6j3tSyxwTE-8Q,UgyFjAOqQCkEbOhmmmx4AaABAg,https://www.youtube.com/watch?v=paaBBGyLF1A&lc=UgyFjAOqQCkEbOhmmmx4AaABAg,And sao Paolo has over 20 million people doesn’t it and still only ten or twenty people showed up that’s bad tennis must not be very important to anyone there and they just don’t care,@StevenCharron-h8z,2026-09-22T04:00:00Z,1,
YT2000815,2026 Chinese Grand Prix,Formula 1,2026-03-15,Fans React to the 2026 Chinese Grand Prix,77NaHUPQZto,https://www.youtube.com/watch?v=77NaHUPQZto,Kr1s,UCz-llHGeBJB06SA6g-Q_JKA,UgzNe_1MJlqQvIKqfTN4AaABAg,https://www.youtube.com/watch?v=77NaHUPQZto&lc=UgzNe_1MJlqQvIKqfTN4AaABAg,"4:08 Well this aged like milk, fortunately.",@Dzokhar,2026-06-23T00:00:00Z,4,
YT2000816,Atlanta Dream vs New York Liberty (2026 WNBA),Basketball,2026-09-21,"Atlanta Dream vs. New York Liberty | FULL GAME HIGHLIGHTS | September 21, 2026",Cazz5y4tbg8,https://www.youtube.com/watch?v=Cazz5y4tbg8,WNBA,UCO9a_ryN_l7DIDS-VIt-zmw,UgxX5LFG4tK71yMYVYJ4AaABAg,https://www.youtube.com/watch?v=Cazz5y4tbg8&lc=UgxX5LFG4tK71yMYVYJ4AaABAg,Call me sentimental but Hilman has the cutest three point shot 🤭😂 Go Dream! 🎉🎉🎉,@hildaheard2185,2026-09-22T13:00:00Z,1,
YT2000817,2026 World Athletics Relays Gaborone,Athletics,,Top 10 Moments from the World Athletics Relays Gaborone 2026,6OeLLKS5EoA,https://www.youtube.com/watch?v=6OeLLKS5EoA,World Athletics,UCQk7fWv15ChjMJLCRVmtApw,UgzG8F_qv_seqEaLxUF4AaABAg,https://www.youtube.com/watch?v=6OeLLKS5EoA&lc=UgzG8F_qv_seqEaLxUF4AaABAg,Damn...Smoking relays..,@Danilo-Daniel,2026-08-23T00:00:00Z,0,
YT2000818,Lakshya Sen vs Lin Chun-Yi (2026 All England Open),Badminton,,YONEX All England Open 2026 | Lakshya Sen (IND) vs Lin Chun-Yi (TPE) | F,7Q5JTy88JfQ,https://www.youtube.com/watch?v=7Q5JTy88JfQ,BWF TV,UChh-akEbUM8_6ghGVnJd6cQ,UgwOUNAOSE9goqzTfc14AaABAg,https://www.youtube.com/watch?v=7Q5JTy88JfQ&lc=UgwOUNAOSE9goqzTfc14AaABAg,Lakshaya has better moves but can't read his mind at all,@muhammadmuzammil6446,2026-08-23T00:00:00Z,0,
YT2000819,Slovakia vs Czechia (2026 IIHF Men’s World Championship),Hockey,,Highlights: Slovakia vs Czechia | 2026 #MensWorlds,i9HSH4dvZg8,https://www.youtube.com/watch?v=i9HSH4dvZg8,IIHF,UCtmgna7qB0oQF2oOcVgndbw,UgykTA7Y8qEF2T9QAPB4AaABAg,https://www.youtube.com/watch?v=i9HSH4dvZg8&lc=UgykTA7Y8qEF2T9QAPB4AaABAg,999th comment,@Cubayz,2026-06-23T00:00:00Z,1,
YT2000820,Bam Rodriguez vs Vargas (2026 Boxing),Boxing,,Bam Rodriguez Knocks Out Vargas To Become Three-Weight World Champ | Matchroom Boxing,5i51aZYjocM,https://www.youtube.com/watch?v=5i51aZYjocM,Matchroom Boxing,UC7LReVje9aPB4B6XAsXX8WQ,UgwbKOAhWbK40jAwaFp4AaABAg,https://www.youtube.com/watch?v=5i51aZYjocM&lc=UgwbKOAhWbK40jAwaFp4AaABAg,"バムは井上尚弥には勝てないと確信した。
井上尚弥はバンタムでもスーパーバンタムでも、階級上げても圧倒的に支配して勝ってきた。
KO勝ちはしたものの、バムはボディを効かされたり押し込まれたり、強くは見えなかった。
中谷にも井上拓真にも堤にも勝てないだろうね。",@jimmy0705,2026-06-23T00:00:00Z,1,
YT2000821,ONE Friday Fights 171,MMA,,ONE Friday Fights 171 | Explosive Highlights 🔥,dWNc1BdF9Mk,https://www.youtube.com/watch?v=dWNc1BdF9Mk,ONE Championship,UCiormkBf3jm6mfb7k0yPbKA,UgzvGKL64G94qwj7MzJ4AaABAg,https://www.youtube.com/watch?v=dWNc1BdF9Mk&lc=UgzvGKL64G94qwj7MzJ4AaABAg,ဝေဖြိုးရဲ့အသုံးတော်ခံပါ,@dhdbhehddh7959,2026-09-20T00:00:00Z,0,
YT2000822,2026 BMW PGA Championship Final Round,Golf,,Final Round DRAMA at Wentworth | 2026 BMW PGA Championship,fJWYN9Sk7wo,https://www.youtube.com/watch?v=fJWYN9Sk7wo,DP World Tour,UCvZwbZt6YZQ4wj_7qyjPDZw,UgwRmLlQjmFe1g43wCF4AaABAg,https://www.youtube.com/watch?v=fJWYN9Sk7wo&lc=UgwRmLlQjmFe1g43wCF4AaABAg,DP World Tour - masters of spoiler titles!,@Mr_Vestergaard,2026-09-21T18:00:00Z,1,
YT2000823,2026 Green Mountain Championship,Disc Golf,,Final Round Highlights | MPO | 2026 Green Mountain Championship,UoebFpL95VE,https://www.youtube.com/watch?v=UoebFpL95VE,Disc Golf Pro Tour,UCw0WzNn6m2Na6ZW7rKqWI3g,Ugz0qeP2xtz1BC907Wl4AaABAg,https://www.youtube.com/watch?v=UoebFpL95VE&lc=Ugz0qeP2xtz1BC907Wl4AaABAg,Love that we're getting some new and different winners.,@Big-G-man85,2026-09-22T00:00:00Z,51,
YT2000824,Japan vs Iran (2026 AVC Men’s Continental Championship Final),Volleyball,,Japan 🇯🇵 vs. Iran 🇮🇷 - Final | AVC Men's Continental Championships 2026 | Gold Match Highlights,a0iA57_4oCw,https://www.youtube.com/watch?v=a0iA57_4oCw,Volleyball World,UCNMg6XDhRZI2QzL4pWOvP_w,Ugyj1TjLj3wFrFv-M9B4AaABAg,https://www.youtube.com/watch?v=a0iA57_4oCw&lc=Ugyj1TjLj3wFrFv-M9B4AaABAg,di tengah tekanan.. Iran yang terbaik...,@CERAMAH_VIRAL_INDONESIA,2026-09-21T00:00:00Z,1,
YT2000825,All Blacks vs Lions (2026 Rugby),Rugby,,"MINI MATCH | All Blacks v Lions | Johannesburg, 2026",6MbNY6WCctU,https://www.youtube.com/watch?v=6MbNY6WCctU,All Blacks,UCsAPiUMyBjtKamxYGbSUnLA,Ugyxj8y3CAeosjd7t6F4AaABAg,https://www.youtube.com/watch?v=6MbNY6WCctU&lc=Ugyxj8y3CAeosjd7t6F4AaABAg,What a good game definitely have Reiko mounga and beaudy Barret against South Africa in the next game also have lakai Jacobson savea as the loosies 💯👏💪 we need all the strong powerful players we can get against South Africa in the next game 💪💪👏🖤🖤,@Solidcoconut274,2026-09-02T00:00:00Z,0,
YT2000826,Brentford vs Chelsea (2026 Premier League),Football,2026-09-18,Brentford 3-0 Chelsea | HIGHLIGHTS | Premier League 2026/27,gwrydB4FO_Y,https://www.youtube.com/watch?v=gwrydB4FO_Y,Chelsea Football Club,UCU2PacFf99vhb3hNiYDmxww,Ugwyns44LRN6auBjHjJ4AaABAg,https://www.youtube.com/watch?v=gwrydB4FO_Y&lc=Ugwyns44LRN6auBjHjJ4AaABAg,Poor defence caused the second and the third goals.,@collinschukwuemeka3308,2026-09-21T16:00:00Z,0,
YT2000827,India vs Japan (2026 T20I),Cricket,,India vs Japan T20 Match Full Highlights 2026 | India vs Japan Highlights,AcDMlgbrcK4,https://www.youtube.com/watch?v=AcDMlgbrcK4,Cricket Expert,UCWSCF-pqjmfIM4Dmxwh0ViQ,UgwdJIs32TGgUStLTah4AaABAg,https://www.youtube.com/watch?v=AcDMlgbrcK4&lc=UgwdJIs32TGgUStLTah4AaABAg,Please send our under 19 team,@sahabahmed5597,2026-09-22T13:00:00Z,0,
YT2000828,Jessica Pegula vs Alexandra Eala (2026 Washington Final),Tennis,,"Jessica Pegula vs. Alexandra Eala | 2026 Washington, DC Final | WTA Match Highlights",OvjNXy1mQjY,https://www.youtube.com/watch?v=OvjNXy1mQjY,WTA,UCaBIVVpHjq6j3tSyxwTE-8Q,UgxC992FiMqpYZfVa2R4AaABAg,https://www.youtube.com/watch?v=OvjNXy1mQjY&lc=UgxC992FiMqpYZfVa2R4AaABAg,Why not reschedule WTA China to a date that will not affect Asina Games?. Simple as that. We should not compete but cooperate. Everybody happy!,@JesEbooks,2026-09-12T00:00:00Z,0,
YT2000829,2026 Dutch Grand Prix,Formula 1,2026-08-23,Fans React to the 2026 Dutch Grand Prix,NyQ_Ukqyj1s,https://www.youtube.com/watch?v=NyQ_Ukqyj1s,Kr1s,UCz-llHGeBJB06SA6g-Q_JKA,Ugyrm1iffdNI3u5lIPJ4AaABAg,https://www.youtube.com/watch?v=NyQ_Ukqyj1s&lc=Ugyrm1iffdNI3u5lIPJ4AaABAg,We needed this after that break. NIIIIICCCCCOOOOO HUUUUUUUULKENBERGGGGGG,@zackscoooy,2026-09-02T00:00:00Z,0,
YT2000830,Washington Mystics vs Indiana Fever (2026 WNBA),Basketball,2026-09-20,"Washington Mystics vs. Indiana Fever | FULL GAME HIGHLIGHTS | September 20, 2026",8cV4ZkdKn7g,https://www.youtube.com/watch?v=8cV4ZkdKn7g,WNBA,UCO9a_ryN_l7DIDS-VIt-zmw,UgxLR04ybdxUXqHeNE94AaABAg,https://www.youtube.com/watch?v=8cV4ZkdKn7g&lc=UgxLR04ybdxUXqHeNE94AaABAg,Omg clark can't shoot worth a damn 30 percent shooting. She leaves alot of points on the court. Indiana can't afford to give away points. She can't shoot and sucks at defense.,@johnwebster5740,2026-09-22T09:00:00Z,0,
YT2000831,2026 World Athletics Ultimate Championship Day 1,Athletics,,Day 1 Full Highlights | World Athletics Ultimate Championship,yaw5_mUtsLE,https://www.youtube.com/watch?v=yaw5_mUtsLE,World Athletics,UCQk7fWv15ChjMJLCRVmtApw,Ugx_wY7LT5n1k2kxX0t4AaABAg,https://www.youtube.com/watch?v=yaw5_mUtsLE&lc=Ugx_wY7LT5n1k2kxX0t4AaABAg,I much prefer watching the Diamond League events. This Ultimate championship seems designed to be abrasive and tiring for the viewer.,@Discombobulating,2026-09-14T00:00:00Z,0,
YT2000832,China vs France (2026 BWF Thomas Cup Final),Badminton,,BWF Thomas Cup Finals 2026 | China vs France | Final,X-Swcau8laI,https://www.youtube.com/watch?v=X-Swcau8laI,BWF TV,UChh-akEbUM8_6ghGVnJd6cQ,UgzKHSbuQ9SiGiV_sTB4AaABAg,https://www.youtube.com/watch?v=X-Swcau8laI&lc=UgzKHSbuQ9SiGiV_sTB4AaABAg,"THOMAS CUP 2026 Medals Table
🥇 CHINA 🇨🇳
🥈 FRANCE 🇨🇵
🥉 INDIA 🇮🇳
🥉 DENMARK 🇩🇰
Congratulations to all the Medalists.",@mrinangochakraborty9103,2026-06-23T00:00:00Z,0,
YT2000833,Finland vs USA (2026 IIHF Men’s World Championship),Hockey,,Highlights: Finland vs USA | 2026 #MensWorlds,5Z4XRREGbmU,https://www.youtube.com/watch?v=5Z4XRREGbmU,IIHF,UCtmgna7qB0oQF2oOcVgndbw,UgzFbSxKut_VkTVfF5l4AaABAg,https://www.youtube.com/watch?v=5Z4XRREGbmU&lc=UgzFbSxKut_VkTVfF5l4AaABAg,"Congrats Finland well played, from Sweden i always cheer on the nordic countries",@Fenix4573,2026-06-23T00:00:00Z,2,
YT2000834,Raymond Muratalla vs Andy Cruz (2026 Boxing),Boxing,,Raymond Muratalla Retains World Title vs Andy Cruz | Highlights | Matchroom,5gddebIxomA,https://www.youtube.com/watch?v=5gddebIxomA,Matchroom Boxing,UC7LReVje9aPB4B6XAsXX8WQ,UgwXq4pDqdFVKeOgWJV4AaABAg,https://www.youtube.com/watch?v=5gddebIxomA&lc=UgwXq4pDqdFVKeOgWJV4AaABAg,Muratia is so sharpe and very good stamina indurance,@michaelkeenan2212,2026-02-23T00:00:00Z,0,
YT2000835,ONE Friday Fights 170,MMA,,ONE Friday Fights 170 | Thrilling Fight Highlights 💪,n_ZYgAY0EIM,https://www.youtube.com/watch?v=n_ZYgAY0EIM,ONE Championship,UCiormkBf3jm6mfb7k0yPbKA,UgzZgg3F-f3Z_27MGM54AaABAg,https://www.youtube.com/watch?v=n_ZYgAY0EIM&lc=UgzZgg3F-f3Z_27MGM54AaABAg,"Man, these judges are so bad.  So much robbery.",@paulogmf,2026-09-14T00:00:00Z,13,
YT2000836,2026 BMW PGA Championship,Golf,,Round 4 Highlights | 2026 BMW PGA Championship,gQZomCyCWuw,https://www.youtube.com/watch?v=gQZomCyCWuw,DP World Tour,UCvZwbZt6YZQ4wj_7qyjPDZw,UgyXfp53_SFzfWqvmzt4AaABAg,https://www.youtube.com/watch?v=gQZomCyCWuw&lc=UgyXfp53_SFzfWqvmzt4AaABAg,Did the champion golfer of the year play today at all?,@yendys,2026-09-22T00:00:00Z,0,
YT2000837,2026 Green Mountain Championship,Disc Golf,,Final Round Highlights | MPO | 2026 Green Mountain Championship,UoebFpL95VE,https://www.youtube.com/watch?v=UoebFpL95VE,Disc Golf Pro Tour,UCw0WzNn6m2Na6ZW7rKqWI3g,UgzJUDsbhCUyyj97R9V4AaABAg,https://www.youtube.com/watch?v=UoebFpL95VE&lc=UgzJUDsbhCUyyj97R9V4AaABAg,Spoiler alert he lost,@Finduski,2026-09-22T00:00:00Z,1,
YT2000838,Slovenia vs Serbia (2026 CEV EuroVolley),Volleyball,,Highlights | SLOVENIA vs. SERBIA | CEV Enel EuroVolley 2026 Men | Eight Finals,4OR3mlRfFDU,https://www.youtube.com/watch?v=4OR3mlRfFDU,European Volleyball,UC8XRC858pOERvclUDb_d7rg,Ugy0wvbJxW5rfth_A1B4AaABAg,https://www.youtube.com/watch?v=4OR3mlRfFDU&lc=Ugy0wvbJxW5rfth_A1B4AaABAg,Cebul Klemen akhirnya dia kembali,@fajarnurohman7970,2026-09-22T06:00:00Z,2,
YT2000839,Springboks vs England (2026 Rugby),Rugby,2026-07-04,Springboks v England at Ellis Park | Extended Highlights | 4 July 2026,hS3CsahX3Kc,https://www.youtube.com/watch?v=hS3CsahX3Kc,Official Springbok YouTube,UCVI5iqtQOsWZwtAg1o3SIAQ,Ugxa8roZZ_ofo6SUlrN4AaABAg,https://www.youtube.com/watch?v=hS3CsahX3Kc&lc=Ugxa8roZZ_ofo6SUlrN4AaABAg,So proud of the Boks. I feel honoured and privileged every time I get to see us play.,@sleipnir7124,2026-08-23T00:00:00Z,8,
YT2000840,2026 UEFA Champions League Matchday 1,Football,,EVERY Champions League Goal From Matchday 1 | Highlights,DLOUfAVwuXA,https://www.youtube.com/watch?v=DLOUfAVwuXA,UEFA,UCyGa1YEx9ST66rYrJTGIKOw,UgwdhaAcot3x3bX2EFB4AaABAg,https://www.youtube.com/watch?v=DLOUfAVwuXA&lc=UgwdhaAcot3x3bX2EFB4AaABAg,Club England emang jago2 di ucl 🎉,@krn_cinemaprojects96,2026-09-20T00:00:00Z,0,
YT2000841,"Afghanistan vs India (2026 T20I Series, Match 3)",Cricket,,Match Highlights | Afghanistan vs India | Match 03 | T20I Series 2026 | ACB | M9N1J,CJU-fIbr8Vk,https://www.youtube.com/watch?v=CJU-fIbr8Vk,Sports Central by DRM,UC-fzWbU1zavz77kP1gPPdSg,UgxOvaDTCaARB1syN0d4AaABAg,https://www.youtube.com/watch?v=CJU-fIbr8Vk&lc=UgxOvaDTCaARB1syN0d4AaABAg,Number 2nd team 😂😂😂😂,@ShbirAhmad-d5j,2026-09-19T00:00:00Z,0,
YT2000842,Kyoka Okamura vs Leylah Fernandez (2026 Singapore),Tennis,,Kyoka Okamura vs. Leylah Fernandez | 2026 Singapore Round 1 | WTA Match Highlights,87I2JwzG140,https://www.youtube.com/watch?v=87I2JwzG140,WTA,UCaBIVVpHjq6j3tSyxwTE-8Q,Ugwi30hImLhsqmDPN1R4AaABAg,https://www.youtube.com/watch?v=87I2JwzG140&lc=Ugwi30hImLhsqmDPN1R4AaABAg,Don't forget Leyla has beaten shoutalenka before.,@TheBigUnInstall,2026-09-22T10:00:00Z,1,
YT2000843,2026 Barcelona-Catalunya Grand Prix,Formula 1,2026-06-14,Fans React to the 2026 Barcelona-Catalunya Grand Prix,thGDQT82t6c,https://www.youtube.com/watch?v=thGDQT82t6c,Kr1s,UCz-llHGeBJB06SA6g-Q_JKA,Ugz_vXJGDKTktXTAT2F4AaABAg,https://www.youtube.com/watch?v=thGDQT82t6c&lc=Ugz_vXJGDKTktXTAT2F4AaABAg,"Despite of ignoring the Red Flag of the Kardashian, Lewis win Barcelona race! Congratulation to Lewis!",@adibz959,2026-06-23T00:00:00Z,0,
YT2000844,Seattle Storm vs Golden State Valkyries (2026 WNBA),Basketball,2026-09-19,"Seattle Storm vs. Golden State Valkyries | FULL GAME HIGHLIGHTS | September 19, 2026",o8UOT-qXhs8,https://www.youtube.com/watch?v=o8UOT-qXhs8,WNBA,UCO9a_ryN_l7DIDS-VIt-zmw,UgwS79tJFRz_UfjTQMp4AaABAg,https://www.youtube.com/watch?v=o8UOT-qXhs8&lc=UgwS79tJFRz_UfjTQMp4AaABAg,If I was Seattle I would go and get Kelsey Plum as my free agent and since they are going to get a high pick in the daft. I would go after the best small forward I can get. Kelsey Plum would make everyone on the team better especially the center. Her and big 4 in my back court would be great,@shawntellbenard6547,2026-09-22T00:00:00Z,0,
YT2000845,2026 European Athletics Championships Day 1,Athletics,,Day One Highlights | Birmingham 2026 European Athletics Championships,HBzZeY_kr_4,https://www.youtube.com/watch?v=HBzZeY_kr_4,European Athletics,UCp21zu_8Hd0w9HULooemRCA,Ugzjbcf5NNBp5SR9-kB4AaABAg,https://www.youtube.com/watch?v=HBzZeY_kr_4&lc=Ugzjbcf5NNBp5SR9-kB4AaABAg,Wow. Gratulerer 🇳🇴Ro!,@SandraMilenaIden,2026-08-23T00:00:00Z,0,
YT2000846,Alex Lanier vs Kunlavut Vitidsarn (2026 BWF World Championships),Badminton,,Alex Lanier vs Kunlavut Vitidsarn | Pressure points and momentum swings,06FN__FMaUc,https://www.youtube.com/watch?v=06FN__FMaUc,BWF TV,UChh-akEbUM8_6ghGVnJd6cQ,UgzWHuGD5Fl_gW8Qf8l4AaABAg,https://www.youtube.com/watch?v=06FN__FMaUc&lc=UgzWHuGD5Fl_gW8Qf8l4AaABAg,Somebody take Kunlavut to train with Chau Tien Chen,@joolpipop300,2026-08-23T00:00:00Z,2,
YT2000847,2026 Stanley Cup Final,Hockey,,Best Goals from the 2026 Stanley Cup Final,E4UXPDyRwgQ,https://www.youtube.com/watch?v=E4UXPDyRwgQ,NHL,UCqFMzb-4AUf6WAIbl132QKA,Ugw-fWcHSmD8gvd4wMx4AaABAg,https://www.youtube.com/watch?v=E4UXPDyRwgQ&lc=Ugw-fWcHSmD8gvd4wMx4AaABAg,What an uninteresting final and playoffs in general. Such a turn off,@dannydevito2989,2026-06-23T00:00:00Z,0,
YT2000848,Abdullah Mason vs Ornelas (2026 Boxing),Boxing,,Abdullah Mason DROPS Ornelas Repeatedly in Brutal Win,d6A3cVkIKGc,https://www.youtube.com/watch?v=d6A3cVkIKGc,Top Rank Boxing,UCbzRzJNHx7ZLlJML9BjZQVQ,UgyKiwMaq3nRCZ_fwIF4AaABAg,https://www.youtube.com/watch?v=d6A3cVkIKGc&lc=UgyKiwMaq3nRCZ_fwIF4AaABAg,Seeing J prince in Abullah Mason corner cheesing annoys tf out of me. Move around and go handle your gangster life and fake gangster son in Houston.,@JohnDoe-is5oz,2026-07-23T00:00:00Z,1,
YT2000849,ONE Friday Fights 169,MMA,,ONE Friday Fights 169 Highlights 💥🥊,RwqvQX9iDJE,https://www.youtube.com/watch?v=RwqvQX9iDJE,ONE Championship,UCiormkBf3jm6mfb7k0yPbKA,Ugw8ru0dQzMy8anNShp4AaABAg,https://www.youtube.com/watch?v=RwqvQX9iDJE&lc=Ugw8ru0dQzMy8anNShp4AaABAg,"Haven't watched the full fight, did Vortiah really lose that? He looked better in this highlight",@ProceedBachi,2026-09-09T00:00:00Z,5,
YT2000850,2026 BMW PGA Championship Final Round,Golf,,Final Round DRAMA at Wentworth | 2026 BMW PGA Championship,fJWYN9Sk7wo,https://www.youtube.com/watch?v=fJWYN9Sk7wo,DP World Tour,UCvZwbZt6YZQ4wj_7qyjPDZw,Ugz-YjaUui2HPqsXyzl4AaABAg,https://www.youtube.com/watch?v=fJWYN9Sk7wo&lc=Ugz-YjaUui2HPqsXyzl4AaABAg,LIV guys missing makes this an almost great group at the front. Congrats JJ,@boomerxta,2026-09-21T18:00:00Z,0,
YT2000851,2026 Green Mountain Championship,Disc Golf,,Final Round Highlights | MPO | 2026 Green Mountain Championship,UoebFpL95VE,https://www.youtube.com/watch?v=UoebFpL95VE,Disc Golf Pro Tour,UCw0WzNn6m2Na6ZW7rKqWI3g,Ugy6t9L-BcJQrxyfSRt4AaABAg,https://www.youtube.com/watch?v=UoebFpL95VE&lc=Ugy6t9L-BcJQrxyfSRt4AaABAg,"Raven Newsom won. If that spoiled it for you then next time don't go to the comment section until after you watch it, geniuses.",@Garrardd,2026-09-22T00:00:00Z,11,
YT2000852,Japan vs USA (2026 Men’s VNL Semifinal),Volleyball,,Japan 🇯🇵 vs. USA 🇺🇸 - Semi Final | Highlights | Men's VNL 2026,Cvj9Q6fYu3s,https://www.youtube.com/watch?v=Cvj9Q6fYu3s,Volleyball World,UCNMg6XDhRZI2QzL4pWOvP_w,UgwGDMho1shNzOkRpmZ4AaABAg,https://www.youtube.com/watch?v=Cvj9Q6fYu3s&lc=UgwGDMho1shNzOkRpmZ4AaABAg,What happened japan 😢,@tilawakohalamiauy-q4v,2026-09-02T00:00:00Z,0,
YT2000853,Hurricanes vs Blues (2026 Super Rugby Pacific),Rugby,,HURRICANES v BLUES | Rd 9 Highlights | Super Rugby Pacific 2026,TLq0hc3Oxtg,https://www.youtube.com/watch?v=TLq0hc3Oxtg,Super Rugby Pacific,UCDOGExGCsrrt_RrGDgLuMww,UgySFcawq2oOqAJLGPV4AaABAg,https://www.youtube.com/watch?v=TLq0hc3Oxtg&lc=UgySFcawq2oOqAJLGPV4AaABAg,Blues 😂🙈,@joneverebasaga46,2026-04-23T00:00:00Z,0,
YT2000854,Barcelona vs Feyenoord (2026 UEFA Champions League),Football,,Barcelona vs. Feyenoord: Extended Highlights | UCL League Phase MD 1 | CBS Sports Golazo,kPdMCaxCNJQ,https://www.youtube.com/watch?v=kPdMCaxCNJQ,CBS Sports Golazo,UCET00YnetHT7tOpu12v8jxg,Ugy_D1B_T3iZAmeh9GJ4AaABAg,https://www.youtube.com/watch?v=kPdMCaxCNJQ&lc=Ugy_D1B_T3iZAmeh9GJ4AaABAg,Garabiel showing why he has played for some top clubs in his career the dude just makes good things happen,@SheltonParkerJR,2026-09-17T00:00:00Z,0,
YT2000855,"Afghanistan vs India (2026 T20I Series, Match 3)",Cricket,,Full Match Highlights | Afghanistan vs India | Match 03 | T20I Series 2026 | ACB | M9N1J,TapC28fhANQ,https://www.youtube.com/watch?v=TapC28fhANQ,Sports Central by DRM,UC-fzWbU1zavz77kP1gPPdSg,UgytYdsxDIzCt1BvblB4AaABAg,https://www.youtube.com/watch?v=TapC28fhANQ&lc=UgytYdsxDIzCt1BvblB4AaABAg,Afganistan only depends on rashid khand and gurbaaz when they perform well they can beat any team,@harwindersingh4170,2026-09-20T00:00:00Z,0,
YT2000856,Carlos Alcaraz vs Jannik Sinner (2026 Monte-Carlo Final),Tennis,,Carlos Alcaraz vs Jannik Sinner FIRST Final of 2026 🔥 | Monte-Carlo 2026 Final Highlights,dQUKOY8D3IE,https://www.youtube.com/watch?v=dQUKOY8D3IE,Tennis TV,UCbcxFkd6B9xUU54InHv4Tig,UgyHSvpRfpiLvMutM414AaABAg,https://www.youtube.com/watch?v=dQUKOY8D3IE&lc=UgyHSvpRfpiLvMutM414AaABAg,Heavy bias towards carlitos as per usual 😂,@Axel-em6je,2026-08-23T00:00:00Z,3,
YT2000857,2026 Hungarian Grand Prix,Formula 1,2026-07-26,Fans React to the 2026 Hungarian Grand Prix,SDzQqr7-JwY,https://www.youtube.com/watch?v=SDzQqr7-JwY,Kr1s,UCz-llHGeBJB06SA6g-Q_JKA,Ugz1qKwmAvS7ZQd5fmR4AaABAg,https://www.youtube.com/watch?v=SDzQqr7-JwY&lc=Ugz1qKwmAvS7ZQd5fmR4AaABAg,How/where to watch fabio’s complete stream?,@bariknizamani8509,2026-08-23T00:00:00Z,0,
YT2000858,Phoenix Mercury vs Portland Fire (2026 WNBA),Basketball,2026-09-17,"Phoenix Mercury vs. Portland Fire | FULL GAME HIGHLIGHTS | September 17, 2026",HkKKiotHvyI,https://www.youtube.com/watch?v=HkKKiotHvyI,WNBA,UCO9a_ryN_l7DIDS-VIt-zmw,UgybD29BcInDWOkdaSF4AaABAg,https://www.youtube.com/watch?v=HkKKiotHvyI&lc=UgybD29BcInDWOkdaSF4AaABAg,Both teams left it all on the Floor.🏀,@ostrichwayne,2026-09-20T00:00:00Z,0,
YT2000859,2026 European Athletics Championships Day 5,Athletics,,Day Five Highlights | Birmingham 2026 European Athletics Championships,SVDkKeN8kIU,https://www.youtube.com/watch?v=SVDkKeN8kIU,European Athletics,UCp21zu_8Hd0w9HULooemRCA,UgzhZnxegi06B2VmKgd4AaABAg,https://www.youtube.com/watch?v=SVDkKeN8kIU&lc=UgzhZnxegi06B2VmKgd4AaABAg,The 800 was dynamite. Something tells me keelys fatal mistake was at 200m in when she let werro slide in front of her. She's strongest running from the front and I think she could've put enough pressure on werro to get rid of her kick. Something tells me that's what her coaches will tell her,@RosscoFAM,2026-08-23T00:00:00Z,0,
YT2000860,An Se Young vs Akane Yamaguchi (2026 BWF World Championships),Badminton,,An Se Young vs Akane Yamaguchi | A clash of champions,49OglwaWp_Y,https://www.youtube.com/watch?v=49OglwaWp_Y,BWF TV,UChh-akEbUM8_6ghGVnJd6cQ,UgwvhHaE1Rwlo5pXbb54AaABAg,https://www.youtube.com/watch?v=49OglwaWp_Y&lc=UgwvhHaE1Rwlo5pXbb54AaABAg,ASy🎉🎉🎉,@라그리마-h7s,2026-08-26T00:00:00Z,3,
YT2000861,2026 Stanley Cup Final,Hockey,,EVERY GOAL from the 2026 Stanley Cup Final!,mlFpQC2i9Xw,https://www.youtube.com/watch?v=mlFpQC2i9Xw,NHL,UCqFMzb-4AUf6WAIbl132QKA,Ugz7k_jwpR3nDIBXd5R4AaABAg,https://www.youtube.com/watch?v=mlFpQC2i9Xw&lc=Ugz7k_jwpR3nDIBXd5R4AaABAg,That Ehlers pass in game 5 that put the canes up 4-1 was absolutely filthy,@SamJohnson-er9ec,2026-07-23T00:00:00Z,0,
YT2000862,Legendary Boxing Fights Collection,Boxing,,"12 Hours of Legendary Fights | Mayweather, Ali, Inoue & More",4GCNfWec-30,https://www.youtube.com/watch?v=4GCNfWec-30,Top Rank Boxing,UCbzRzJNHx7ZLlJML9BjZQVQ,UgyDKmTAyvZU8xwi88d4AaABAg,https://www.youtube.com/watch?v=4GCNfWec-30&lc=UgyDKmTAyvZU8xwi88d4AaABAg,That George Foreman fight was weak,@Lockupjay24,2026-03-23T00:00:00Z,1,
YT2000863,Joshua Pacio vs Mansur Malachiev (ONE Championship),MMA,,Wushu Meets Dagestani Wrestling ⚔️ Joshua Pacio 🇵🇭 vs. Mansur Malachiev 🇷🇺 | MMA Full Fight,fW2PNH4L-DU,https://www.youtube.com/watch?v=fW2PNH4L-DU,ONE Championship,UCiormkBf3jm6mfb7k0yPbKA,UgxX0tPkgmyHwnnPfSh4AaABAg,https://www.youtube.com/watch?v=fW2PNH4L-DU&lc=UgxX0tPkgmyHwnnPfSh4AaABAg,"It's unjustified,the Russian was winner but 😢",@aliasghar1615,2026-09-09T00:00:00Z,0,
YT2000864,2026 BMW PGA Championship,Golf,,Round 4 Highlights | 2026 BMW PGA Championship,gQZomCyCWuw,https://www.youtube.com/watch?v=gQZomCyCWuw,DP World Tour,UCvZwbZt6YZQ4wj_7qyjPDZw,UgyS5gcxrbDhu8mDI4p4AaABAg,https://www.youtube.com/watch?v=gQZomCyCWuw&lc=UgyS5gcxrbDhu8mDI4p4AaABAg,Elvira with an Eagle on 17 and double Bogey on 18 to miss the draw out is lowk the biggest choke ever :D,@2sk8mafia4life,2026-09-22T00:00:00Z,3,
YT2000865,2026 Green Mountain Championship,Disc Golf,,Final Round Highlights | MPO | 2026 Green Mountain Championship,UoebFpL95VE,https://www.youtube.com/watch?v=UoebFpL95VE,Disc Golf Pro Tour,UCw0WzNn6m2Na6ZW7rKqWI3g,UgwcBeVYEUN5QpZKBDh4AaABAg,https://www.youtube.com/watch?v=UoebFpL95VE&lc=UgwcBeVYEUN5QpZKBDh4AaABAg,Im not crying. It's just windy in here. shut up,@TheLoathsomeDongEater,2026-09-22T00:00:00Z,0,
YT2000866,USA vs Poland (2026 Men’s VNL Final),Volleyball,,USA 🇺🇸 vs. Poland 🇵🇱 - Gold Match | Highlights | Men's VNL 2026 - Final,SAjrSUNCQbc,https://www.youtube.com/watch?v=SAjrSUNCQbc,Volleyball World,UCNMg6XDhRZI2QzL4pWOvP_w,UgyQ6LhgSk8pxgz382B4AaABAg,https://www.youtube.com/watch?v=SAjrSUNCQbc&lc=UgyQ6LhgSk8pxgz382B4AaABAg,Volleyball community hiii,@Usaard,2026-08-23T00:00:00Z,0,
YT2000867,South Africa vs New Zealand (2026 Rugby Test),Rugby,,SOUTH AFRICA v NEW ZEALAND | 4th Test Highlights | Rugby's Greatest Rivalry 2026,G3s7nFFiRyk,https://www.youtube.com/watch?v=G3s7nFFiRyk,SANZAAR TV,UCvMgypvk0d5P0K3F3bB19Eg,Ugx4_b2_kxDTxA7nSBZ4AaABAg,https://www.youtube.com/watch?v=G3s7nFFiRyk&lc=Ugx4_b2_kxDTxA7nSBZ4AaABAg,All blacks still not using tavatavanawai like bruhh are you saving him for christmas??,@stormedine1137,2026-09-17T00:00:00Z,0,
YT2000868,Liverpool vs Atlético Madrid (2026 UEFA Champions League),Football,,Liverpool vs. Atlético Madrid: Extended Highlights | UCL League Phase MD 1 | CBS Sports Golazo,GRp9iiO-I3k,https://www.youtube.com/watch?v=GRp9iiO-I3k,CBS Sports Golazo,UCET00YnetHT7tOpu12v8jxg,UgyiprCEiYiU9d0SKnN4AaABAg,https://www.youtube.com/watch?v=GRp9iiO-I3k&lc=UgyiprCEiYiU9d0SKnN4AaABAg,"Barco,a still can’t finish 😂😂 Liverpool overpaid",@RageMythics,2026-09-13T00:00:00Z,0,
YT2000869,"Afghanistan vs India (2026 T20I Series, Match 2)",Cricket,,Full Match Highlights | Afghanistan vs India | Match 02 | T20I Series 2026 | ACB | M9N1J,svAuradtMZw,https://www.youtube.com/watch?v=svAuradtMZw,Sports Central by DRM,UC-fzWbU1zavz77kP1gPPdSg,Ugxv0r0zenVWwpErCMJ4AaABAg,https://www.youtube.com/watch?v=svAuradtMZw&lc=Ugxv0r0zenVWwpErCMJ4AaABAg,দুধের বাচ্চাগুলা রে পাইয়া যা খেলা দিলে দাদা বাবুরা তোমরা খালি আফগানিস্তান আয়ারল্যান্ড আর জিম্বাবুয়ে পারবা,@FarhanabidtawsinAbid,2026-09-17T00:00:00Z,0,
YT2000870,Andrey Rublev vs Arthur Fils (2026 Barcelona Final),Tennis,,Andrey Rublev vs Arthur Fils for the Title! 🏆 | Barcelona 2026 Final Highlights,ugTb7lPGgI8,https://www.youtube.com/watch?v=ugTb7lPGgI8,Tennis TV,UCbcxFkd6B9xUU54InHv4Tig,UgzplxOPaw7QE8lB-rl4AaABAg,https://www.youtube.com/watch?v=ugTb7lPGgI8&lc=UgzplxOPaw7QE8lB-rl4AaABAg,Vegeta! What did you say his power level is???,@thomaswagner5074,2026-05-23T00:00:00Z,0,
YT2000871,2026 Canadian Grand Prix,Formula 1,2026-05-24,Fans React to the 2026 Canadian Grand Prix,MfGFEzeee54,https://www.youtube.com/watch?v=MfGFEzeee54,Kr1s,UCz-llHGeBJB06SA6g-Q_JKA,Ugx_Wpm9GXUdURTs9IZ4AaABAg,https://www.youtube.com/watch?v=MfGFEzeee54&lc=Ugx_Wpm9GXUdURTs9IZ4AaABAg,netanyahu stopped his car. brilliant,@Hamilton8timeChampion,2026-06-23T00:00:00Z,0,
YT2000872,2025-26 EuroLeague Season Plays,Basketball,,Top 10 PLAYS of the Season | EuroLeague Basketball 2025-26,Gnq_Nhv-ZAM,https://www.youtube.com/watch?v=Gnq_Nhv-ZAM,EUROLEAGUE BASKETBALL,UCGr3nR_XH9r6E5b09ZJAT9w,UgzRAS25aEPAl4XYMHp4AaABAg,https://www.youtube.com/watch?v=Gnq_Nhv-ZAM&lc=UgzRAS25aEPAl4XYMHp4AaABAg,where is olympiacos? oh I forgot they shoot free throws,@KoSTARas9,2026-07-23T00:00:00Z,1,
YT2000873,2026 European Athletics Championships Day 6,Athletics,,Day Six Highlights | Birmingham 2026 European Athletics Championships,Pr8JLNyeRwU,https://www.youtube.com/watch?v=Pr8JLNyeRwU,European Athletics,UCp21zu_8Hd0w9HULooemRCA,UgwcD4r7J33goiJaOhd4AaABAg,https://www.youtube.com/watch?v=Pr8JLNyeRwU&lc=UgwcD4r7J33goiJaOhd4AaABAg,"And Mondo….., 6:15 !  All know Thats he is winning . And for that he’s punish ( not inte top 6). After 6-7 visiting in the toilet also ..
He’s is in his own level of course",@StefanAndersson-y6k,2026-08-23T00:00:00Z,1,
YT2000874,Kim/Seo vs Chia/Soh (2026 BWF World Championships Semifinal),Badminton,,BWF World Championships 2026 | Kim/Seo (KOR) [1] vs Chia/Soh (MAS) [4] | SF,enONl4A9c5I,https://www.youtube.com/watch?v=enONl4A9c5I,BWF TV,UChh-akEbUM8_6ghGVnJd6cQ,Ugy3DN5t3NR9I2NwmJd4AaABAg,https://www.youtube.com/watch?v=enONl4A9c5I&lc=Ugy3DN5t3NR9I2NwmJd4AaABAg,Kim Won Ho Astrox 77 Pro and Nanoflare 700 Pro❤‍🔥❤‍🔥❤‍🔥,@kk.012,2026-09-02T00:00:00Z,0,
YT2000875,Carolina Hurricanes vs Vegas Golden Knights (2026 Stanley Cup Final Game 6),Hockey,2026-06-14,"Hurricanes vs. Golden Knights | NHL Playoff Highlights | Game 6 | June 14, 2026",3jbQ58HKtXA,https://www.youtube.com/watch?v=3jbQ58HKtXA,NHL,UCqFMzb-4AUf6WAIbl132QKA,Ugwl7gManuSTQtrKaxt4AaABAg,https://www.youtube.com/watch?v=3jbQ58HKtXA&lc=Ugwl7gManuSTQtrKaxt4AaABAg,Hahaha marner sucks,@x420gamedx4,2026-08-23T00:00:00Z,0,
YT2000876,Teremoana vs Heavyweight Opponent (2026 Matchroom Boxing),Boxing,,Undefeated giant heavyweight Teremoana | Non-Stop KOs | Matchroom Boxing,Q0PKJmMaV_U,https://www.youtube.com/watch?v=Q0PKJmMaV_U,Matchroom Boxing,UC7LReVje9aPB4B6XAsXX8WQ,Ugyt9l7IwK73i3hyMJd4AaABAg,https://www.youtube.com/watch?v=Q0PKJmMaV_U&lc=Ugyt9l7IwK73i3hyMJd4AaABAg,Teremoana is shit bruh,@VanDamn-gf9zs,2026-08-23T00:00:00Z,0,
YT2000877,Amru Magomedov vs Angel Alvarez (2026 PFL New York),MMA,,A DESTRUCTIVE DISPLAY! | Amru Magomedov v Angel Alvarez - Fight Highlights | PFL New York,MazPHXIWMVk,https://www.youtube.com/watch?v=MazPHXIWMVk,PFL MMA,UCPrONRG9hO1f-OrxW-WH-xg,UgyHIVYFA3FsjwoqLqZ4AaABAg,https://www.youtube.com/watch?v=MazPHXIWMVk&lc=UgyHIVYFA3FsjwoqLqZ4AaABAg,Tendangan kaki yg amat sangat kerassss😮😮😮👍👍👍💪,@Suliha1987,2026-08-23T00:00:00Z,0,
YT2000878,2026 BMW PGA Championship Final Round,Golf,,Final Round DRAMA at Wentworth | 2026 BMW PGA Championship,fJWYN9Sk7wo,https://www.youtube.com/watch?v=fJWYN9Sk7wo,DP World Tour,UCvZwbZt6YZQ4wj_7qyjPDZw,UgwwLxtQZGp8FirpqGx4AaABAg,https://www.youtube.com/watch?v=fJWYN9Sk7wo&lc=UgwwLxtQZGp8FirpqGx4AaABAg,PGA Youtube editors need to take notes on this one.,@marvin_gard3ns,2026-09-21T18:00:00Z,14,
YT2000879,2026 Green Mountain Championship,Disc Golf,,Final Round Highlights | MPO | 2026 Green Mountain Championship,UoebFpL95VE,https://www.youtube.com/watch?v=UoebFpL95VE,Disc Golf Pro Tour,UCw0WzNn6m2Na6ZW7rKqWI3g,Ugxj053JfcwpVAAkY7d4AaABAg,https://www.youtube.com/watch?v=UoebFpL95VE&lc=Ugxj053JfcwpVAAkY7d4AaABAg,Anyone but Gannon,@DiscoStuu,2026-09-22T00:00:00Z,1,
YT2000880,Italy vs Denmark (2026 CEV EuroVolley),Volleyball,,Highlights | Italy vs. Denmark | CEV Enel EuroVolley 2026 Men | Eight Finals,JK_IC9hRAMg,https://www.youtube.com/watch?v=JK_IC9hRAMg,European Volleyball,UC8XRC858pOERvclUDb_d7rg,UgwnAQFQ1t8CE4a9QtR4AaABAg,https://www.youtube.com/watch?v=JK_IC9hRAMg&lc=UgwnAQFQ1t8CE4a9QtR4AaABAg,"Powiew dobrej zabawy Duńczyków. Ich pozytywne nastawienie do gry, bardzo mi się podobało. Element zaskoczenia dla grupy Włochów .Gratuluję postawy :)))",@Joa100P,2026-09-22T00:00:00Z,1,
YT2000881,England vs Fiji (2026 Nations Championship),Rugby,,England v Fiji highlights | 2026 Nations Championship,4tewDq2UAtI,https://www.youtube.com/watch?v=4tewDq2UAtI,England Rugby,UCmi7CahP3G3YySOAFOfSnkw,UgxEu0Zdza773McE-lB4AaABAg,https://www.youtube.com/watch?v=4tewDq2UAtI&lc=UgxEu0Zdza773McE-lB4AaABAg,BORING!!!!!,@1unsung971,2026-07-23T00:00:00Z,0,
YT2000882,PSG vs Bayern Munich (2026 UEFA Champions League Semifinal),Football,,PSG vs. Bayern Munich: Extended Highlights | UCL Semifinals - Leg 1 | CBS Sports Golazo,JxzqIzEVQNE,https://www.youtube.com/watch?v=JxzqIzEVQNE,CBS Sports Golazo,UCET00YnetHT7tOpu12v8jxg,Ugy3cFBH5YdRcv2H9cJ4AaABAg,https://www.youtube.com/watch?v=JxzqIzEVQNE&lc=Ugy3cFBH5YdRcv2H9cJ4AaABAg,Anyone else come back here to watch this highlight? Classic game this was,@krane4240,2026-08-23T00:00:00Z,1,
YT2000883,India vs Pakistan (2026 Asia Cup Final),Cricket,,India VS Pakistan Extended Highlights | Asia Cup Final | Channel 9 Sports,GFj5cfzYoEQ,https://www.youtube.com/watch?v=GFj5cfzYoEQ,Channel Nine Sports,UCyDQWHMFMoNVDrdw7Y7jAZQ,Ugwjpc_KOw1CmAIZ42x4AaABAg,https://www.youtube.com/watch?v=GFj5cfzYoEQ&lc=Ugwjpc_KOw1CmAIZ42x4AaABAg,Yehi waala cricket match Hindustan 🇮🇳🇮🇳🇮🇳🇮🇳 vs Pakistan🇵🇰🇵🇰 Asia cup 🏏match 2014  Apne gaon mirzapur gaon meh dekha tha maine yehi waala cricket match  12 saal pehle 2  march 2014  apne gaon mirzapur gaon meh kisee ghar par jaake dekha tha yehi waala cricket🏏 match Hindustan 🇮🇳🇮🇳🇮🇳 vs Pakistan🇵🇰🇵🇰 match Muje achhe Trey seh yaad hai mujhe Wohi waala march kaise bhool saktaa hu meh toh yehi waala cricket🏏 match Asia cup 2014,@vaibhavdeogurjar,2026-09-11T00:00:00Z,0,
YT2000884,Jannik Sinner vs Arthur Fils (2026 Madrid Semifinal),Tennis,,Jannik Sinner vs Arthur Fils For A Place In The Final! | Madrid 2026 Highlights,-7V1paGhbiY,https://www.youtube.com/watch?v=-7V1paGhbiY,Tennis TV,UCbcxFkd6B9xUU54InHv4Tig,Ugw11b1Oby_6uwksAQR4AaABAg,https://www.youtube.com/watch?v=-7V1paGhbiY&lc=Ugw11b1Oby_6uwksAQR4AaABAg,Can you run fast Arthur ?,@melande-ru7ro,2026-08-23T00:00:00Z,0,
YT2000885,2026 Barcelona-Catalunya Grand Prix,Formula 1,2026-06-14,Our 2026 Barcelona-Catalunya Grand Prix Race Review,0jVk2QviEog,https://www.youtube.com/watch?v=0jVk2QviEog,P1 with Matt & Tommy,UCD5jAyCSDRR5yTgswfDbK8w,Ugzfb-uLI00aSd_nH094AaABAg,https://www.youtube.com/watch?v=0jVk2QviEog&lc=Ugzfb-uLI00aSd_nH094AaABAg,And now Mercedes said that they messed up Russell's front wing in the pit.,@ProfoundCereal,2026-06-23T00:00:00Z,0,
YT2000886,Real Madrid vs Olympiacos (2026 EuroLeague SuperCup),Basketball,,A FINAL TO REMEMBER! | Real Madrid vs Olympiacos | Euroleague Basketball SuperCup,AEqOzTt3y0o,https://www.youtube.com/watch?v=AEqOzTt3y0o,EUROLEAGUE BASKETBALL,UCGr3nR_XH9r6E5b09ZJAT9w,Ugy-lB3qJKKhKrtEPpB4AaABAg,https://www.youtube.com/watch?v=AEqOzTt3y0o&lc=Ugy-lB3qJKKhKrtEPpB4AaABAg,Ruling houses of the major European multi sports venues 🇬🇷❤️🇪🇸,@Theodoros_Kolokotronis,2026-09-21T17:00:00Z,1,
YT2000887,2026 European Athletics Championships Day 7,Athletics,,Day Seven Highlights | Birmingham 2026 European Athletics Championships,GK-bVPxtpxY,https://www.youtube.com/watch?v=GK-bVPxtpxY,European Athletics,UCp21zu_8Hd0w9HULooemRCA,UgxAI0NZMjtfiKPIrVN4AaABAg,https://www.youtube.com/watch?v=GK-bVPxtpxY&lc=UgxAI0NZMjtfiKPIrVN4AaABAg,Why is Israel in the European Championships? Honest questions.,@AB-yo7ep,2026-08-23T00:00:00Z,0,
YT2000888,Feng/Huang vs Gicquel/Delrue (2026 BWF World Championships Final),Badminton,,BWF World Championships 2026 | Feng/Huang (CHN) [1] vs Gicquel/Delrue (FRA) [5] | F,6ajzFh9bQmQ,https://www.youtube.com/watch?v=6ajzFh9bQmQ,BWF TV,UChh-akEbUM8_6ghGVnJd6cQ,UgzT6Kz2NCOEoZjIqeF4AaABAg,https://www.youtube.com/watch?v=6ajzFh9bQmQ&lc=UgzT6Kz2NCOEoZjIqeF4AaABAg,Thank you France 😂❤,@ViratK45677,2026-09-02T00:00:00Z,4,
YT2000889,Carolina Hurricanes vs Vegas Golden Knights (2026 Stanley Cup Final),Hockey,,The Wildest Stanley Cup Final in Years | Hurricanes vs. Golden Knights,ia_bIzb415w,https://www.youtube.com/watch?v=ia_bIzb415w,NHL,UCqFMzb-4AUf6WAIbl132QKA,Ugwt_UMa6PcMylPKSAl4AaABAg,https://www.youtube.com/watch?v=ia_bIzb415w&lc=Ugwt_UMa6PcMylPKSAl4AaABAg,Summery: Carolina cheated and we the nhl let them,@misterwebb1472,2026-09-10T00:00:00Z,0,
YT2000890,Rolly Romero vs Ryan Garcia (2026 Boxing),Boxing,,Fight Highlights | Rolly Romero Stuns Ryan Garcia | Matchroom Boxing,CWUVyUtDivQ,https://www.youtube.com/watch?v=CWUVyUtDivQ,Matchroom Boxing,UC7LReVje9aPB4B6XAsXX8WQ,UgzDXTEDFcYAKk_LtiB4AaABAg,https://www.youtube.com/watch?v=CWUVyUtDivQ&lc=UgzDXTEDFcYAKk_LtiB4AaABAg,Conor Benn gonna beat him too. W Zuffa.,@fenixa2z936,2026-07-23T00:00:00Z,0,
YT2000891,Justin Clarke vs Abdoulaye Kane (2026 PFL Africa),MMA,,RUTHLESS Heavyweight Fight!! | Justin Clarke v Abdoulaye Kane | Full Fight | PFL Africa 1 2026,rAAW2ORZnwo,https://www.youtube.com/watch?v=rAAW2ORZnwo,PFL MMA,UCPrONRG9hO1f-OrxW-WH-xg,UgwkI8YadCo-R1P40Xl4AaABAg,https://www.youtube.com/watch?v=rAAW2ORZnwo&lc=UgwkI8YadCo-R1P40Xl4AaABAg,"Like Evander Holyfield said, you can never count anybody out.",@hooywamd00pe95,2026-05-23T00:00:00Z,0,
YT2000892,2026 BMW PGA Championship,Golf,,Round 4 Highlights | 2026 BMW PGA Championship,gQZomCyCWuw,https://www.youtube.com/watch?v=gQZomCyCWuw,DP World Tour,UCvZwbZt6YZQ4wj_7qyjPDZw,Ugz69mOXY2O-6XBBeLd4AaABAg,https://www.youtube.com/watch?v=gQZomCyCWuw&lc=Ugz69mOXY2O-6XBBeLd4AaABAg,"JJ deffo behaves like a USA Democrat so he'll do for we Brit fans. Bravo the Spaunmeister, your honorary British Citizenship confirmation is in the post!",@pablo7-y1y,2026-09-22T00:00:00Z,1,
YT2000893,2026 Green Mountain Championship,Disc Golf,,Final Round Highlights | MPO | 2026 Green Mountain Championship,UoebFpL95VE,https://www.youtube.com/watch?v=UoebFpL95VE,Disc Golf Pro Tour,UCw0WzNn6m2Na6ZW7rKqWI3g,UgzGlVDDwAOs7sW5kIp4AaABAg,https://www.youtube.com/watch?v=UoebFpL95VE&lc=UgzGlVDDwAOs7sW5kIp4AaABAg,W wife,@marlcoore,2026-09-22T00:00:00Z,24,
YT2000894,Belgium vs Czechia (2026 CEV EuroVolley),Volleyball,,Highlights | BELGIUM vs. CZECHIA | CEV Enel EuroVolley 2026 Men | Eight Finals,PW7s66Q3ZPk,https://www.youtube.com/watch?v=PW7s66Q3ZPk,European Volleyball,UC8XRC858pOERvclUDb_d7rg,UgxKaxuVeHV1OhN829p4AaABAg,https://www.youtube.com/watch?v=PW7s66Q3ZPk&lc=UgxKaxuVeHV1OhN829p4AaABAg,"Сем Деру - погань, яка любить криваві російські рублі",@ДмитроЛогуш,2026-09-21T18:00:00Z,0,
YT2000895,Wallabies vs France (2026 Nations Championship),Rugby,,Wallabies v France Highlights | Nations Championship 2026 | Round 2,qKCIZyiqjbc,https://www.youtube.com/watch?v=qKCIZyiqjbc,Wallabies,UC4Y6lpmGz2rkbOVdrOhjgvQ,Ugw4cKMaW1e0vP7mVTx4AaABAg,https://www.youtube.com/watch?v=qKCIZyiqjbc&lc=Ugw4cKMaW1e0vP7mVTx4AaABAg,"Australia are simply useless, always bet against them and take pointstarts on the underdogs whenever Australia are favorite odds",@PangoHoihoTokuPapa,2026-07-23T00:00:00Z,0,
YT2000896,PSG vs Arsenal (2026 UEFA Champions League Final),Football,,PSG vs. Arsenal: Extended Highlights | UCL Final | CBS Sports Golazo,tRnJRQmVMTg,https://www.youtube.com/watch?v=tRnJRQmVMTg,CBS Sports Golazo,UCET00YnetHT7tOpu12v8jxg,UgzUK4BlbgF2SEiaIZB4AaABAg,https://www.youtube.com/watch?v=tRnJRQmVMTg&lc=UgzUK4BlbgF2SEiaIZB4AaABAg,3 months ago yesterday…. Wow time flies,@LucSpeed-o7g,2026-09-02T00:00:00Z,5,
YT2000897,India vs Japan (2026 T20I),Cricket,,India vs Japan T20 Match Full Highlights 2026 | India vs Japan Highlights,AcDMlgbrcK4,https://www.youtube.com/watch?v=AcDMlgbrcK4,Cricket Expert,UCWSCF-pqjmfIM4Dmxwh0ViQ,Ugzgpl7I2DLlBqN9uNF4AaABAg,https://www.youtube.com/watch?v=AcDMlgbrcK4&lc=Ugzgpl7I2DLlBqN9uNF4AaABAg,"Ye kya tha bhai.
India to buri trha exposed hoti nazar aai

Ab kya yaha bhi IPL ki pitch banwa ke den inko",@NoumanNomi-o1b,2026-09-22T13:00:00Z,0,
YT2000898,Ben Shelton vs Brandon Nakashima (2026 Montreal Final),Tennis,,Ben Shelton vs Brandon Nakashima Title Battle 🏆 | Montreal 2026 Final Highlights,dvynMKs124E,https://www.youtube.com/watch?v=dvynMKs124E,Tennis TV,UCbcxFkd6B9xUU54InHv4Tig,UgyIqBcPlimFvADvml94AaABAg,https://www.youtube.com/watch?v=dvynMKs124E&lc=UgyIqBcPlimFvADvml94AaABAg,"Ben Shelton too much all in energy wasting for grand slam titles right now. My two cents. But fun to watch, and in best of three tournaments hard to beat when he's on. On the plusside no matter which surface.",@hannesreinhardt1399,2026-08-23T00:00:00Z,0,
YT2000899,2026 Australian Grand Prix,Formula 1,2026-03-08,Fans React to the 2026 Australian Grand Prix,uvMholf0zLI,https://www.youtube.com/watch?v=uvMholf0zLI,Kr1s,UCz-llHGeBJB06SA6g-Q_JKA,UgwCF9lrKySBWwqUabR4AaABAg,https://www.youtube.com/watch?v=uvMholf0zLI&lc=UgwCF9lrKySBWwqUabR4AaABAg,This is way too funny 😂,@spanina,2026-03-23T00:00:00Z,1,
YT2000900,Olympiacos vs Real Madrid (2026 EuroLeague SuperCup Final),Basketball,,OLYMPIACOS takes THE CROWN IN ATHENS | Olympiacos - Real Madrid | CHAMPIONSHIP GAME Highlights 2026,MDWcq_KCkzY,https://www.youtube.com/watch?v=MDWcq_KCkzY,EUROLEAGUE BASKETBALL,UCGr3nR_XH9r6E5b09ZJAT9w,UgxSHhyNz5nNrBTYogR4AaABAg,https://www.youtube.com/watch?v=MDWcq_KCkzY&lc=UgxSHhyNz5nNrBTYogR4AaABAg,Olympiakos love ❤️🎉,@ΒΑΣΙΛΗΣΒΑΣΙΛΕΙΑΔΗΣ-τ9ζ,2026-07-23T00:00:00Z,0,
YT2000901,2026 European Athletics Championships Men’s 100m,Athletics,,"EVERY RACE - Men's 100m European Athletics Championships 2026 | Heats, Semi finals and Final",4bLPTpMw99E,https://www.youtube.com/watch?v=4bLPTpMw99E,European Athletics,UCp21zu_8Hd0w9HULooemRCA,UgxhZOIQVdesXByIrZR4AaABAg,https://www.youtube.com/watch?v=4bLPTpMw99E&lc=UgxhZOIQVdesXByIrZR4AaABAg,"What kind of slow shit is this?
None of these were able to even break 10 second barrier in this event and a guy is winning gold at 10.09😒
Even commonwealth games guys r clocking 9.83 fr gold",@OreosBlack,2026-09-13T00:00:00Z,7,
YT2000902,Kim/Seo vs Alfian/Fikri (2026 BWF World Championships),Badminton,,Kim/Seo vs Alfian/Fikri | Fast-paced exchanges keep you on the edge,BmNEKEIZD1k,https://www.youtube.com/watch?v=BmNEKEIZD1k,BWF TV,UChh-akEbUM8_6ghGVnJd6cQ,UgwsFqGHG9cupe3rWUt4AaABAg,https://www.youtube.com/watch?v=BmNEKEIZD1k&lc=UgwsFqGHG9cupe3rWUt4AaABAg,my legs got cramped just from watching this,@shooterstudio4249,2026-08-23T00:00:00Z,0,
YT2000903,Vegas Golden Knights vs Carolina Hurricanes (2026 Stanley Cup Final Game 1),Hockey,,FULL REPLAY: Game 1 | Golden Knights vs. Hurricanes | 2026 Stanley Cup Final,A5xMc1hSnoQ,https://www.youtube.com/watch?v=A5xMc1hSnoQ,NHL,UCqFMzb-4AUf6WAIbl132QKA,UgxcNThMy_g3oIbQq2Z4AaABAg,https://www.youtube.com/watch?v=A5xMc1hSnoQ&lc=UgxcNThMy_g3oIbQq2Z4AaABAg,Great move to promote the league. Instant classic series. That's how you promote this fantastic League,@TheBearOfSSD,2026-06-23T00:00:00Z,2,
YT2000904,Bam Rodriguez vs Vargas (2026 Boxing),Boxing,,Bam Rodriguez Knocks Out Vargas To Become Three-Weight World Champ | Matchroom Boxing,5i51aZYjocM,https://www.youtube.com/watch?v=5i51aZYjocM,Matchroom Boxing,UC7LReVje9aPB4B6XAsXX8WQ,UgxdRZ7kkQgahyr54PN4AaABAg,https://www.youtube.com/watch?v=5i51aZYjocM&lc=UgxdRZ7kkQgahyr54PN4AaABAg,バム、体調悪かったのではない？,@muneokikawarada5038,2026-06-23T00:00:00Z,0,
YT2000905,2026 PFL Africa: Pretoria,MMA,,2026 PFL Africa: Pretoria | Full Event,P1eO07hMeSU,https://www.youtube.com/watch?v=P1eO07hMeSU,PFL MMA,UCPrONRG9hO1f-OrxW-WH-xg,UgxUKKDAB_M6ztds50Z4AaABAg,https://www.youtube.com/watch?v=P1eO07hMeSU&lc=UgxUKKDAB_M6ztds50Z4AaABAg,Justin Clarke goat,@smousai,2026-04-23T00:00:00Z,1,
YT2000906,2026 BMW PGA Championship Final Round,Golf,,Final Round DRAMA at Wentworth | 2026 BMW PGA Championship,fJWYN9Sk7wo,https://www.youtube.com/watch?v=fJWYN9Sk7wo,DP World Tour,UCvZwbZt6YZQ4wj_7qyjPDZw,UgxXAgCZE7-5UlAZHlt4AaABAg,https://www.youtube.com/watch?v=fJWYN9Sk7wo&lc=UgxXAgCZE7-5UlAZHlt4AaABAg,"Elvira can’t handle the pressure. His caddy needs to go, terrible advice.",@Kristal-i6v,2026-09-21T18:00:00Z,1,
YT2000907,2026 Green Mountain Championship,Disc Golf,,Final Round Highlights | MPO | 2026 Green Mountain Championship,UoebFpL95VE,https://www.youtube.com/watch?v=UoebFpL95VE,Disc Golf Pro Tour,UCw0WzNn6m2Na6ZW7rKqWI3g,UgyQIjOWs2LB5KdMerl4AaABAg,https://www.youtube.com/watch?v=UoebFpL95VE&lc=UgyQIjOWs2LB5KdMerl4AaABAg,I think Gannon made the right call on 18,@user-um5xf4kl9s,2026-09-22T00:00:00Z,115,
YT2000908,Japan vs Iran (2026 AVC Men’s Continental Championship Final),Volleyball,,Japan 🇯🇵 vs. Iran 🇮🇷 - Final | AVC Men's Continental Championships 2026 | Gold Match Highlights,a0iA57_4oCw,https://www.youtube.com/watch?v=a0iA57_4oCw,Volleyball World,UCNMg6XDhRZI2QzL4pWOvP_w,UgyxE9DxMu8YMmbDjtd4AaABAg,https://www.youtube.com/watch?v=a0iA57_4oCw&lc=UgyxE9DxMu8YMmbDjtd4AaABAg,Why Iranian serve with that speed?,@IkmalFirdaus,2026-09-21T00:00:00Z,1,
YT2000909,All Blacks vs Lions (2026 Rugby),Rugby,,"MINI MATCH | All Blacks v Lions | Johannesburg, 2026",6MbNY6WCctU,https://www.youtube.com/watch?v=6MbNY6WCctU,All Blacks,UCsAPiUMyBjtKamxYGbSUnLA,UgxxrMrTM2NrBy6HgaJ4AaABAg,https://www.youtube.com/watch?v=6MbNY6WCctU&lc=UgxxrMrTM2NrBy6HgaJ4AaABAg,6:32 too quick for the referee🤣,@eltimmar4406,2026-09-02T00:00:00Z,0,
YT2000910,Real Madrid vs Inter (2026 UEFA Champions League),Football,,Real Madrid vs. Inter: Extended Highlights | UCL League Phase MD 1 | CBS Sports Golazo,m-Er4N3eVpE,https://www.youtube.com/watch?v=m-Er4N3eVpE,CBS Sports Golazo,UCET00YnetHT7tOpu12v8jxg,Ugz0dkpR7fzucajiAFt4AaABAg,https://www.youtube.com/watch?v=m-Er4N3eVpE&lc=Ugz0dkpR7fzucajiAFt4AaABAg,Olise amazes me every time I watch him,@lukeoliver1435,2026-09-14T00:00:00Z,0,
YT2000911,"Afghanistan vs India (2026 T20I Series, Match 3)",Cricket,,Match Highlights | Afghanistan vs India | Match 03 | T20I Series 2026 | ACB | M9N1J,CJU-fIbr8Vk,https://www.youtube.com/watch?v=CJU-fIbr8Vk,Sports Central by DRM,UC-fzWbU1zavz77kP1gPPdSg,UgyWepi18zn0pET2bpp4AaABAg,https://www.youtube.com/watch?v=CJU-fIbr8Vk&lc=UgyWepi18zn0pET2bpp4AaABAg,ګر😢😢😢😢😢😢😢,@TariqAfghan-v5t,2026-09-19T00:00:00Z,0,
YT2000912,Taylor Fritz vs Rafael Jodar (2026 Washington Final),Tennis,,Taylor Fritz vs Rafael Jodar For The Washington Title 🏆 | 2026 Final Highlights,-4AXzTrC9Ls,https://www.youtube.com/watch?v=-4AXzTrC9Ls,Tennis TV,UCbcxFkd6B9xUU54InHv4Tig,UgxLtqe4bzGQFSyCewp4AaABAg,https://www.youtube.com/watch?v=-4AXzTrC9Ls&lc=UgxLtqe4bzGQFSyCewp4AaABAg,Jodar must pray for Alcaraz's heath to be lame LOL,@aiolos000,2026-08-23T00:00:00Z,0,
YT2000913,2026 Italian Grand Prix,Formula 1,2026-09-06,Fans React to the 2026 Italian Grand Prix,ah1bbvzWhPE,https://www.youtube.com/watch?v=ah1bbvzWhPE,Kr1s,UCz-llHGeBJB06SA6g-Q_JKA,UgxK7IjVVfnRx4VnSfF4AaABAg,https://www.youtube.com/watch?v=ah1bbvzWhPE&lc=UgxK7IjVVfnRx4VnSfF4AaABAg,Ocon fan malding is great to see.,@Lightfellow,2026-09-11T00:00:00Z,0,
YT2000914,Zalgiris vs Olympiacos (2025-26 EuroLeague),Basketball,,DOUBLE-OVERTIME Drama in Kaunas | Zalgiris - Olympiacos | R29 BASKETBALL HIGHLIGHTS 2025-26,9V96SKrVgR0,https://www.youtube.com/watch?v=9V96SKrVgR0,EUROLEAGUE BASKETBALL,UCGr3nR_XH9r6E5b09ZJAT9w,Ugy7qzN1uY5NJ1nleZV4AaABAg,https://www.youtube.com/watch?v=9V96SKrVgR0&lc=Ugy7qzN1uY5NJ1nleZV4AaABAg,"Žalgiriui teisėjai vos šventės nesugadino 😅 šaunuoliai, pirmyn į finalo ketvertą 🎉",@justinas4366,2026-03-23T00:00:00Z,5,
YT2000915,"Italy Gold Highlights, 2026 European Athletics Championships",Athletics,,ITALIA 🇮🇹 Every Gold Highlights | Birmingham 2026 European Athletics Championships,YKRgXPIqK7s,https://www.youtube.com/watch?v=YKRgXPIqK7s,European Athletics,UCp21zu_8Hd0w9HULooemRCA,UgzFoh7wJEW3fkyA0bd4AaABAg,https://www.youtube.com/watch?v=YKRgXPIqK7s&lc=UgzFoh7wJEW3fkyA0bd4AaABAg,"We're a bit fed up with football, it's too corrupt, we've saturated it... we need restart with something cleaner now, we need to go back to pure sport. Athletics, volley, Tennis etc. go go 😁",@CocacolaBoy83,2026-09-02T00:00:00Z,10,
YT2000916,An Se Young vs Akane Yamaguchi (2026 BWF World Championships Final),Badminton,,BWF World Championships 2026 | An Se Young (KOR) [1] vs Akane Yamaguchi (JPN) [2] | F,99riPBazzfk,https://www.youtube.com/watch?v=99riPBazzfk,BWF TV,UChh-akEbUM8_6ghGVnJd6cQ,UgzngWDwTWhba6OUXSF4AaABAg,https://www.youtube.com/watch?v=99riPBazzfk&lc=UgzngWDwTWhba6OUXSF4AaABAg,대한 에 딸 안세영 장하다 멋지다  최고다 영원히 빛나리라 🎉🎉🎉,@혜자최-e8q,2026-09-13T00:00:00Z,0,
YT2000917,Vegas Golden Knights vs Carolina Hurricanes (2026 Stanley Cup Final Game 2),Hockey,,FULL REPLAY: Game 2 | Golden Knights vs. Hurricanes | 2026 Stanley Cup Final,TGduVpjEXKM,https://www.youtube.com/watch?v=TGduVpjEXKM,NHL,UCqFMzb-4AUf6WAIbl132QKA,UgybGR87Wupv8TpuzyZ4AaABAg,https://www.youtube.com/watch?v=TGduVpjEXKM&lc=UgybGR87Wupv8TpuzyZ4AaABAg,Please upload game 3,@CyberGaming_Gamer,2026-06-23T00:00:00Z,6,
YT2000918,Raymond Muratalla vs Andy Cruz (2026 Boxing),Boxing,,Raymond Muratalla Retains World Title vs Andy Cruz | Highlights | Matchroom,5gddebIxomA,https://www.youtube.com/watch?v=5gddebIxomA,Matchroom Boxing,UC7LReVje9aPB4B6XAsXX8WQ,Ugzs0dUi3-qUb9p5DOJ4AaABAg,https://www.youtube.com/watch?v=5gddebIxomA&lc=Ugzs0dUi3-qUb9p5DOJ4AaABAg,Raymond proved a lot of people wrong 🇺🇸 good fight !,@ErikHernandez-n2f,2026-02-23T00:00:00Z,0,
YT2000919,ONE Friday Fights 171,MMA,,ONE Friday Fights 171 | Explosive Highlights 🔥,dWNc1BdF9Mk,https://www.youtube.com/watch?v=dWNc1BdF9Mk,ONE Championship,UCiormkBf3jm6mfb7k0yPbKA,UgytDxl-nyCoJMrxCvh4AaABAg,https://www.youtube.com/watch?v=dWNc1BdF9Mk&lc=UgytDxl-nyCoJMrxCvh4AaABAg,Mahar Thway is used his brain.🧠,@Kizzy_Lynn,2026-09-20T00:00:00Z,0,
YT2000920,2026 BMW PGA Championship,Golf,,Round 4 Highlights | 2026 BMW PGA Championship,gQZomCyCWuw,https://www.youtube.com/watch?v=gQZomCyCWuw,DP World Tour,UCvZwbZt6YZQ4wj_7qyjPDZw,UgwTfEkdKvjqINWbUQ14AaABAg,https://www.youtube.com/watch?v=gQZomCyCWuw&lc=UgwTfEkdKvjqINWbUQ14AaABAg,what is this garbage?! how do you call this a highlight real,@excitedeskimo,2026-09-22T00:00:00Z,1,
YT2000921,2026 Green Mountain Championship,Disc Golf,,Final Round Highlights | MPO | 2026 Green Mountain Championship,UoebFpL95VE,https://www.youtube.com/watch?v=UoebFpL95VE,Disc Golf Pro Tour,UCw0WzNn6m2Na6ZW7rKqWI3g,Ugzurttas5FJctbzWRh4AaABAg,https://www.youtube.com/watch?v=UoebFpL95VE&lc=Ugzurttas5FJctbzWRh4AaABAg,Tearjerker with that ending. 😭 Congrats!!,@ajesco,2026-09-22T00:00:00Z,34,
YT2000922,Slovenia vs Serbia (2026 CEV EuroVolley),Volleyball,,Highlights | SLOVENIA vs. SERBIA | CEV Enel EuroVolley 2026 Men | Eight Finals,4OR3mlRfFDU,https://www.youtube.com/watch?v=4OR3mlRfFDU,European Volleyball,UC8XRC858pOERvclUDb_d7rg,Ugwe287bbEIAIoN4SaR4AaABAg,https://www.youtube.com/watch?v=4OR3mlRfFDU&lc=Ugwe287bbEIAIoN4SaR4AaABAg,"Ovo je nešto najgore od svih generacija kakve smo imali, a iimali smo sjajne generacije u vreme braće Grbić.",@milanradovic8410,2026-09-22T05:00:00Z,0,
YT2000923,Springboks vs England (2026 Rugby),Rugby,2026-07-04,Springboks v England at Ellis Park | Extended Highlights | 4 July 2026,hS3CsahX3Kc,https://www.youtube.com/watch?v=hS3CsahX3Kc,Official Springbok YouTube,UCVI5iqtQOsWZwtAg1o3SIAQ,Ugzz1cVZ1ap_6u1eBJF4AaABAg,https://www.youtube.com/watch?v=hS3CsahX3Kc&lc=Ugzz1cVZ1ap_6u1eBJF4AaABAg,That is not a penalty 😢,@fitelilemana8008,2026-08-23T00:00:00Z,0,
YT2000924,Bayern Munich vs Real Madrid (2026 UEFA Champions League Quarterfinal),Football,,Bayern vs. Real Madrid: Extended Highlights | UCL Quarterfinals - Leg 2 | CBS Sports Golazo,dF-JIdw_PW4,https://www.youtube.com/watch?v=dF-JIdw_PW4,CBS Sports Golazo,UCET00YnetHT7tOpu12v8jxg,UgxDM5xNPDtyZ8OhsK14AaABAg,https://www.youtube.com/watch?v=dF-JIdw_PW4&lc=UgxDM5xNPDtyZ8OhsK14AaABAg,"Luis Diaz mannnn. YU truly are a goat. Idc bout Kane or olise etcc lmaooo. Day in and day out you will know what youll be receiving from Diaz, great presser, good on ball, direct player , scores when u need it lmao smhh Liverpool",@j0j0toocompy,2026-09-02T00:00:00Z,0,
YT2000925,"Afghanistan vs India (2026 T20I Series, Match 3)",Cricket,,Full Match Highlights | Afghanistan vs India | Match 03 | T20I Series 2026 | ACB | M9N1J,TapC28fhANQ,https://www.youtube.com/watch?v=TapC28fhANQ,Sports Central by DRM,UC-fzWbU1zavz77kP1gPPdSg,Ugy2Ouj98ERT15TCs6l4AaABAg,https://www.youtube.com/watch?v=TapC28fhANQ&lc=Ugy2Ouj98ERT15TCs6l4AaABAg,Such a poor performance from Afghanistan that have played lot of cricket here still no fight,@harwindersingh4170,2026-09-20T00:00:00Z,0,
YT2000926,Tommy Paul vs Alexander Zverev (2026 Cincinnati),Tennis,,Tommy Paul Takes Down Top Seed Alexander Zverev | Cincinnati 2026 Highlights,Gko2ruOI7os,https://www.youtube.com/watch?v=Gko2ruOI7os,Tennis TV,UCbcxFkd6B9xUU54InHv4Tig,UgzyjA2PhPLgxIqUhz94AaABAg,https://www.youtube.com/watch?v=Gko2ruOI7os&lc=UgzyjA2PhPLgxIqUhz94AaABAg,Foot fault 😝,@gh0stbustaa913,2026-08-23T00:00:00Z,0,
YT2000927,2026 Chinese Grand Prix,Formula 1,2026-03-15,Fans React to the 2026 Chinese Grand Prix,77NaHUPQZto,https://www.youtube.com/watch?v=77NaHUPQZto,Kr1s,UCz-llHGeBJB06SA6g-Q_JKA,UgwItG_G-mAixNAFCRR4AaABAg,https://www.youtube.com/watch?v=77NaHUPQZto&lc=UgwItG_G-mAixNAFCRR4AaABAg,I still hate these cars 🤷🏻‍♂️,@saidaikarasaidai,2026-06-23T00:00:00Z,0,
YT2000928,Dubai Basketball vs Real Madrid (2026 EuroLeague SuperCup),Basketball,,FROM 16 DOWN TO VICTORY! | Dubai Basketball vs Real Madrid | Euroleague Basketball SuperCup,hSAsSbKH7T8,https://www.youtube.com/watch?v=hSAsSbKH7T8,EUROLEAGUE BASKETBALL,UCGr3nR_XH9r6E5b09ZJAT9w,UgxnEFgVMQF-GuJ_3jZ4AaABAg,https://www.youtube.com/watch?v=hSAsSbKH7T8&lc=UgxnEFgVMQF-GuJ_3jZ4AaABAg,"Dubai esta en  Europa o es son euros los que la sitúan en Europa ,que poca verguenza y que descaro de toda esta gente que mal dirige",@mariyjesurodriguez343,2026-09-20T00:00:00Z,1,
YT2000929,Kodai Naraoka vs Alex Lanier (2026 BWF World Championships Final),Badminton,,BWF World Championships 2026 | Kodai Naraoka (JPN) [10] vs Alex Lanier (FRA) [9] | F,go2uajSiBnE,https://www.youtube.com/watch?v=go2uajSiBnE,BWF TV,UChh-akEbUM8_6ghGVnJd6cQ,UgxnFzhshBZc0Nvnp7x4AaABAg,https://www.youtube.com/watch?v=go2uajSiBnE&lc=UgxnFzhshBZc0Nvnp7x4AaABAg,"I love Lanier, je t’aime mon pot❤",@Carlitos283,2026-08-26T00:00:00Z,3,
YT2000930,Hungary vs Latvia (2026 IIHF Men’s World Championship),Hockey,,Highlights: Hungary vs Latvia | 2026 #MensWorlds,dhgqnUsBfBk,https://www.youtube.com/watch?v=dhgqnUsBfBk,IIHF,UCtmgna7qB0oQF2oOcVgndbw,UgwS4w33H9nLNjPXumV4AaABAg,https://www.youtube.com/watch?v=dhgqnUsBfBk&lc=UgwS4w33H9nLNjPXumV4AaABAg,Молочники! Собрались и сделали три последние игры!,@kot-dv-no1ro,2026-06-23T00:00:00Z,4,
YT2000931,Abdullah Mason vs Ornelas (2026 Boxing),Boxing,,Abdullah Mason DROPS Ornelas Repeatedly in Brutal Win,d6A3cVkIKGc,https://www.youtube.com/watch?v=d6A3cVkIKGc,Top Rank Boxing,UCbzRzJNHx7ZLlJML9BjZQVQ,UgwAWq0_odxSDeI1LhV4AaABAg,https://www.youtube.com/watch?v=d6A3cVkIKGc&lc=UgwAWq0_odxSDeI1LhV4AaABAg,Tim Bradley just be talking… he was up before the knockdown he couldn’t have been too down on the score this was anybodies fight 😂💯,@TravorisDavisjr,2026-07-23T00:00:00Z,0,
YT2000932,ONE Friday Fights 170,MMA,,ONE Friday Fights 170 | Thrilling Fight Highlights 💪,n_ZYgAY0EIM,https://www.youtube.com/watch?v=n_ZYgAY0EIM,ONE Championship,UCiormkBf3jm6mfb7k0yPbKA,Ugzl_pxGq7NCuQlaZod4AaABAg,https://www.youtube.com/watch?v=n_ZYgAY0EIM&lc=Ugzl_pxGq7NCuQlaZod4AaABAg,Tantawyyyy,@katib101,2026-09-14T00:00:00Z,5,
YT2000933,2026 BMW PGA Championship Final Round,Golf,,Final Round DRAMA at Wentworth | 2026 BMW PGA Championship,fJWYN9Sk7wo,https://www.youtube.com/watch?v=fJWYN9Sk7wo,DP World Tour,UCvZwbZt6YZQ4wj_7qyjPDZw,Ugyq5yZCOqaleBZbuph4AaABAg,https://www.youtube.com/watch?v=fJWYN9Sk7wo&lc=Ugyq5yZCOqaleBZbuph4AaABAg,JJ Spaun is a major champion!!,@martinbelshaw4050,2026-09-21T18:00:00Z,5,
YT2000934,2026 Green Mountain Championship,Disc Golf,,Final Round Highlights | MPO | 2026 Green Mountain Championship,UoebFpL95VE,https://www.youtube.com/watch?v=UoebFpL95VE,Disc Golf Pro Tour,UCw0WzNn6m2Na6ZW7rKqWI3g,UgwVv_e1a59hMbMg5lZ4AaABAg,https://www.youtube.com/watch?v=UoebFpL95VE&lc=UgwVv_e1a59hMbMg5lZ4AaABAg,!!!!!!SPOILER BLOCKER!!!!!!!!!!!!!!!,@ApplesRgud,2026-09-22T00:00:00Z,11,
YT2000935,Japan vs USA (2026 Men’s VNL Semifinal),Volleyball,,Japan 🇯🇵 vs. USA 🇺🇸 - Semi Final | Highlights | Men's VNL 2026,Cvj9Q6fYu3s,https://www.youtube.com/watch?v=Cvj9Q6fYu3s,Volleyball World,UCNMg6XDhRZI2QzL4pWOvP_w,UgxCzK-SSY7Sv7iuq-p4AaABAg,https://www.youtube.com/watch?v=Cvj9Q6fYu3s&lc=UgxCzK-SSY7Sv7iuq-p4AaABAg,The blocks make the difference,@vin9649,2026-09-02T00:00:00Z,0,
YT2000936,Hurricanes vs Blues (2026 Super Rugby Pacific),Rugby,,HURRICANES v BLUES | Rd 9 Highlights | Super Rugby Pacific 2026,TLq0hc3Oxtg,https://www.youtube.com/watch?v=TLq0hc3Oxtg,Super Rugby Pacific,UCDOGExGCsrrt_RrGDgLuMww,Ugz0zQFn78zhvTuMS6x4AaABAg,https://www.youtube.com/watch?v=TLq0hc3Oxtg&lc=Ugz0zQFn78zhvTuMS6x4AaABAg,"Super rugby we still waiting from last night for the highlights of Fiji drua vs western force,why so late",@Bulaguy679,2026-04-23T00:00:00Z,0,
YT2000937,Napoli vs Arsenal (2026 UEFA Champions League),Football,,Napoli vs. Arsenal: Extended Highlights | UCL League Phase MD 1 | CBS Sports Golazo,7HFHdzIMgZ8,https://www.youtube.com/watch?v=7HFHdzIMgZ8,CBS Sports Golazo,UCET00YnetHT7tOpu12v8jxg,UgzXDwIie50pqfayqT54AaABAg,https://www.youtube.com/watch?v=7HFHdzIMgZ8&lc=UgzXDwIie50pqfayqT54AaABAg,Bottle fc ain't winning the Champions league,@4rcadez-rb8qv,2026-09-14T00:00:00Z,0,
YT2000938,"Afghanistan vs India (2026 T20I Series, Match 2)",Cricket,,Full Match Highlights | Afghanistan vs India | Match 02 | T20I Series 2026 | ACB | M9N1J,svAuradtMZw,https://www.youtube.com/watch?v=svAuradtMZw,Sports Central by DRM,UC-fzWbU1zavz77kP1gPPdSg,Ugx9frbgwTqAS2O4-v14AaABAg,https://www.youtube.com/watch?v=svAuradtMZw&lc=Ugx9frbgwTqAS2O4-v14AaABAg,Nunistan 😂,@mohammadmanik9157,2026-09-17T00:00:00Z,0,
YT2000939,Tommy Paul vs Roman Burruchaga (2026 Houston Final),Tennis,,Tommy Paul vs Roman Burruchaga For The Title 🏆 | Houston 2026 Final Highlights,YPJzLCm5qKI,https://www.youtube.com/watch?v=YPJzLCm5qKI,Tennis TV,UCbcxFkd6B9xUU54InHv4Tig,Ugzxh8yQu-tdhJrHkuh4AaABAg,https://www.youtube.com/watch?v=YPJzLCm5qKI&lc=Ugzxh8yQu-tdhJrHkuh4AaABAg,Both of then are lucky because both of then are not a good thing !! That was a tough match.. to watch off course!,@LeonardoCostaUSA,2026-04-23T00:00:00Z,0,
YT2000940,2026 Dutch Grand Prix,Formula 1,2026-08-23,Fans React to the 2026 Dutch Grand Prix,NyQ_Ukqyj1s,https://www.youtube.com/watch?v=NyQ_Ukqyj1s,Kr1s,UCz-llHGeBJB06SA6g-Q_JKA,Ugy5zDdrg9wfDkInzBx4AaABAg,https://www.youtube.com/watch?v=NyQ_Ukqyj1s&lc=Ugy5zDdrg9wfDkInzBx4AaABAg,"i dont get why luke gets mad that lando wins? im a lando fan and i still get happy if Oscar wins,its a good thing for mclaren team like i dont get whats so wrong with that?",@CrypticNando,2026-09-02T00:00:00Z,0,
YT2000941,Zalgiris vs Barcelona (2025-26 EuroLeague),Basketball,,Francisco Owned The Fourth | Zalgiris - FC Barcelona | R35 BASKETBALL HIGHLIGHTS 2025-26,Pug9o4wfkMs,https://www.youtube.com/watch?v=Pug9o4wfkMs,EUROLEAGUE BASKETBALL,UCGr3nR_XH9r6E5b09ZJAT9w,UgwB7zW_BuQT38yJstJ4AaABAg,https://www.youtube.com/watch?v=Pug9o4wfkMs&lc=UgwB7zW_BuQT38yJstJ4AaABAg,Dar kartą šaunuoliai žalgiriečiai!!! 👏👏👏👏👏,@grazinakalvaitiene-x2t,2026-04-23T00:00:00Z,3,
YT2000942,2026 World Athletics Ultimate Championship Day 1,Athletics,,Day 1 Full Highlights | World Athletics Ultimate Championship,yaw5_mUtsLE,https://www.youtube.com/watch?v=yaw5_mUtsLE,World Athletics,UCQk7fWv15ChjMJLCRVmtApw,UgxfByLzCkeIf2Oo32R4AaABAg,https://www.youtube.com/watch?v=yaw5_mUtsLE&lc=UgxfByLzCkeIf2Oo32R4AaABAg,I'm so grateful I was able to watch the whole event live on BBC 🙏🏼,@HusseinRonaldo2090,2026-09-14T00:00:00Z,0,
YT2000943,An Se Young vs Wang Zhi Yi (2026 BWF World Championships Semifinal),Badminton,,BWF World Championships 2026 | An Se Young (KOR) [1] vs Wang Zhi Yi (CHN) [3] | SF,7XPUAD74usE,https://www.youtube.com/watch?v=7XPUAD74usE,BWF TV,UChh-akEbUM8_6ghGVnJd6cQ,UgyHVCFUtDsHi1bo8bt4AaABAg,https://www.youtube.com/watch?v=7XPUAD74usE&lc=UgyHVCFUtDsHi1bo8bt4AaABAg,"Sad as it is to see WZY lost but it’s probably the right result, I don’t see her beating Yamaguchi if she got to the final.",@1st_rodeo,2026-08-26T00:00:00Z,7,
YT2000944,Canada vs Norway (2026 IIHF Men’s World Championship),Hockey,,Highlights: Canada vs Norway | 2026 #MensWorlds,OOpKz9itTzs,https://www.youtube.com/watch?v=OOpKz9itTzs,IIHF,UCtmgna7qB0oQF2oOcVgndbw,UgzNSbj1v3iRvmNl2994AaABAg,https://www.youtube.com/watch?v=OOpKz9itTzs&lc=UgzNSbj1v3iRvmNl2994AaABAg,"Wonderful!!!!
🇳🇴",@lotharvonrichthofen4474,2026-06-23T00:00:00Z,0,
YT2000945,Legendary Boxing Fights Collection,Boxing,,"12 Hours of Legendary Fights | Mayweather, Ali, Inoue & More",4GCNfWec-30,https://www.youtube.com/watch?v=4GCNfWec-30,Top Rank Boxing,UCbzRzJNHx7ZLlJML9BjZQVQ,UgzLoyrqxqYhm6eYMch4AaABAg,https://www.youtube.com/watch?v=4GCNfWec-30&lc=UgzLoyrqxqYhm6eYMch4AaABAg,Boxing today has no footwork. It moves around like zombies. boring to watch. No real power behind the punch anymore,@tomneidher,2026-03-23T00:00:00Z,1,
YT2000946,ONE Friday Fights 169,MMA,,ONE Friday Fights 169 Highlights 💥🥊,RwqvQX9iDJE,https://www.youtube.com/watch?v=RwqvQX9iDJE,ONE Championship,UCiormkBf3jm6mfb7k0yPbKA,Ugwf3rDMnDajb9H9lV14AaABAg,https://www.youtube.com/watch?v=RwqvQX9iDJE&lc=Ugwf3rDMnDajb9H9lV14AaABAg,Vortah got robbed! Yakuza championship,@kenkameron2682,2026-09-09T00:00:00Z,5,
YT2000947,2026 BMW PGA Championship,Golf,,Round 4 Highlights | 2026 BMW PGA Championship,gQZomCyCWuw,https://www.youtube.com/watch?v=gQZomCyCWuw,DP World Tour,UCvZwbZt6YZQ4wj_7qyjPDZw,UgxufdKjt9zRM8I7pWl4AaABAg,https://www.youtube.com/watch?v=gQZomCyCWuw&lc=UgxufdKjt9zRM8I7pWl4AaABAg,That M5 is like $200k,@method341,2026-09-22T00:00:00Z,1,
YT2000948,2026 Green Mountain Championship,Disc Golf,,Final Round Highlights | MPO | 2026 Green Mountain Championship,UoebFpL95VE,https://www.youtube.com/watch?v=UoebFpL95VE,Disc Golf Pro Tour,UCw0WzNn6m2Na6ZW7rKqWI3g,UgzmP-e9l0GXUhNAuft4AaABAg,https://www.youtube.com/watch?v=UoebFpL95VE&lc=UgzmP-e9l0GXUhNAuft4AaABAg,Don't ruin it in the comments please on winner,@Erick-t6t8j,2026-09-22T00:00:00Z,3,
YT2000949,USA vs Poland (2026 Men’s VNL Final),Volleyball,,USA 🇺🇸 vs. Poland 🇵🇱 - Gold Match | Highlights | Men's VNL 2026 - Final,SAjrSUNCQbc,https://www.youtube.com/watch?v=SAjrSUNCQbc,Volleyball World,UCNMg6XDhRZI2QzL4pWOvP_w,UgzIe9WXHgxmL2rZqyx4AaABAg,https://www.youtube.com/watch?v=SAjrSUNCQbc&lc=UgzIe9WXHgxmL2rZqyx4AaABAg,"What a match. It's like watching super humans playing. Congrats to Poland, from Brazil! And to USA too, incredible team.",@barbaraam7256,2026-08-23T00:00:00Z,2,
YT2000950,South Africa vs New Zealand (2026 Rugby Test),Rugby,,SOUTH AFRICA v NEW ZEALAND | 4th Test Highlights | Rugby's Greatest Rivalry 2026,G3s7nFFiRyk,https://www.youtube.com/watch?v=G3s7nFFiRyk,SANZAAR TV,UCvMgypvk0d5P0K3F3bB19Eg,Ugzmq_CXdrbP_BmHVVh4AaABAg,https://www.youtube.com/watch?v=G3s7nFFiRyk&lc=Ugzmq_CXdrbP_BmHVVh4AaABAg,"The next World Cup is certainly gonna be spicy, i have faith my boys the Springboks will deffo defend their title and win 3 cups in a row declaring world dominance in rugby",@Jbwoody24,2026-09-17T00:00:00Z,0,
YT2000951,Porto vs Manchester City (2026 UEFA Champions League),Football,,Porto vs. Man. City: Extended Highlights | UCL League Phase MD 1 | CBS Sports Golazo,mXNFbZJdcqY,https://www.youtube.com/watch?v=mXNFbZJdcqY,CBS Sports Golazo,UCET00YnetHT7tOpu12v8jxg,UgxhyTuFVU35RXViyhp4AaABAg,https://www.youtube.com/watch?v=mXNFbZJdcqY&lc=UgxhyTuFVU35RXViyhp4AaABAg,two terribkle goals . The defense and keeper has to do better and stop giving haaland easy goals.,@bjvu9460,2026-09-13T00:00:00Z,0,
YT2000952,India vs Pakistan (2026 Asia Cup Final),Cricket,,India VS Pakistan Extended Highlights | Asia Cup Final | Channel 9 Sports,GFj5cfzYoEQ,https://www.youtube.com/watch?v=GFj5cfzYoEQ,Channel Nine Sports,UCyDQWHMFMoNVDrdw7Y7jAZQ,Ugyo1PLuOy6otEXJLm94AaABAg,https://www.youtube.com/watch?v=GFj5cfzYoEQ&lc=Ugyo1PLuOy6otEXJLm94AaABAg,18❤❤❤,@DbossBoss-h4k,2026-09-11T00:00:00Z,0,
YT2000953,Jannik Sinner vs Jiri Lehecka (2026 Miami Final),Tennis,,Jannik Sinner vs Jiri Lehecka For The Title 🏆 | Miami 2026 Final Highlights,qWXm2tzc6OY,https://www.youtube.com/watch?v=qWXm2tzc6OY,Tennis TV,UCbcxFkd6B9xUU54InHv4Tig,Ugx8Ad5qcDachG4yHhp4AaABAg,https://www.youtube.com/watch?v=qWXm2tzc6OY&lc=Ugx8Ad5qcDachG4yHhp4AaABAg,He can be number 1 at Monte Carlo?🤯 Sinner is sensational!🔥,@SmashGenPlus0411,2026-04-23T00:00:00Z,0,
YT2000954,2026 Barcelona-Catalunya Grand Prix,Formula 1,2026-06-14,Fans React to the 2026 Barcelona-Catalunya Grand Prix,thGDQT82t6c,https://www.youtube.com/watch?v=thGDQT82t6c,Kr1s,UCz-llHGeBJB06SA6g-Q_JKA,UgxPcN0SRK68inmjOld4AaABAg,https://www.youtube.com/watch?v=thGDQT82t6c&lc=UgxPcN0SRK68inmjOld4AaABAg,russel didnt have really bad luck hes just slow really he can be fuming at the strategy but hes got to be more fuming at himself for not having the pace,@chrisjohnson3253,2026-06-23T00:00:00Z,1,
YT2000955,Olympiacos vs Fenerbahce (2026 EuroLeague SuperCup),Basketball,,The LAST FEW MINUTES WERE CRAZY! | Olympiacos vs Fenerbahce Tarfin | Euroleague Basketball SuperCup,3Me3QvbuL2M,https://www.youtube.com/watch?v=3Me3QvbuL2M,EUROLEAGUE BASKETBALL,UCGr3nR_XH9r6E5b09ZJAT9w,UgzDHoV4KXKuoVIFO494AaABAg,https://www.youtube.com/watch?v=3Me3QvbuL2M&lc=UgzDHoV4KXKuoVIFO494AaABAg,Φασολάδα 🔥 μπακλαβάδες 1-0,@Vagvelianitis,2026-09-21T00:00:00Z,0,
YT2000956,2026 European Athletics Championships Day 1,Athletics,,Day One Highlights | Birmingham 2026 European Athletics Championships,HBzZeY_kr_4,https://www.youtube.com/watch?v=HBzZeY_kr_4,European Athletics,UCp21zu_8Hd0w9HULooemRCA,Ugy-ib145MUwNVsR9LV4AaABAg,https://www.youtube.com/watch?v=HBzZeY_kr_4&lc=Ugy-ib145MUwNVsR9LV4AaABAg,"The crowd is sparse. 

Weird. Where are you Brits ?",@paulsolon6229,2026-08-23T00:00:00Z,0,
YT2000957,Alex Lanier vs Kunlavut Vitidsarn (2026 BWF World Championships Quarterfinal),Badminton,,BWF World Championships 2026 | Alex Lanier (FRA) [9] vs Kunlavut Vitidsarn (THA) [2] | QF,bsdgjFX-nhQ,https://www.youtube.com/watch?v=bsdgjFX-nhQ,BWF TV,UChh-akEbUM8_6ghGVnJd6cQ,UgywyGpDctQVSnKKWz14AaABAg,https://www.youtube.com/watch?v=bsdgjFX-nhQ&lc=UgywyGpDctQVSnKKWz14AaABAg,kunlavut is coming off a back injury right? physical aspect of the game really starting to show itself here especially against one of the most physical players like lanier.,@Dagodcrafter,2026-08-23T00:00:00Z,0,
YT2000958,Canada vs USA (2026 IIHF Men’s World Championship),Hockey,,Highlights: Canada vs USA | 2026 #MensWorlds,gEPn42NmMIs,https://www.youtube.com/watch?v=gEPn42NmMIs,IIHF,UCtmgna7qB0oQF2oOcVgndbw,UgwWXr8gvVa0704ieRV4AaABAg,https://www.youtube.com/watch?v=gEPn42NmMIs&lc=UgwWXr8gvVa0704ieRV4AaABAg,"We lost, God gave one thing and took the other away, everyone remembers when Russia won the Olympics, is it really that difficult to make a decision.😢😢😢😢😢😢😢",@Илья-б-х4у,2026-06-23T00:00:00Z,0,
YT2000959,Teremoana vs Heavyweight Opponent (2026 Matchroom Boxing),Boxing,,Undefeated giant heavyweight Teremoana | Non-Stop KOs | Matchroom Boxing,Q0PKJmMaV_U,https://www.youtube.com/watch?v=Q0PKJmMaV_U,Matchroom Boxing,UC7LReVje9aPB4B6XAsXX8WQ,UgwlEc9DcWEb9HQwRR94AaABAg,https://www.youtube.com/watch?v=Q0PKJmMaV_U&lc=UgwlEc9DcWEb9HQwRR94AaABAg,9:15 Whitfield doesn't seem good.,@adamgrimsley2900,2026-08-23T00:00:00Z,0,
YT2000960,Joshua Pacio vs Mansur Malachiev (ONE Championship),MMA,,Wushu Meets Dagestani Wrestling ⚔️ Joshua Pacio 🇵🇭 vs. Mansur Malachiev 🇷🇺 | MMA Full Fight,fW2PNH4L-DU,https://www.youtube.com/watch?v=fW2PNH4L-DU,ONE Championship,UCiormkBf3jm6mfb7k0yPbKA,Ugx7J__VzBY3ebQGgiR4AaABAg,https://www.youtube.com/watch?v=fW2PNH4L-DU&lc=Ugx7J__VzBY3ebQGgiR4AaABAg,Fuck the judges and refree of this fight,@aliasghar1615,2026-09-09T00:00:00Z,0,
YT2000961,2026 BMW PGA Championship Final Round,Golf,,Final Round DRAMA at Wentworth | 2026 BMW PGA Championship,fJWYN9Sk7wo,https://www.youtube.com/watch?v=fJWYN9Sk7wo,DP World Tour,UCvZwbZt6YZQ4wj_7qyjPDZw,UgxeAr_0Ky_eATWnHY54AaABAg,https://www.youtube.com/watch?v=fJWYN9Sk7wo&lc=UgxeAr_0Ky_eATWnHY54AaABAg,YES JJ!!!!!!,@MDC2222,2026-09-21T17:00:00Z,3,
YT2000962,2026 Green Mountain Championship,Disc Golf,,Final Round Highlights | MPO | 2026 Green Mountain Championship,UoebFpL95VE,https://www.youtube.com/watch?v=UoebFpL95VE,Disc Golf Pro Tour,UCw0WzNn6m2Na6ZW7rKqWI3g,UgxCqDNC5K0XU-9VsWt4AaABAg,https://www.youtube.com/watch?v=UoebFpL95VE&lc=UgxCqDNC5K0XU-9VsWt4AaABAg,Hell yeah first lol,@sicsoldier,2026-09-22T00:00:00Z,0,
YT2000963,Italy vs Denmark (2026 CEV EuroVolley),Volleyball,,Highlights | Italy vs. Denmark | CEV Enel EuroVolley 2026 Men | Eight Finals,JK_IC9hRAMg,https://www.youtube.com/watch?v=JK_IC9hRAMg,European Volleyball,UC8XRC858pOERvclUDb_d7rg,Ugy3L5yoe34cscUa7JN4AaABAg,https://www.youtube.com/watch?v=JK_IC9hRAMg&lc=Ugy3L5yoe34cscUa7JN4AaABAg,Cestitam Italiji na pobedi 💪,@JelenaMilojevic-bv5ts,2026-09-22T00:00:00Z,4,
YT2000964,England vs Fiji (2026 Nations Championship),Rugby,,England v Fiji highlights | 2026 Nations Championship,4tewDq2UAtI,https://www.youtube.com/watch?v=4tewDq2UAtI,England Rugby,UCmi7CahP3G3YySOAFOfSnkw,UgxIdVn5HRsw7QYc47x4AaABAg,https://www.youtube.com/watch?v=4tewDq2UAtI&lc=UgxIdVn5HRsw7QYc47x4AaABAg,The IRB should come to Fiji and teach FRU how a Tier one team should be run.,@mikaelebiciro5149,2026-07-23T00:00:00Z,1,
YT2000965,Barcelona vs Feyenoord (2026 UEFA Champions League),Football,,HIGHLIGHTS | FC BARCELONA 5 vs 1 FEYENOORD | UEFA CHAMPIONS LEAGUE 26/27 🔵🔴,XqSrz6MKVlk,https://www.youtube.com/watch?v=XqSrz6MKVlk,FC Barcelona,UC14UlmYlSNiQCBe9Eookf_A,Ugyeb3O7tdGQVhcwL0t4AaABAg,https://www.youtube.com/watch?v=XqSrz6MKVlk&lc=Ugyeb3O7tdGQVhcwL0t4AaABAg,J'aime mon équipe d'enfance ❤,@floryKateya-z6h,2026-09-18T00:00:00Z,0,
YT2000966,India vs Japan (2026 T20I),Cricket,,India vs Japan T20 Match Full Highlights 2026 | India vs Japan Highlights,AcDMlgbrcK4,https://www.youtube.com/watch?v=AcDMlgbrcK4,Cricket Expert,UCWSCF-pqjmfIM4Dmxwh0ViQ,UgxdIxdN_hVOouULK-14AaABAg,https://www.youtube.com/watch?v=AcDMlgbrcK4&lc=UgxdIxdN_hVOouULK-14AaABAg,Ye Keh rhy thy first time 300+ Hoga t20 ma 😂😂,@shoaibmunir1188,2026-09-22T13:00:00Z,0,
YT2000967,Jannik Sinner vs Alexander Zverev (2026 Madrid Final),Tennis,,Jannik Sinner vs Alexander Zverev For The Title | Madrid 2026 Final Highlights,U111uQCv6yc,https://www.youtube.com/watch?v=U111uQCv6yc,Tennis TV,UCbcxFkd6B9xUU54InHv4Tig,Ugwqak7XidJdViARMpl4AaABAg,https://www.youtube.com/watch?v=U111uQCv6yc&lc=Ugwqak7XidJdViARMpl4AaABAg,"UN SOLO GOLPE PARA EL SERVICIO.
NO ME GUSTA ESA VENTAJA PARA EL SERVICIO",@carlosibarrondo3466,2026-07-23T00:00:00Z,1,
YT2000968,2026 Hungarian Grand Prix,Formula 1,2026-07-26,Fans React to the 2026 Hungarian Grand Prix,SDzQqr7-JwY,https://www.youtube.com/watch?v=SDzQqr7-JwY,Kr1s,UCz-llHGeBJB06SA6g-Q_JKA,UgzrtI3AtpoNryzI_zN4AaABAg,https://www.youtube.com/watch?v=SDzQqr7-JwY&lc=UgzrtI3AtpoNryzI_zN4AaABAg,For those who are lazy 16:57,@RBRMV1,2026-08-23T00:00:00Z,0,
YT2000969,Valencia vs Milan (2025-26 EuroLeague),Basketball,,From Trouble to PLAYOFFS | Valencia - Milan | R36 BASKETBALL HIGHLIGHTS 2025-26,ezcvRat7sYM,https://www.youtube.com/watch?v=ezcvRat7sYM,EUROLEAGUE BASKETBALL,UCGr3nR_XH9r6E5b09ZJAT9w,Ugw5kGgDHEKbgAovHHp4AaABAg,https://www.youtube.com/watch?v=ezcvRat7sYM&lc=Ugw5kGgDHEKbgAovHHp4AaABAg,"Quien preparó este resumen, desde luego lo hizo con desprecio a Valencia Básket. No te enteras cómo ha sido la remontada, por omisión. A joderse os toca. Ya estamos en cuartos de final.",@PedroMiguelNavarroSanmartin,2026-04-23T00:00:00Z,5,
YT2000970,2026 European Athletics Championships Day 5,Athletics,,Day Five Highlights | Birmingham 2026 European Athletics Championships,SVDkKeN8kIU,https://www.youtube.com/watch?v=SVDkKeN8kIU,European Athletics,UCp21zu_8Hd0w9HULooemRCA,UgzbKQaNlhufXzSFhl94AaABAg,https://www.youtube.com/watch?v=SVDkKeN8kIU&lc=UgzbKQaNlhufXzSFhl94AaABAg,italy have a magic potion,@easytouch8054,2026-08-23T00:00:00Z,0,
YT2000971,Chia/Soh vs Liang/Wang (2026 BWF World Championships Final),Badminton,,BWF World Championships 2026 | Chia/Soh (MAS) [4] vs Liang/Wang (CHN) [3] | F,OyTqFMdLb_U,https://www.youtube.com/watch?v=OyTqFMdLb_U,BWF TV,UChh-akEbUM8_6ghGVnJd6cQ,UgzmOKbXZ0PJrVRa9054AaABAg,https://www.youtube.com/watch?v=OyTqFMdLb_U&lc=UgzmOKbXZ0PJrVRa9054AaABAg,"great umpire ,say i am sorry",@zerozhang7955,2026-09-02T00:00:00Z,0,
YT2000972,Switzerland vs Finland (2026 IIHF Men’s World Championship),Hockey,,Highlights: Switzerland vs Finland | 2026 #MensWorlds,HIpHZ_vblSo,https://www.youtube.com/watch?v=HIpHZ_vblSo,IIHF,UCtmgna7qB0oQF2oOcVgndbw,Ugwd3hhtkKMJ-CrXlQ94AaABAg,https://www.youtube.com/watch?v=HIpHZ_vblSo&lc=Ugwd3hhtkKMJ-CrXlQ94AaABAg,:text-green-game-over:,@jounimaenpaa7507,2026-07-23T00:00:00Z,0,
YT2000973,Rolly Romero vs Ryan Garcia (2026 Boxing),Boxing,,Fight Highlights | Rolly Romero Stuns Ryan Garcia | Matchroom Boxing,CWUVyUtDivQ,https://www.youtube.com/watch?v=CWUVyUtDivQ,Matchroom Boxing,UC7LReVje9aPB4B6XAsXX8WQ,UgxwulVJYRsI7cnn7XJ4AaABAg,https://www.youtube.com/watch?v=CWUVyUtDivQ&lc=UgxwulVJYRsI7cnn7XJ4AaABAg,boring fight,@marylouborbe6846,2026-07-23T00:00:00Z,0,
YT2000974,Amru Magomedov vs Angel Alvarez (2026 PFL New York),MMA,,A DESTRUCTIVE DISPLAY! | Amru Magomedov v Angel Alvarez - Fight Highlights | PFL New York,MazPHXIWMVk,https://www.youtube.com/watch?v=MazPHXIWMVk,PFL MMA,UCPrONRG9hO1f-OrxW-WH-xg,UgwUw05g5316P-ERSJ94AaABAg,https://www.youtube.com/watch?v=MazPHXIWMVk&lc=UgwUw05g5316P-ERSJ94AaABAg,Very good but need to improve to finish.. because khabib n islam is the benchmark. If khabib or islam that guys already tap or sleep.,@KudaPadi-j2h,2026-08-23T00:00:00Z,0,
YT2000975,2026 BMW PGA Championship,Golf,,Round 4 Highlights | 2026 BMW PGA Championship,gQZomCyCWuw,https://www.youtube.com/watch?v=gQZomCyCWuw,DP World Tour,UCvZwbZt6YZQ4wj_7qyjPDZw,UgxOyIvs-GN85O0YqpZ4AaABAg,https://www.youtube.com/watch?v=gQZomCyCWuw&lc=UgxOyIvs-GN85O0YqpZ4AaABAg,"I thought PGA Tours highlights are bad, man, I am so sorry wrong. This highlight is a crime against humanity.",@visalsoun6832,2026-09-22T00:00:00Z,1,
YT2000976,Belgium vs Czechia (2026 CEV EuroVolley),Volleyball,,Highlights | BELGIUM vs. CZECHIA | CEV Enel EuroVolley 2026 Men | Eight Finals,PW7s66Q3ZPk,https://www.youtube.com/watch?v=PW7s66Q3ZPk,European Volleyball,UC8XRC858pOERvclUDb_d7rg,UgzYOZjMMGGuKoE4OXF4AaABAg,https://www.youtube.com/watch?v=PW7s66Q3ZPk&lc=UgzYOZjMMGGuKoE4OXF4AaABAg,"Belgian blocks destroyed  mentality of Czech NT.  Plus Reggers with a killing instict.. After WCh I expected from Czechs more self-confidence and resilience.  Compare both coaches:  Czech - a former very good player, choleric. Belgian/ Italian  never played on top level. However  later  one has something what former lacks - a charisma, natural respect, an  huge international  experience as coach, ability to learn, including psychology.. Next opponent will be tough - Slovenia. 
 Pity, moveable ads on panels during rallies are nuisance..",@Sport22j,2026-09-21T18:00:00Z,3,
YT2000977,Wallabies vs France (2026 Nations Championship),Rugby,,Wallabies v France Highlights | Nations Championship 2026 | Round 2,qKCIZyiqjbc,https://www.youtube.com/watch?v=qKCIZyiqjbc,Wallabies,UC4Y6lpmGz2rkbOVdrOhjgvQ,UgxQ85m9n28qnMFbtm94AaABAg,https://www.youtube.com/watch?v=qKCIZyiqjbc&lc=UgxQ85m9n28qnMFbtm94AaABAg,lol both Wallabies wingers got absolutely spanked,@ray.shoesmith,2026-07-23T00:00:00Z,0,
YT2000978,Manchester City vs Sunderland (2026 Premier League),Football,,EXTENDED HIGHLIGHTS | Man City 5-3 Sunderland | A Premier League Classic at the Etihad!,dVFiXhUKXmI,https://www.youtube.com/watch?v=dVFiXhUKXmI,Man City,UCkzCjdRMrW2vXLx8mvPVLdQ,UgydkyoV-TcITIEPULJ4AaABAg,https://www.youtube.com/watch?v=dVFiXhUKXmI&lc=UgydkyoV-TcITIEPULJ4AaABAg,"Doku got subbed in, what does he do? Created million chances, that's how much impact Doku has literally!",@Heathclifffff07,2026-09-22T13:00:00Z,0,
YT2000979,"Afghanistan vs India (2026 T20I Series, Match 3)",Cricket,,Match Highlights | Afghanistan vs India | Match 03 | T20I Series 2026 | ACB | M9N1J,CJU-fIbr8Vk,https://www.youtube.com/watch?v=CJU-fIbr8Vk,Sports Central by DRM,UC-fzWbU1zavz77kP1gPPdSg,Ugyloj0Nc9ffHrFu2L14AaABAg,https://www.youtube.com/watch?v=CJU-fIbr8Vk&lc=Ugyloj0Nc9ffHrFu2L14AaABAg,🛣️ pitches,@ZainAwanv7v,2026-09-19T00:00:00Z,1,
YT2000980,Peyton Stearns vs Iva Jovic (2026 Guadalajara Final),Tennis,,Peyton Stearns vs. Iva Jovic  | 2026 Guadalajara Final | WTA Match Highlights,CgTatzO1WpQ,https://www.youtube.com/watch?v=CgTatzO1WpQ,WTA,UCaBIVVpHjq6j3tSyxwTE-8Q,Ugz1nnb-9qzSBH2SJdt4AaABAg,https://www.youtube.com/watch?v=CgTatzO1WpQ&lc=Ugz1nnb-9qzSBH2SJdt4AaABAg,Congrats Iva.. we're also rooting for you..keep it up. 🇵🇭,@gav3674,2026-09-22T00:00:00Z,0,
YT2000981,2026 Canadian Grand Prix,Formula 1,2026-05-24,Fans React to the 2026 Canadian Grand Prix,MfGFEzeee54,https://www.youtube.com/watch?v=MfGFEzeee54,Kr1s,UCz-llHGeBJB06SA6g-Q_JKA,UgxFrUQDOX2nPa8pl9V4AaABAg,https://www.youtube.com/watch?v=MfGFEzeee54&lc=UgxFrUQDOX2nPa8pl9V4AaABAg,32:52 The “welfare check” edit is cinema! @OnlyVic,@MrCJSutcliffe,2026-06-23T00:00:00Z,0,
YT2000982,Indiana Fever vs Toronto Tempo (2026 WNBA),Basketball,2026-09-18,"Indiana Fever vs. Toronto Tempo | FULL GAME HIGHLIGHTS | September 18, 2026",3ncxZOQBJBU,https://www.youtube.com/watch?v=3ncxZOQBJBU,WNBA,UCO9a_ryN_l7DIDS-VIt-zmw,UgxV5WFhonMcrr1CHzh4AaABAg,https://www.youtube.com/watch?v=3ncxZOQBJBU&lc=UgxV5WFhonMcrr1CHzh4AaABAg,"It seems Fever build a lead in 1&2, then corpse in 3, and it’s make or break in 4",@IANREA,2026-09-22T00:00:00Z,0,
YT2000983,2026 European Athletics Championships Day 6,Athletics,,Day Six Highlights | Birmingham 2026 European Athletics Championships,Pr8JLNyeRwU,https://www.youtube.com/watch?v=Pr8JLNyeRwU,European Athletics,UCp21zu_8Hd0w9HULooemRCA,Ugwf6qcDxkjEI5K88CZ4AaABAg,https://www.youtube.com/watch?v=Pr8JLNyeRwU&lc=Ugwf6qcDxkjEI5K88CZ4AaABAg,Imagine breaking the world record in the marathon walk - and placing 4th!,@cryo9216,2026-08-23T00:00:00Z,0,
YT2000984,Lakshya Sen vs Lin Chun-Yi (2026 All England Open),Badminton,,YONEX All England Open 2026 | Lakshya Sen (IND) vs Lin Chun-Yi (TPE) | F,7Q5JTy88JfQ,https://www.youtube.com/watch?v=7Q5JTy88JfQ,BWF TV,UChh-akEbUM8_6ghGVnJd6cQ,UgzZ31swTS99ZKVUIE14AaABAg,https://www.youtube.com/watch?v=7Q5JTy88JfQ&lc=UgzZ31swTS99ZKVUIE14AaABAg,left hand players are scary to play with.,@rictus11,2026-08-23T00:00:00Z,0,
YT2000985,Slovakia vs Czechia (2026 IIHF Men’s World Championship),Hockey,,Highlights: Slovakia vs Czechia | 2026 #MensWorlds,i9HSH4dvZg8,https://www.youtube.com/watch?v=i9HSH4dvZg8,IIHF,UCtmgna7qB0oQF2oOcVgndbw,UgxDaKrt9pUz2Zv7A514AaABAg,https://www.youtube.com/watch?v=i9HSH4dvZg8&lc=UgxDaKrt9pUz2Zv7A514AaABAg,Zaujímavé Čechom gól s korčulou UZNAL!!!Švédom proti švajčiarom NIE!!!TOMU SA HOVORÍ SPRAVODLIVOSŤ?,@romanbalaz9180,2026-06-23T00:00:00Z,1,
YT2000986,Bam Rodriguez vs Vargas (2026 Boxing),Boxing,,Bam Rodriguez Knocks Out Vargas To Become Three-Weight World Champ | Matchroom Boxing,5i51aZYjocM,https://www.youtube.com/watch?v=5i51aZYjocM,Matchroom Boxing,UC7LReVje9aPB4B6XAsXX8WQ,UgwCU-yyNEA9_0EWznx4AaABAg,https://www.youtube.com/watch?v=5i51aZYjocM&lc=UgwCU-yyNEA9_0EWznx4AaABAg,8:07 Did Eddie just say they Usyk is coming out of the sport?,@grahambeyer6254,2026-06-23T00:00:00Z,0,
YT2000987,Justin Clarke vs Abdoulaye Kane (2026 PFL Africa),MMA,,RUTHLESS Heavyweight Fight!! | Justin Clarke v Abdoulaye Kane | Full Fight | PFL Africa 1 2026,rAAW2ORZnwo,https://www.youtube.com/watch?v=rAAW2ORZnwo,PFL MMA,UCPrONRG9hO1f-OrxW-WH-xg,UgyIRqXjqOn2YXYsDsx4AaABAg,https://www.youtube.com/watch?v=rAAW2ORZnwo&lc=UgyIRqXjqOn2YXYsDsx4AaABAg,What a comeback by Justin👏🏻👏🏻👏🏻,@DemiAndHisSyndromes,2026-05-23T00:00:00Z,0,
YT2000988,2026 BMW PGA Championship Final Round,Golf,,Final Round DRAMA at Wentworth | 2026 BMW PGA Championship,fJWYN9Sk7wo,https://www.youtube.com/watch?v=fJWYN9Sk7wo,DP World Tour,UCvZwbZt6YZQ4wj_7qyjPDZw,UgwODa7Rym1mVSEhHiR4AaABAg,https://www.youtube.com/watch?v=fJWYN9Sk7wo&lc=UgwODa7Rym1mVSEhHiR4AaABAg,Sad for elvira. Next time,@MegaNidhi,2026-09-21T17:00:00Z,3,
YT2000989,Japan vs Iran (2026 AVC Men’s Continental Championship Final),Volleyball,,Japan 🇯🇵 vs. Iran 🇮🇷 - Final | AVC Men's Continental Championships 2026 | Gold Match Highlights,a0iA57_4oCw,https://www.youtube.com/watch?v=a0iA57_4oCw,Volleyball World,UCNMg6XDhRZI2QzL4pWOvP_w,UgzQ-e378vVfQxHXNAd4AaABAg,https://www.youtube.com/watch?v=a0iA57_4oCw&lc=UgzQ-e378vVfQxHXNAd4AaABAg,"Skvelý, vyrovnaný zápas !",@slnecnica62,2026-09-21T00:00:00Z,1,
YT2000990,All Blacks vs Lions (2026 Rugby),Rugby,,"MINI MATCH | All Blacks v Lions | Johannesburg, 2026",6MbNY6WCctU,https://www.youtube.com/watch?v=6MbNY6WCctU,All Blacks,UCsAPiUMyBjtKamxYGbSUnLA,UgwbWBFgj-QzYngmEQV4AaABAg,https://www.youtube.com/watch?v=6MbNY6WCctU&lc=UgwbWBFgj-QzYngmEQV4AaABAg,Lions keep your heads up! That Blackadders fitness level is insane,@jacobgrey4941,2026-09-02T00:00:00Z,0,
YT2000991,Brentford vs Chelsea (2026 Premier League),Football,2026-09-18,Brentford 3-0 Chelsea | HIGHLIGHTS | Premier League 2026/27,gwrydB4FO_Y,https://www.youtube.com/watch?v=gwrydB4FO_Y,Chelsea Football Club,UCU2PacFf99vhb3hNiYDmxww,UgwK0mj5szT2shY8zHN4AaABAg,https://www.youtube.com/watch?v=gwrydB4FO_Y&lc=UgwK0mj5szT2shY8zHN4AaABAg,"To owners and Directors.
Dont use excuse players injuries to put young players in the squad.

Your best player in the pitch fighting to win games.

This why maresca left and you repeat same thing again.!!",@hairulman8419,2026-09-22T00:00:00Z,0,
YT2000992,"Afghanistan vs India (2026 T20I Series, Match 3)",Cricket,,Full Match Highlights | Afghanistan vs India | Match 03 | T20I Series 2026 | ACB | M9N1J,TapC28fhANQ,https://www.youtube.com/watch?v=TapC28fhANQ,Sports Central by DRM,UC-fzWbU1zavz77kP1gPPdSg,Ugyg1NaxQ884FCxoeTx4AaABAg,https://www.youtube.com/watch?v=TapC28fhANQ&lc=Ugyg1NaxQ884FCxoeTx4AaABAg,2nd best team asia can’t chase just 100 🌚😂,@deadlove2004,2026-09-20T00:00:00Z,0,
YT2000993,Donna Vekic vs Xinyu Wang (2026 Singapore),Tennis,,Donna Vekic vs. Xinyu Wang | 2026 Singapore Round 1 | WTA Match Highlights,q4_xHFJv1eg,https://www.youtube.com/watch?v=q4_xHFJv1eg,WTA,UCaBIVVpHjq6j3tSyxwTE-8Q,UgyDDjpP1ZRX8BTIAbp4AaABAg,https://www.youtube.com/watch?v=q4_xHFJv1eg&lc=UgyDDjpP1ZRX8BTIAbp4AaABAg,"Great match from Xinyu. Donna is a strong player, and this match was quite one sided.",@bigrobsydney,2026-09-22T12:00:00Z,4,
YT2000994,2026 Barcelona-Catalunya Grand Prix,Formula 1,2026-06-14,Our 2026 Barcelona-Catalunya Grand Prix Race Review,0jVk2QviEog,https://www.youtube.com/watch?v=0jVk2QviEog,P1 with Matt & Tommy,UCD5jAyCSDRR5yTgswfDbK8w,Ugz3GxXTXpDXhSNyAKh4AaABAg,https://www.youtube.com/watch?v=0jVk2QviEog&lc=Ugz3GxXTXpDXhSNyAKh4AaABAg,"Hamilton wins without the VSC, the bigger question is would the 3 stop have got the win if Russell hadnt taken an early stop, aligning with a 3, yet staying on the 2 stop... or if Antonelli had passed him earlier. I think a more conventional 2 stop, with a Merc was still the fastest package, but not by much",@g.g.baxter4868,2026-06-23T00:00:00Z,0,
YT2000995,Phoenix Mercury vs Dallas Wings (2026 WNBA),Basketball,2026-09-19,"Phoenix Mercury vs. Dallas Wings | FULL GAME HIGHLIGHTS | September 19, 2026",gmTPOM9RMxU,https://www.youtube.com/watch?v=gmTPOM9RMxU,WNBA,UCO9a_ryN_l7DIDS-VIt-zmw,UgwAiHyZKweOSravKD14AaABAg,https://www.youtube.com/watch?v=gmTPOM9RMxU&lc=UgwAiHyZKweOSravKD14AaABAg,dubs in the chat !,@johnguzman8637,2026-09-21T00:00:00Z,0,
YT2000996,2026 European Athletics Championships Day 7,Athletics,,Day Seven Highlights | Birmingham 2026 European Athletics Championships,GK-bVPxtpxY,https://www.youtube.com/watch?v=GK-bVPxtpxY,European Athletics,UCp21zu_8Hd0w9HULooemRCA,UgzZt-DmW2N1amVDUxZ4AaABAg,https://www.youtube.com/watch?v=GK-bVPxtpxY&lc=UgzZt-DmW2N1amVDUxZ4AaABAg,How can they only show the winner and the first brit in the women's marathon? Just too much nationalist bullshit or something else?,@danielszanto2955,2026-08-23T00:00:00Z,0,
YT2000997,China vs France (2026 BWF Thomas Cup Final),Badminton,,BWF Thomas Cup Finals 2026 | China vs France | Final,X-Swcau8laI,https://www.youtube.com/watch?v=X-Swcau8laI,BWF TV,UChh-akEbUM8_6ghGVnJd6cQ,UgzVZ95FCo6ImpOODdV4AaABAg,https://www.youtube.com/watch?v=X-Swcau8laI&lc=UgzVZ95FCo6ImpOODdV4AaABAg,"翁作為新人
表現實在難能可貴
在關鍵時刻頭腦依然保持清醒",@maygihui7973,2026-05-23T00:00:00Z,0,
YT2000998,Finland vs USA (2026 IIHF Men’s World Championship),Hockey,,Highlights: Finland vs USA | 2026 #MensWorlds,5Z4XRREGbmU,https://www.youtube.com/watch?v=5Z4XRREGbmU,IIHF,UCtmgna7qB0oQF2oOcVgndbw,UgwXnzj8iAeY-GxroAR4AaABAg,https://www.youtube.com/watch?v=5Z4XRREGbmU&lc=UgwXnzj8iAeY-GxroAR4AaABAg,"Фины хорошо сыграли, мои поздравления из России 🇷🇺  Хорошие броски у финов, но мне кажется вратарь боится шайбы.",@БашняТанка-у5щ,2026-06-23T00:00:00Z,6,
YT2000999,2026 UEFA Champions League Matchday 1,Football,,EVERY Champions League Goal From Matchday 1 | Highlights,DLOUfAVwuXA,https://www.youtube.com/watch?v=DLOUfAVwuXA,UEFA,UCyGa1YEx9ST66rYrJTGIKOw,UgxaP8TjvHsYpd4o8m94AaABAg,https://www.youtube.com/watch?v=DLOUfAVwuXA&lc=UgxaP8TjvHsYpd4o8m94AaABAg,Up until this time I didn't know Villarreal had an Away Jersey 😂😂😂,@musasebweteba9272,2026-09-20T00:00:00Z,0,
YT2001000,2026 UEFA Champions League Matchday 1,Football,,EVERY Champions League Goal From Matchday 1 | Highlights,DLOUfAVwuXA,https://www.youtube.com/watch?v=DLOUfAVwuXA,UEFA,UCyGa1YEx9ST66rYrJTGIKOw,Ugzt5LwLTdmeVm-_QGp4AaABAg,https://www.youtube.com/watch?v=DLOUfAVwuXA&lc=Ugzt5LwLTdmeVm-_QGp4AaABAg,The production quality is exactly what I needed I learned a lot from it.,@JonhSmith-p5c,2026-09-19T00:00:00Z,0,
