reaction_id,event_name,sport,event_date,video_title,video_id,video_url,channel_name,channel_id,comment_id,comment_url,comment_text,comment_author,comment_published_at,like_count,reply_count
YT000001,Spain vs Argentina (2026 FIFA World Cup Final),Football,2026-07-19,Spain vs Argentina Highlights 🌎🏆 2026 FIFA World Cup™ | Final,x-cpRHf4xd4,https://www.youtube.com/watch?v=x-cpRHf4xd4,FOX Sports,UCwNqHDsnBCKT-olwJwIFyfg,Ugzzlr8r36AIRGLZvNt4AaABAg,https://www.youtube.com/watch?v=x-cpRHf4xd4&lc=Ugzzlr8r36AIRGLZvNt4AaABAg,"Argentina having 0 shots on target until the last 5 minutes is insane, Spain dominated",@victorcabrera1036,,10K,175
YT000002,Spain vs Argentina (2026 FIFA World Cup Final),Football,2026-07-19,Spain vs Argentina Highlights 🌎🏆 2026 FIFA World Cup™ | Final,x-cpRHf4xd4,https://www.youtube.com/watch?v=x-cpRHf4xd4,FOX Sports,UCwNqHDsnBCKT-olwJwIFyfg,UgzLvPLDXOj5RDx_fQB4AaABAg,https://www.youtube.com/watch?v=x-cpRHf4xd4&lc=UgzLvPLDXOj5RDx_fQB4AaABAg,Spain's goalie could have worked remotely.,@AraP24,,5.3K,69
YT000003,Spain vs Argentina (2026 FIFA World Cup Final),Football,2026-07-19,Spain vs Argentina Highlights 🌎🏆 2026 FIFA World Cup™ | Final,x-cpRHf4xd4,https://www.youtube.com/watch?v=x-cpRHf4xd4,FOX Sports,UCwNqHDsnBCKT-olwJwIFyfg,Ugw2wz6x9Qo9mB2010t4AaABAg,https://www.youtube.com/watch?v=x-cpRHf4xd4&lc=Ugw2wz6x9Qo9mB2010t4AaABAg,Argentina was playing so dirty throughout the game. I'm so glad Spain won.,@bluefish537,,8K,229
YT000004,Spain vs Argentina (2026 FIFA World Cup Final),Football,2026-07-19,Spain vs Argentina Highlights 🌎🏆 2026 FIFA World Cup™ | Final,x-cpRHf4xd4,https://www.youtube.com/watch?v=x-cpRHf4xd4,FOX Sports,UCwNqHDsnBCKT-olwJwIFyfg,UgwGiSh17AiCx5eyVCp4AaABAg,https://www.youtube.com/watch?v=x-cpRHf4xd4&lc=UgwGiSh17AiCx5eyVCp4AaABAg,The goalie is the only reason this game wasnt like 6-0,@Aaaaaaaaaaaaaaaa1873,,85,1
YT000005,Spain vs Argentina (2026 FIFA World Cup Final),Football,2026-07-19,Spain vs Argentina Highlights 🌎🏆 2026 FIFA World Cup™ | Final,x-cpRHf4xd4,https://www.youtube.com/watch?v=x-cpRHf4xd4,FOX Sports,UCwNqHDsnBCKT-olwJwIFyfg,Ugzj9_e-dZ68cDFf5L54AaABAg,https://www.youtube.com/watch?v=x-cpRHf4xd4&lc=Ugzj9_e-dZ68cDFf5L54AaABAg,This was the most dominant 1-0 World Cup victory I have seen,@Daboys99975,,2.6K,42
YT000006,Spain vs Argentina (2026 FIFA World Cup Final),Football,2026-07-19,Spain vs Argentina Highlights 🌎🏆 2026 FIFA World Cup™ | Final,x-cpRHf4xd4,https://www.youtube.com/watch?v=x-cpRHf4xd4,FOX Sports,UCwNqHDsnBCKT-olwJwIFyfg,UgxHkje2wInDoeV13gF4AaABAg,https://www.youtube.com/watch?v=x-cpRHf4xd4&lc=UgxHkje2wInDoeV13gF4AaABAg,Cape Verde deserves 3rd place for being the only team to survive Spain,@two_timerr,,5.1K,124
YT000007,Spain vs Argentina (2026 FIFA World Cup Final),Football,2026-07-19,Spain vs Argentina Highlights 🌎🏆 2026 FIFA World Cup™ | Final,x-cpRHf4xd4,https://www.youtube.com/watch?v=x-cpRHf4xd4,FOX Sports,UCwNqHDsnBCKT-olwJwIFyfg,UgzwMPsy39wUjTMvo3p4AaABAg,https://www.youtube.com/watch?v=x-cpRHf4xd4&lc=UgzwMPsy39wUjTMvo3p4AaABAg,Reminder that Argentina had 0 shots on target in 120 min.,@DevoutSkeptic,,2.8K,97
YT000008,Spain vs Argentina (2026 FIFA World Cup Final),Football,2026-07-19,Spain vs Argentina Highlights 🌎🏆 2026 FIFA World Cup™ | Final,x-cpRHf4xd4,https://www.youtube.com/watch?v=x-cpRHf4xd4,FOX Sports,UCwNqHDsnBCKT-olwJwIFyfg,Ugz8TYjgf9sMo20Ow814AaABAg,https://www.youtube.com/watch?v=x-cpRHf4xd4&lc=Ugz8TYjgf9sMo20Ow814AaABAg,"The Spaniards played with professionalism and great sportsmanship; they fully deserved the win. As for the Argentine team, they acted like thugs rather than a team that had come to play a clean game.",@safyany9191,,161,
YT000009,Spain vs Argentina (2026 FIFA World Cup Final),Football,2026-07-19,Spain vs Argentina Highlights 🌎🏆 2026 FIFA World Cup™ | Final,x-cpRHf4xd4,https://www.youtube.com/watch?v=x-cpRHf4xd4,FOX Sports,UCwNqHDsnBCKT-olwJwIFyfg,UgyojmtOFgaX7A1nj4h4AaABAg,https://www.youtube.com/watch?v=x-cpRHf4xd4&lc=UgyojmtOFgaX7A1nj4h4AaABAg,GOALKEEPER for Argentina saved his team from humiliating defeat!,@davidcooper177,,3.8K,103
YT000010,Spain vs Argentina (2026 FIFA World Cup Final),Football,2026-07-19,Spain vs Argentina Highlights 🌎🏆 2026 FIFA World Cup™ | Final,x-cpRHf4xd4,https://www.youtube.com/watch?v=x-cpRHf4xd4,FOX Sports,UCwNqHDsnBCKT-olwJwIFyfg,UgzRU803dOsmDHUOaXJ4AaABAg,https://www.youtube.com/watch?v=x-cpRHf4xd4&lc=UgzRU803dOsmDHUOaXJ4AaABAg,Argentina surprised when the ref actually makes fair calls. 😂,@yesimsarah4679,,2.6K,114
YT000011,Spain vs Argentina (2026 FIFA World Cup Final),Football,2026-07-19,Spain vs Argentina Highlights 🌎🏆 2026 FIFA World Cup™ | Final,x-cpRHf4xd4,https://www.youtube.com/watch?v=x-cpRHf4xd4,FOX Sports,UCwNqHDsnBCKT-olwJwIFyfg,UgxaUC_MR9CyrojLH5B4AaABAg,https://www.youtube.com/watch?v=x-cpRHf4xd4&lc=UgxaUC_MR9CyrojLH5B4AaABAg,"Spain had more possession, WAY more shots, more passes, less fouls, 0 yellow cards and red cards, and more corners. ABSOLUTE DOMINATION. Viva España!!!!!! 🇪🇸🇪🇸",@helikababter,,3.1K,58
YT000012,Spain vs Argentina (2026 FIFA World Cup Final),Football,2026-07-19,Spain vs Argentina Highlights 🌎🏆 2026 FIFA World Cup™ | Final,x-cpRHf4xd4,https://www.youtube.com/watch?v=x-cpRHf4xd4,FOX Sports,UCwNqHDsnBCKT-olwJwIFyfg,Ugzm9rWfDS9F_PdjQ-l4AaABAg,https://www.youtube.com/watch?v=x-cpRHf4xd4&lc=Ugzm9rWfDS9F_PdjQ-l4AaABAg,I like how spain’s goalkeeper had enough time to write a novel with him not having to do much that game. 😂,@deoxi3207,,35,
YT000013,Spain vs Argentina (2026 FIFA World Cup Final),Football,2026-07-19,Spain vs Argentina Highlights 🌎🏆 2026 FIFA World Cup™ | Final,x-cpRHf4xd4,https://www.youtube.com/watch?v=x-cpRHf4xd4,FOX Sports,UCwNqHDsnBCKT-olwJwIFyfg,Ugyco0WUbmeoOCdbamF4AaABAg,https://www.youtube.com/watch?v=x-cpRHf4xd4&lc=Ugyco0WUbmeoOCdbamF4AaABAg,That Williams assist on Torres’ goal though. That was a genius pass on his part,@Eliteshot135,,2.2K,50
YT000014,Spain vs Argentina (2026 FIFA World Cup Final),Football,2026-07-19,Spain vs Argentina Highlights 🌎🏆 2026 FIFA World Cup™ | Final,x-cpRHf4xd4,https://www.youtube.com/watch?v=x-cpRHf4xd4,FOX Sports,UCwNqHDsnBCKT-olwJwIFyfg,UgwgqZx5Ka1sR1k6H3p4AaABAg,https://www.youtube.com/watch?v=x-cpRHf4xd4&lc=UgwgqZx5Ka1sR1k6H3p4AaABAg,Watching Argentina get absolutely outclassed and toyed with in a World Cup final was so satisfying. Congratulations Spain 🇪🇸,@DeniJ1K,,2.2K,91
YT000015,Spain vs Argentina (2026 FIFA World Cup Final),Football,2026-07-19,Spain vs Argentina Highlights 🌎🏆 2026 FIFA World Cup™ | Final,x-cpRHf4xd4,https://www.youtube.com/watch?v=x-cpRHf4xd4,FOX Sports,UCwNqHDsnBCKT-olwJwIFyfg,UgzsgFFNEWWt8XRLPgZ4AaABAg,https://www.youtube.com/watch?v=x-cpRHf4xd4&lc=UgzsgFFNEWWt8XRLPgZ4AaABAg,"Spain is a great winner.  They played with passion, talent, kindness and high class.",@MP-ff9fw,,578,5
YT000016,Spain vs Argentina (2026 FIFA World Cup Final),Football,2026-07-19,Spain vs Argentina Highlights 🌎🏆 2026 FIFA World Cup™ | Final,x-cpRHf4xd4,https://www.youtube.com/watch?v=x-cpRHf4xd4,FOX Sports,UCwNqHDsnBCKT-olwJwIFyfg,UgyMTLBzRm1GpBQiMmV4AaABAg,https://www.youtube.com/watch?v=x-cpRHf4xd4&lc=UgyMTLBzRm1GpBQiMmV4AaABAg,Felicidades Espan̈a desde el Corazón de un Méxicano!,@jlunapalmundo,,13,
YT000017,United States vs Australia (2026 FIFA World Cup),Football,,United States vs Australia Extended Highlights 🌎🏆 2026 FIFA World Cup™,1gMiT5r-K7Q,https://www.youtube.com/watch?v=1gMiT5r-K7Q,FOX Sports,UCwNqHDsnBCKT-olwJwIFyfg,Ugwc8rpmVlSbxmn7qe14AaABAg,https://www.youtube.com/watch?v=1gMiT5r-K7Q&lc=Ugwc8rpmVlSbxmn7qe14AaABAg,USA wins consecutive games in Group play for the first time since 1930.,@Mark-xl1ze,,5.5K,170
YT000018,United States vs Australia (2026 FIFA World Cup),Football,,United States vs Australia Extended Highlights 🌎🏆 2026 FIFA World Cup™,1gMiT5r-K7Q,https://www.youtube.com/watch?v=1gMiT5r-K7Q,FOX Sports,UCwNqHDsnBCKT-olwJwIFyfg,UgwTjOL1LFg5fgPVHrZ4AaABAg,https://www.youtube.com/watch?v=1gMiT5r-K7Q&lc=UgwTjOL1LFg5fgPVHrZ4AaABAg,"Gonna just leave this here that the Universe can do the funniest thing: On July 4th, In Philadelphia of all places, a Round of 16 match could take place between the USA and England.  This would be similar to having your Ex over on your birthday to see the house they lost in the divorce.",@MunDane68,,4.7K,125
YT000019,United States vs Australia (2026 FIFA World Cup),Football,,United States vs Australia Extended Highlights 🌎🏆 2026 FIFA World Cup™,1gMiT5r-K7Q,https://www.youtube.com/watch?v=1gMiT5r-K7Q,FOX Sports,UCwNqHDsnBCKT-olwJwIFyfg,Ugz6hZgxwzi4OSSTcnx4AaABAg,https://www.youtube.com/watch?v=1gMiT5r-K7Q&lc=Ugz6hZgxwzi4OSSTcnx4AaABAg,"""Country roads take me home"" at the end where the whole stadium and players were singing..... gave me chills.",@texasfan360,,710,9
YT000020,United States vs Australia (2026 FIFA World Cup),Football,,United States vs Australia Extended Highlights 🌎🏆 2026 FIFA World Cup™,1gMiT5r-K7Q,https://www.youtube.com/watch?v=1gMiT5r-K7Q,FOX Sports,UCwNqHDsnBCKT-olwJwIFyfg,UgympTz1nAomDGsQmil4AaABAg,https://www.youtube.com/watch?v=1gMiT5r-K7Q&lc=UgympTz1nAomDGsQmil4AaABAg,Bro as a Brazilian and a person who being watching this sport for a long time I think this might be the best USA team that i ever seen I think you guys can go far into the competition,@Robinsonf2k,,520,12
YT000021,United States vs Australia (2026 FIFA World Cup),Football,,United States vs Australia Extended Highlights 🌎🏆 2026 FIFA World Cup™,1gMiT5r-K7Q,https://www.youtube.com/watch?v=1gMiT5r-K7Q,FOX Sports,UCwNqHDsnBCKT-olwJwIFyfg,UgxlBhGr0VyUSW9Ilnl4AaABAg,https://www.youtube.com/watch?v=1gMiT5r-K7Q&lc=UgxlBhGr0VyUSW9Ilnl4AaABAg,"This team is young, exciting, and our home crowd and fans are giving them such a huge boost. We got a real chance to do something special",@ChuckDean-h4n,,130,8
YT000022,United States vs Australia (2026 FIFA World Cup),Football,,United States vs Australia Extended Highlights 🌎🏆 2026 FIFA World Cup™,1gMiT5r-K7Q,https://www.youtube.com/watch?v=1gMiT5r-K7Q,FOX Sports,UCwNqHDsnBCKT-olwJwIFyfg,UgzPoHzodor05jQJ0XB4AaABAg,https://www.youtube.com/watch?v=1gMiT5r-K7Q&lc=UgzPoHzodor05jQJ0XB4AaABAg,Russell Crowe has been an awesome coach. Let's go USA,@cboii9884,,904,34
YT000023,United States vs Australia (2026 FIFA World Cup),Football,,United States vs Australia Extended Highlights 🌎🏆 2026 FIFA World Cup™,1gMiT5r-K7Q,https://www.youtube.com/watch?v=1gMiT5r-K7Q,FOX Sports,UCwNqHDsnBCKT-olwJwIFyfg,UgyhjYTqIT56a7odaE14AaABAg,https://www.youtube.com/watch?v=1gMiT5r-K7Q&lc=UgyhjYTqIT56a7odaE14AaABAg,"USA actually having a competitive team in the World Cup? Pinch me, I must be dreaming!",@huntertrumzynski,,2.1K,86
YT000024,United States vs Australia (2026 FIFA World Cup),Football,,United States vs Australia Extended Highlights 🌎🏆 2026 FIFA World Cup™,1gMiT5r-K7Q,https://www.youtube.com/watch?v=1gMiT5r-K7Q,FOX Sports,UCwNqHDsnBCKT-olwJwIFyfg,UgwS9HJwVwpu_P_aLhd4AaABAg,https://www.youtube.com/watch?v=1gMiT5r-K7Q&lc=UgwS9HJwVwpu_P_aLhd4AaABAg,the ausi defender will forever be able to tell his grandkids he scored a goal in the world cup ...,@TheWendolGuild,,105,
YT000025,United States vs Australia (2026 FIFA World Cup),Football,,United States vs Australia Extended Highlights 🌎🏆 2026 FIFA World Cup™,1gMiT5r-K7Q,https://www.youtube.com/watch?v=1gMiT5r-K7Q,FOX Sports,UCwNqHDsnBCKT-olwJwIFyfg,Ugw5e_io-OPoe8ugCJJ4AaABAg,https://www.youtube.com/watch?v=1gMiT5r-K7Q&lc=Ugw5e_io-OPoe8ugCJJ4AaABAg,"I was at this match…sitting REALLY high up. But when Balogun really hit full stride going around the defender for the first goal it was like seeing a jet go into afterburner—breathtaking speed even seen maybe 200 yards away.  And determined defending, especially by Antonee Robinson. Patient US offensive tactics and great play on the wings. Impressive game and bonkers atmosphere.",@danmessinger5198,,31,
YT000026,United States vs Australia (2026 FIFA World Cup),Football,,United States vs Australia Extended Highlights 🌎🏆 2026 FIFA World Cup™,1gMiT5r-K7Q,https://www.youtube.com/watch?v=1gMiT5r-K7Q,FOX Sports,UCwNqHDsnBCKT-olwJwIFyfg,Ugz_-45Yu6CRgnwsLCt4AaABAg,https://www.youtube.com/watch?v=1gMiT5r-K7Q&lc=Ugz_-45Yu6CRgnwsLCt4AaABAg,This US team looks the best theyve ever been. Ill hold my breath until the knockout rounng.,@zachattack2834,,33,
YT000027,United States vs Australia (2026 FIFA World Cup),Football,,United States vs Australia Extended Highlights 🌎🏆 2026 FIFA World Cup™,1gMiT5r-K7Q,https://www.youtube.com/watch?v=1gMiT5r-K7Q,FOX Sports,UCwNqHDsnBCKT-olwJwIFyfg,UgxkvejIABojf_W_TBd4AaABAg,https://www.youtube.com/watch?v=1gMiT5r-K7Q&lc=UgxkvejIABojf_W_TBd4AaABAg,This is the nicest day of the year in Seattle,@DJ_Cub,,889,22
YT000028,United States vs Australia (2026 FIFA World Cup),Football,,United States vs Australia Extended Highlights 🌎🏆 2026 FIFA World Cup™,1gMiT5r-K7Q,https://www.youtube.com/watch?v=1gMiT5r-K7Q,FOX Sports,UCwNqHDsnBCKT-olwJwIFyfg,UgxiDRtzMv9MFLFLroJ4AaABAg,https://www.youtube.com/watch?v=1gMiT5r-K7Q&lc=UgxiDRtzMv9MFLFLroJ4AaABAg,Its so much more fun watching the US now that they actually have players that can be true strikers instead of just relying on our best attacking mids to pose as 9s and 11s. Add to that a coach that does not believe in parking the bus and hoping to win a game 1-0 with a few rare counter attack opportunities. We have come a long way over the last 30 years,@increase9896,,328,8
YT000029,United States vs Australia (2026 FIFA World Cup),Football,,United States vs Australia Extended Highlights 🌎🏆 2026 FIFA World Cup™,1gMiT5r-K7Q,https://www.youtube.com/watch?v=1gMiT5r-K7Q,FOX Sports,UCwNqHDsnBCKT-olwJwIFyfg,UgyiUYbZ147Xed3E28N4AaABAg,https://www.youtube.com/watch?v=1gMiT5r-K7Q&lc=UgyiUYbZ147Xed3E28N4AaABAg,Australia started injecting some of their own Aussie football in the second half 😆,@diamondcutter7511,,1K,23
YT000030,United States vs Australia (2026 FIFA World Cup),Football,,United States vs Australia Extended Highlights 🌎🏆 2026 FIFA World Cup™,1gMiT5r-K7Q,https://www.youtube.com/watch?v=1gMiT5r-K7Q,FOX Sports,UCwNqHDsnBCKT-olwJwIFyfg,Ugyw1fphlkdEFnRD9fR4AaABAg,https://www.youtube.com/watch?v=1gMiT5r-K7Q&lc=Ugyw1fphlkdEFnRD9fR4AaABAg,Russel Crowe is a great coach who would have thought Maximus was dialed in for Football ⚽️!! Go USA 🇺🇸 🇺🇸!! 🎆 🏆,@George-90S13,,9,
YT000031,United States vs Australia (2026 FIFA World Cup),Football,,United States vs Australia Extended Highlights 🌎🏆 2026 FIFA World Cup™,1gMiT5r-K7Q,https://www.youtube.com/watch?v=1gMiT5r-K7Q,FOX Sports,UCwNqHDsnBCKT-olwJwIFyfg,UgyFBw0EcZTGnfSBeeN4AaABAg,https://www.youtube.com/watch?v=1gMiT5r-K7Q&lc=UgyFBw0EcZTGnfSBeeN4AaABAg,"As a fellow Mexican giving my honest opinion, this USA team can give problems to anyone in this World Cup. The Dark Horse of the tournament, you heard it here first.",@PildoraRojaReviews,,8,
YT000032,United States vs Australia (2026 FIFA World Cup),Football,,United States vs Australia Extended Highlights 🌎🏆 2026 FIFA World Cup™,1gMiT5r-K7Q,https://www.youtube.com/watch?v=1gMiT5r-K7Q,FOX Sports,UCwNqHDsnBCKT-olwJwIFyfg,Ugy-aiXDztg70C_UTE54AaABAg,https://www.youtube.com/watch?v=1gMiT5r-K7Q&lc=Ugy-aiXDztg70C_UTE54AaABAg,"Go USA!! 

My team, Italy, shamefully didn't make it into the WC this year (or the last!!) so I'm so rooting for my adoptive country USA!!!",@moedeluca2318,,581,30
YT000033,Mexico vs South Korea (2026 FIFA World Cup),Football,,Mexico vs South Korea Extended Highlights 🌎🏆 2026 FIFA World Cup™,F1sMvm6D-0Y,https://www.youtube.com/watch?v=F1sMvm6D-0Y,FOX Sports,UCwNqHDsnBCKT-olwJwIFyfg,UgwMgeRDgEUnvs2kjhJ4AaABAg,https://www.youtube.com/watch?v=F1sMvm6D-0Y&lc=UgwMgeRDgEUnvs2kjhJ4AaABAg,That goal was honestly heartbreaking for SK,@leopardhunter99,,3.6K,67
YT000034,Mexico vs South Korea (2026 FIFA World Cup),Football,,Mexico vs South Korea Extended Highlights 🌎🏆 2026 FIFA World Cup™,F1sMvm6D-0Y,https://www.youtube.com/watch?v=F1sMvm6D-0Y,FOX Sports,UCwNqHDsnBCKT-olwJwIFyfg,UgymaYPwOPYBNdcr_bZ4AaABAg,https://www.youtube.com/watch?v=F1sMvm6D-0Y&lc=UgymaYPwOPYBNdcr_bZ4AaABAg,Huge props to Mexico goalie.. it was hella unreal save! Congrats 🇲🇽,@swjeong0313,,1.8K,24
YT000035,Mexico vs South Korea (2026 FIFA World Cup),Football,,Mexico vs South Korea Extended Highlights 🌎🏆 2026 FIFA World Cup™,F1sMvm6D-0Y,https://www.youtube.com/watch?v=F1sMvm6D-0Y,FOX Sports,UCwNqHDsnBCKT-olwJwIFyfg,UgxxswSYvBfCGKCiCa54AaABAg,https://www.youtube.com/watch?v=F1sMvm6D-0Y&lc=UgxxswSYvBfCGKCiCa54AaABAg,Rooting for Korea to advance to knockout stage even after this🇲🇽🤝🇰🇷,@notmuch7010,,2.3K,41
YT000036,Mexico vs South Korea (2026 FIFA World Cup),Football,,Mexico vs South Korea Extended Highlights 🌎🏆 2026 FIFA World Cup™,F1sMvm6D-0Y,https://www.youtube.com/watch?v=F1sMvm6D-0Y,FOX Sports,UCwNqHDsnBCKT-olwJwIFyfg,Ugy2Ac2Q92KnZrnrnZl4AaABAg,https://www.youtube.com/watch?v=F1sMvm6D-0Y&lc=Ugy2Ac2Q92KnZrnrnZl4AaABAg,South Korea really put that pressure on Mexico.  What a game.,@eugenebruno1481,,189,7
YT000037,Mexico vs South Korea (2026 FIFA World Cup),Football,,Mexico vs South Korea Extended Highlights 🌎🏆 2026 FIFA World Cup™,F1sMvm6D-0Y,https://www.youtube.com/watch?v=F1sMvm6D-0Y,FOX Sports,UCwNqHDsnBCKT-olwJwIFyfg,UgyyECbuQn4Aq2xZ7XB4AaABAg,https://www.youtube.com/watch?v=F1sMvm6D-0Y&lc=UgyyECbuQn4Aq2xZ7XB4AaABAg,"Two of the hardest working nations on the planet and we see the same work ethic from the players. None of the, ""I'm too cool for this,"" but a great drive to win from both teams.",@troygreen8959,,162,13
YT000038,Mexico vs South Korea (2026 FIFA World Cup),Football,,Mexico vs South Korea Extended Highlights 🌎🏆 2026 FIFA World Cup™,F1sMvm6D-0Y,https://www.youtube.com/watch?v=F1sMvm6D-0Y,FOX Sports,UCwNqHDsnBCKT-olwJwIFyfg,UgxUao51TMz9IghUJm14AaABAg,https://www.youtube.com/watch?v=F1sMvm6D-0Y&lc=UgxUao51TMz9IghUJm14AaABAg,"not even mad about the result, just mad that the one goal they scored was that.",@Kells-p4f,,3.8K,158
YT000039,Mexico vs South Korea (2026 FIFA World Cup),Football,,Mexico vs South Korea Extended Highlights 🌎🏆 2026 FIFA World Cup™,F1sMvm6D-0Y,https://www.youtube.com/watch?v=F1sMvm6D-0Y,FOX Sports,UCwNqHDsnBCKT-olwJwIFyfg,Ugxye04bqchCjzO5CZh4AaABAg,https://www.youtube.com/watch?v=F1sMvm6D-0Y&lc=Ugxye04bqchCjzO5CZh4AaABAg,"As a Mexican I can say we definitely got lucky, we're gonna have a rough time going forward if this is how we're playing at this stage.",@gustavoramirezjr7320,,2.8K,183
YT000040,Mexico vs South Korea (2026 FIFA World Cup),Football,,Mexico vs South Korea Extended Highlights 🌎🏆 2026 FIFA World Cup™,F1sMvm6D-0Y,https://www.youtube.com/watch?v=F1sMvm6D-0Y,FOX Sports,UCwNqHDsnBCKT-olwJwIFyfg,Ugx8FwdhtZylRXsL1jB4AaABAg,https://www.youtube.com/watch?v=F1sMvm6D-0Y&lc=Ugx8FwdhtZylRXsL1jB4AaABAg,"I'm Korean, and many Koreans are rooting for Mexico even though we're bitter about the loss tonight. Mexico is one of the best teams, and we're just happy we fought well and lost to the amazing team ❤ Viva Mexico 🇲🇽 🇰🇷",@sado429,,941,43
YT000041,Mexico vs South Korea (2026 FIFA World Cup),Football,,Mexico vs South Korea Extended Highlights 🌎🏆 2026 FIFA World Cup™,F1sMvm6D-0Y,https://www.youtube.com/watch?v=F1sMvm6D-0Y,FOX Sports,UCwNqHDsnBCKT-olwJwIFyfg,UgzIA6mFZlgyAtof84R4AaABAg,https://www.youtube.com/watch?v=F1sMvm6D-0Y&lc=UgzIA6mFZlgyAtof84R4AaABAg,"As a mexican fan, we got lucky today guys...",@teslacybertruck750,,212,11
YT000042,Mexico vs South Korea (2026 FIFA World Cup),Football,,Mexico vs South Korea Extended Highlights 🌎🏆 2026 FIFA World Cup™,F1sMvm6D-0Y,https://www.youtube.com/watch?v=F1sMvm6D-0Y,FOX Sports,UCwNqHDsnBCKT-olwJwIFyfg,Ugx615tPYLZ6bkdCNYx4AaABAg,https://www.youtube.com/watch?v=F1sMvm6D-0Y&lc=Ugx615tPYLZ6bkdCNYx4AaABAg,came down to the GK for both sides. great match.,@tpeterchoi,,66,1
YT000043,Mexico vs South Korea (2026 FIFA World Cup),Football,,Mexico vs South Korea Extended Highlights 🌎🏆 2026 FIFA World Cup™,F1sMvm6D-0Y,https://www.youtube.com/watch?v=F1sMvm6D-0Y,FOX Sports,UCwNqHDsnBCKT-olwJwIFyfg,UgyQ_9FbR0Xp4i4oXvh4AaABAg,https://www.youtube.com/watch?v=F1sMvm6D-0Y&lc=UgyQ_9FbR0Xp4i4oXvh4AaABAg,top performance from both keepers,@Mooooo47,,1.6K,27
YT000044,Mexico vs South Korea (2026 FIFA World Cup),Football,,Mexico vs South Korea Extended Highlights 🌎🏆 2026 FIFA World Cup™,F1sMvm6D-0Y,https://www.youtube.com/watch?v=F1sMvm6D-0Y,FOX Sports,UCwNqHDsnBCKT-olwJwIFyfg,UgzDYWfgiR5QxZQ_ynJ4AaABAg,https://www.youtube.com/watch?v=F1sMvm6D-0Y&lc=UgzDYWfgiR5QxZQ_ynJ4AaABAg,"Good job México, always got respect for 🇲🇽 from 🇰🇷🍻⚽",@krisiskor,,146,2
YT000045,Mexico vs South Korea (2026 FIFA World Cup),Football,,Mexico vs South Korea Extended Highlights 🌎🏆 2026 FIFA World Cup™,F1sMvm6D-0Y,https://www.youtube.com/watch?v=F1sMvm6D-0Y,FOX Sports,UCwNqHDsnBCKT-olwJwIFyfg,UgzDsuN1BpM3ZpLx1Y14AaABAg,https://www.youtube.com/watch?v=F1sMvm6D-0Y&lc=UgzDsuN1BpM3ZpLx1Y14AaABAg,respect for both teams,@serenagao01,,628,7
YT000046,Mexico vs South Korea (2026 FIFA World Cup),Football,,Mexico vs South Korea Extended Highlights 🌎🏆 2026 FIFA World Cup™,F1sMvm6D-0Y,https://www.youtube.com/watch?v=F1sMvm6D-0Y,FOX Sports,UCwNqHDsnBCKT-olwJwIFyfg,UgycVEZ_DX9kaT5ueLF4AaABAg,https://www.youtube.com/watch?v=F1sMvm6D-0Y&lc=UgycVEZ_DX9kaT5ueLF4AaABAg,SK should still advance after playing the most challenging away field of the entire tournament.,@ripiano,,18,
YT000047,Mexico vs South Korea (2026 FIFA World Cup),Football,,Mexico vs South Korea Extended Highlights 🌎🏆 2026 FIFA World Cup™,F1sMvm6D-0Y,https://www.youtube.com/watch?v=F1sMvm6D-0Y,FOX Sports,UCwNqHDsnBCKT-olwJwIFyfg,UgykQmRlAMbF2qJu_RB4AaABAg,https://www.youtube.com/watch?v=F1sMvm6D-0Y&lc=UgykQmRlAMbF2qJu_RB4AaABAg,"South Korea took so many shots, just really unlucky. Great defending from Mexico!",@ericagonzales5626,,22,
YT000048,Mexico vs South Korea (2026 FIFA World Cup),Football,,Mexico vs South Korea Extended Highlights 🌎🏆 2026 FIFA World Cup™,F1sMvm6D-0Y,https://www.youtube.com/watch?v=F1sMvm6D-0Y,FOX Sports,UCwNqHDsnBCKT-olwJwIFyfg,Ugy8sCCoZ65JUeivJhx4AaABAg,https://www.youtube.com/watch?v=F1sMvm6D-0Y&lc=Ugy8sCCoZ65JUeivJhx4AaABAg,2:40 That Insane save though from Mexico!! 😱😱😱😱😱,@TerraziUtopia2010,,217,8
YT000049,Portugal vs Uzbekistan (2026 FIFA World Cup),Football,,Portugal vs Uzbekistan Extended Highlights 🌎🏆 2026 FIFA World Cup™,jqgn-kY0rFA,https://www.youtube.com/watch?v=jqgn-kY0rFA,FOX Sports,UCwNqHDsnBCKT-olwJwIFyfg,Ugyr7hHMiyz-gGdNhhx4AaABAg,https://www.youtube.com/watch?v=jqgn-kY0rFA&lc=Ugyr7hHMiyz-gGdNhhx4AaABAg,'I'm Back' — Cristiano Ronaldo,@foxsports,,2.6K,171
YT000050,Portugal vs Uzbekistan (2026 FIFA World Cup),Football,,Portugal vs Uzbekistan Extended Highlights 🌎🏆 2026 FIFA World Cup™,jqgn-kY0rFA,https://www.youtube.com/watch?v=jqgn-kY0rFA,FOX Sports,UCwNqHDsnBCKT-olwJwIFyfg,Ugy7PJPJcvicFf1VuJt4AaABAg,https://www.youtube.com/watch?v=jqgn-kY0rFA&lc=Ugy7PJPJcvicFf1VuJt4AaABAg,"To play like this at 41 is crazy, most players cant make it past 35. The GOATs are goating really hard this world cup",@applepeel1662,,579,9
YT000051,Portugal vs Uzbekistan (2026 FIFA World Cup),Football,,Portugal vs Uzbekistan Extended Highlights 🌎🏆 2026 FIFA World Cup™,jqgn-kY0rFA,https://www.youtube.com/watch?v=jqgn-kY0rFA,FOX Sports,UCwNqHDsnBCKT-olwJwIFyfg,UgxeHOQR5TeXN_RRJ1F4AaABAg,https://www.youtube.com/watch?v=jqgn-kY0rFA&lc=UgxeHOQR5TeXN_RRJ1F4AaABAg,ronaldo being used a decoy is genius. he was a great team player this game,@ThePEMProductions,,917,16
YT000052,Portugal vs Uzbekistan (2026 FIFA World Cup),Football,,Portugal vs Uzbekistan Extended Highlights 🌎🏆 2026 FIFA World Cup™,jqgn-kY0rFA,https://www.youtube.com/watch?v=jqgn-kY0rFA,FOX Sports,UCwNqHDsnBCKT-olwJwIFyfg,UgztTf5QXZ5SZYap5Ah4AaABAg,https://www.youtube.com/watch?v=jqgn-kY0rFA&lc=UgztTf5QXZ5SZYap5Ah4AaABAg,Imagine a Portugal VS Argentina game happening in this WC somewhere between here and the finals. That game will feed GENERATIONS!!,@GIDISports,,3.8K,162
YT000053,Portugal vs Uzbekistan (2026 FIFA World Cup),Football,,Portugal vs Uzbekistan Extended Highlights 🌎🏆 2026 FIFA World Cup™,jqgn-kY0rFA,https://www.youtube.com/watch?v=jqgn-kY0rFA,FOX Sports,UCwNqHDsnBCKT-olwJwIFyfg,Ugy9Xq-HEdmrXQRWXb54AaABAg,https://www.youtube.com/watch?v=jqgn-kY0rFA&lc=Ugy9Xq-HEdmrXQRWXb54AaABAg,Messi balling out Ronaldo balling out absolutely crazy production from “the old guard”,@RealMcCoySC,,30,1
YT000054,Portugal vs Uzbekistan (2026 FIFA World Cup),Football,,Portugal vs Uzbekistan Extended Highlights 🌎🏆 2026 FIFA World Cup™,jqgn-kY0rFA,https://www.youtube.com/watch?v=jqgn-kY0rFA,FOX Sports,UCwNqHDsnBCKT-olwJwIFyfg,UgxvW34D2ckcArDJH014AaABAg,https://www.youtube.com/watch?v=jqgn-kY0rFA&lc=UgxvW34D2ckcArDJH014AaABAg,1:59 beautiful goal from the goat himself 🇵🇹,@Seek-q6v,,7,
YT000055,Portugal vs Uzbekistan (2026 FIFA World Cup),Football,,Portugal vs Uzbekistan Extended Highlights 🌎🏆 2026 FIFA World Cup™,jqgn-kY0rFA,https://www.youtube.com/watch?v=jqgn-kY0rFA,FOX Sports,UCwNqHDsnBCKT-olwJwIFyfg,UgwkKHAxWFscL2Gbpj94AaABAg,https://www.youtube.com/watch?v=jqgn-kY0rFA&lc=UgwkKHAxWFscL2Gbpj94AaABAg,"People!  PEOPLE!  Enjoy this, enjoy this - probably the last time we see two all-time greats on this stage.  Just appreciate the joy they gave all football fans.",@jimhim585,,841,20
YT000056,Portugal vs Uzbekistan (2026 FIFA World Cup),Football,,Portugal vs Uzbekistan Extended Highlights 🌎🏆 2026 FIFA World Cup™,jqgn-kY0rFA,https://www.youtube.com/watch?v=jqgn-kY0rFA,FOX Sports,UCwNqHDsnBCKT-olwJwIFyfg,UgzgkKp1KIPySW6NX6Z4AaABAg,https://www.youtube.com/watch?v=jqgn-kY0rFA&lc=UgzgkKp1KIPySW6NX6Z4AaABAg,I hope they play like this this whole tournament,@Dawg4sho,,2.4K,67
YT000057,Portugal vs Uzbekistan (2026 FIFA World Cup),Football,,Portugal vs Uzbekistan Extended Highlights 🌎🏆 2026 FIFA World Cup™,jqgn-kY0rFA,https://www.youtube.com/watch?v=jqgn-kY0rFA,FOX Sports,UCwNqHDsnBCKT-olwJwIFyfg,UgyyyU4YkpbSpR1hQyZ4AaABAg,https://www.youtube.com/watch?v=jqgn-kY0rFA&lc=UgyyyU4YkpbSpR1hQyZ4AaABAg,Portugal had insane chemistry this match. I’ve never seen so many 200 IQ plays in just one match like this before,@EHN0001,,1.6K,46
YT000058,Portugal vs Uzbekistan (2026 FIFA World Cup),Football,,Portugal vs Uzbekistan Extended Highlights 🌎🏆 2026 FIFA World Cup™,jqgn-kY0rFA,https://www.youtube.com/watch?v=jqgn-kY0rFA,FOX Sports,UCwNqHDsnBCKT-olwJwIFyfg,Ugy7b7lFgOOODQGtXAR4AaABAg,https://www.youtube.com/watch?v=jqgn-kY0rFA&lc=Ugy7b7lFgOOODQGtXAR4AaABAg,Portugal set pieces were incredible,@jamespuffer2889,,33,1
YT000059,Portugal vs Uzbekistan (2026 FIFA World Cup),Football,,Portugal vs Uzbekistan Extended Highlights 🌎🏆 2026 FIFA World Cup™,jqgn-kY0rFA,https://www.youtube.com/watch?v=jqgn-kY0rFA,FOX Sports,UCwNqHDsnBCKT-olwJwIFyfg,UgwWc4vnVE7FdR4MB8J4AaABAg,https://www.youtube.com/watch?v=jqgn-kY0rFA&lc=UgwWc4vnVE7FdR4MB8J4AaABAg,"Messi is my goat, but it feels good to see Ronaldo and Portugal performing at their expected level and having fun out there. This was a much needed confidence booster for them.",@alpenglow88,,49,2
YT000060,Portugal vs Uzbekistan (2026 FIFA World Cup),Football,,Portugal vs Uzbekistan Extended Highlights 🌎🏆 2026 FIFA World Cup™,jqgn-kY0rFA,https://www.youtube.com/watch?v=jqgn-kY0rFA,FOX Sports,UCwNqHDsnBCKT-olwJwIFyfg,Ugzel0XWFCJIfH30sgt4AaABAg,https://www.youtube.com/watch?v=jqgn-kY0rFA&lc=Ugzel0XWFCJIfH30sgt4AaABAg,"Uzbek players did not give up. On the contrary, they played well against a very strong team. Our country participated in the World Cup for the first time, and with this we have already made history and won. Forward, my  Uzbekistan 🇺🇿❤️",@AyishaVlogs,,884,40
YT000061,Portugal vs Uzbekistan (2026 FIFA World Cup),Football,,Portugal vs Uzbekistan Extended Highlights 🌎🏆 2026 FIFA World Cup™,jqgn-kY0rFA,https://www.youtube.com/watch?v=jqgn-kY0rFA,FOX Sports,UCwNqHDsnBCKT-olwJwIFyfg,Ugxq6AVymHzPc-F0RZh4AaABAg,https://www.youtube.com/watch?v=jqgn-kY0rFA&lc=Ugxq6AVymHzPc-F0RZh4AaABAg,What a wonderful way for CR7 to shut down the noise... Through action.,@everyusernametaken11,,225,1
YT000062,Portugal vs Uzbekistan (2026 FIFA World Cup),Football,,Portugal vs Uzbekistan Extended Highlights 🌎🏆 2026 FIFA World Cup™,jqgn-kY0rFA,https://www.youtube.com/watch?v=jqgn-kY0rFA,FOX Sports,UCwNqHDsnBCKT-olwJwIFyfg,Ugwd0aJjtQgThKXrqlR4AaABAg,https://www.youtube.com/watch?v=jqgn-kY0rFA&lc=Ugwd0aJjtQgThKXrqlR4AaABAg,Big respect to Uzbekistan team for not giving up. They are first time in WC and I believe they will make a great history in future. This is only an experience for them.,@mushfigbabirov,,246,9
YT000063,Portugal vs Uzbekistan (2026 FIFA World Cup),Football,,Portugal vs Uzbekistan Extended Highlights 🌎🏆 2026 FIFA World Cup™,jqgn-kY0rFA,https://www.youtube.com/watch?v=jqgn-kY0rFA,FOX Sports,UCwNqHDsnBCKT-olwJwIFyfg,UgwkODcn7rAr20yHa4F4AaABAg,https://www.youtube.com/watch?v=jqgn-kY0rFA&lc=UgwkODcn7rAr20yHa4F4AaABAg,its awesome how the whole crowd does the celebration with him and I don't even have to say his name,@RandomoniaFootball,,20,2
YT000064,Portugal vs Uzbekistan (2026 FIFA World Cup),Football,,Portugal vs Uzbekistan Extended Highlights 🌎🏆 2026 FIFA World Cup™,jqgn-kY0rFA,https://www.youtube.com/watch?v=jqgn-kY0rFA,FOX Sports,UCwNqHDsnBCKT-olwJwIFyfg,UgwzHta1Mc6XyyxEzqx4AaABAg,https://www.youtube.com/watch?v=jqgn-kY0rFA&lc=UgwzHta1Mc6XyyxEzqx4AaABAg,Portugals free kick game was on point today. Great creativity.,@craig.tanner,,27,2
YT000065,Argentina vs Egypt (2026 FIFA World Cup Round of 16),Football,,Argentina vs Egypt Highlights 🌎🏆 2026 FIFA World Cup™ | Round of 16,XO3x8vm0Ijc,https://www.youtube.com/watch?v=XO3x8vm0Ijc,FOX Sports,UCwNqHDsnBCKT-olwJwIFyfg,UgxBtr5ASdsfguHhk094AaABAg,https://www.youtube.com/watch?v=XO3x8vm0Ijc&lc=UgxBtr5ASdsfguHhk094AaABAg,That Egyptian goalkeeper is insane. Crazy good saves throughout the game.,@pr1sm828,,12K,190
YT000066,Argentina vs Egypt (2026 FIFA World Cup Round of 16),Football,,Argentina vs Egypt Highlights 🌎🏆 2026 FIFA World Cup™ | Round of 16,XO3x8vm0Ijc,https://www.youtube.com/watch?v=XO3x8vm0Ijc,FOX Sports,UCwNqHDsnBCKT-olwJwIFyfg,Ugxtjc_iJAaXo_AIibd4AaABAg,https://www.youtube.com/watch?v=XO3x8vm0Ijc&lc=Ugxtjc_iJAaXo_AIibd4AaABAg,Messi got that FIFA insurance. Premium plus.,@protasiophoto,,7.6K,241
YT000067,Argentina vs Egypt (2026 FIFA World Cup Round of 16),Football,,Argentina vs Egypt Highlights 🌎🏆 2026 FIFA World Cup™ | Round of 16,XO3x8vm0Ijc,https://www.youtube.com/watch?v=XO3x8vm0Ijc,FOX Sports,UCwNqHDsnBCKT-olwJwIFyfg,UgzwVrbxBGW2itvPHrF4AaABAg,https://www.youtube.com/watch?v=XO3x8vm0Ijc&lc=UgzwVrbxBGW2itvPHrF4AaABAg,"As the caster said, VAR wasn't meant to be used this way; it's gotten blown so out of proportion that the game is now hyper-analyzed to where it's losing its aesthetic. I'm a Messi fan, but that Egypt VAR goal was the worst call I've seen in awhile.",@Hydro-_-,,13K,639
YT000068,Argentina vs Egypt (2026 FIFA World Cup Round of 16),Football,,Argentina vs Egypt Highlights 🌎🏆 2026 FIFA World Cup™ | Round of 16,XO3x8vm0Ijc,https://www.youtube.com/watch?v=XO3x8vm0Ijc,FOX Sports,UCwNqHDsnBCKT-olwJwIFyfg,UgzTaySMyA3GvbEqPV14AaABAg,https://www.youtube.com/watch?v=XO3x8vm0Ijc&lc=UgzTaySMyA3GvbEqPV14AaABAg,This egyptian goalkeeper was really good,@darkskull8938,,312,
YT000069,Argentina vs Egypt (2026 FIFA World Cup Round of 16),Football,,Argentina vs Egypt Highlights 🌎🏆 2026 FIFA World Cup™ | Round of 16,XO3x8vm0Ijc,https://www.youtube.com/watch?v=XO3x8vm0Ijc,FOX Sports,UCwNqHDsnBCKT-olwJwIFyfg,UgxDENfol-filjU3l4V4AaABAg,https://www.youtube.com/watch?v=XO3x8vm0Ijc&lc=UgxDENfol-filjU3l4V4AaABAg,"That Egyptian goalkeeper needs his own award.

People in the replies don’t realise that not every goal is gonna be blocked lmao 😭",@SpiritGDRL,,4.4K,46
YT000070,Argentina vs Egypt (2026 FIFA World Cup Round of 16),Football,,Argentina vs Egypt Highlights 🌎🏆 2026 FIFA World Cup™ | Round of 16,XO3x8vm0Ijc,https://www.youtube.com/watch?v=XO3x8vm0Ijc,FOX Sports,UCwNqHDsnBCKT-olwJwIFyfg,UgxgtNFpdp2KvJuyCfd4AaABAg,https://www.youtube.com/watch?v=XO3x8vm0Ijc&lc=UgxgtNFpdp2KvJuyCfd4AaABAg,Egypt’s second goal was a “ball don’t lie” moment,@heisenberg1833,,3.8K,73
YT000071,Argentina vs Egypt (2026 FIFA World Cup Round of 16),Football,,Argentina vs Egypt Highlights 🌎🏆 2026 FIFA World Cup™ | Round of 16,XO3x8vm0Ijc,https://www.youtube.com/watch?v=XO3x8vm0Ijc,FOX Sports,UCwNqHDsnBCKT-olwJwIFyfg,Ugy-RR8NOTVYn0yVq6p4AaABAg,https://www.youtube.com/watch?v=XO3x8vm0Ijc&lc=Ugy-RR8NOTVYn0yVq6p4AaABAg,This has truly been the tournament of legendary goalkeepers,@williamwesemann8770,,2.3K,36
YT000072,Argentina vs Egypt (2026 FIFA World Cup Round of 16),Football,,Argentina vs Egypt Highlights 🌎🏆 2026 FIFA World Cup™ | Round of 16,XO3x8vm0Ijc,https://www.youtube.com/watch?v=XO3x8vm0Ijc,FOX Sports,UCwNqHDsnBCKT-olwJwIFyfg,UgwPrSXF1djXYB_Hrgl4AaABAg,https://www.youtube.com/watch?v=XO3x8vm0Ijc&lc=UgwPrSXF1djXYB_Hrgl4AaABAg,The best goalkeeper . That's insane.,@henity2,,163,1
YT000073,Argentina vs Egypt (2026 FIFA World Cup Round of 16),Football,,Argentina vs Egypt Highlights 🌎🏆 2026 FIFA World Cup™ | Round of 16,XO3x8vm0Ijc,https://www.youtube.com/watch?v=XO3x8vm0Ijc,FOX Sports,UCwNqHDsnBCKT-olwJwIFyfg,Ugy1KQDB9wbKcdLnuzp4AaABAg,https://www.youtube.com/watch?v=XO3x8vm0Ijc&lc=Ugy1KQDB9wbKcdLnuzp4AaABAg,I hope the Egyptian goalkeeper gets great offers to play in bigger leagues. He was so good!,@laurenmenjivar4282,,1.9K,18
YT000074,Argentina vs Egypt (2026 FIFA World Cup Round of 16),Football,,Argentina vs Egypt Highlights 🌎🏆 2026 FIFA World Cup™ | Round of 16,XO3x8vm0Ijc,https://www.youtube.com/watch?v=XO3x8vm0Ijc,FOX Sports,UCwNqHDsnBCKT-olwJwIFyfg,UgztyejzIkI8BhQiGTJ4AaABAg,https://www.youtube.com/watch?v=XO3x8vm0Ijc&lc=UgztyejzIkI8BhQiGTJ4AaABAg,I defend VAR more than most but taking away that Egypt goal because of something that happened on the other side of the pitch is INSANE,@eds10blue-rts-esg,,3.9K,170
YT000075,Argentina vs Egypt (2026 FIFA World Cup Round of 16),Football,,Argentina vs Egypt Highlights 🌎🏆 2026 FIFA World Cup™ | Round of 16,XO3x8vm0Ijc,https://www.youtube.com/watch?v=XO3x8vm0Ijc,FOX Sports,UCwNqHDsnBCKT-olwJwIFyfg,Ugyl7bJJQZf6K-0BKUN4AaABAg,https://www.youtube.com/watch?v=XO3x8vm0Ijc&lc=Ugyl7bJJQZf6K-0BKUN4AaABAg,"I still can't wrap my head around that disallowed goal.

Edit: Don’t know how this blew up. I want to clarify my major grip lies with how officiating works with VAR. The fingerprints of VAR have ruined certain aspects of the game, and the bigger takeaway is that big teams like Argentina are mostly rewarded by it. Of course, there are exceptions like Paraguay v. France & Germany. Stop using ad hominem; be better.",@Lyborick0913,,6.9K,486
YT000076,Argentina vs Egypt (2026 FIFA World Cup Round of 16),Football,,Argentina vs Egypt Highlights 🌎🏆 2026 FIFA World Cup™ | Round of 16,XO3x8vm0Ijc,https://www.youtube.com/watch?v=XO3x8vm0Ijc,FOX Sports,UCwNqHDsnBCKT-olwJwIFyfg,Ugy1auF1Sv8sRJmOVsp4AaABAg,https://www.youtube.com/watch?v=XO3x8vm0Ijc&lc=Ugy1auF1Sv8sRJmOVsp4AaABAg,Mad respect for that egypt goal keeper wow,@justcurious4435,,26,
YT000077,Argentina vs Egypt (2026 FIFA World Cup Round of 16),Football,,Argentina vs Egypt Highlights 🌎🏆 2026 FIFA World Cup™ | Round of 16,XO3x8vm0Ijc,https://www.youtube.com/watch?v=XO3x8vm0Ijc,FOX Sports,UCwNqHDsnBCKT-olwJwIFyfg,UgwtWEJDQ_oxKALqO8R4AaABAg,https://www.youtube.com/watch?v=XO3x8vm0Ijc&lc=UgwtWEJDQ_oxKALqO8R4AaABAg,Egypt and Cape Verde are the hidden gems of talent for the World Cup. They are stunning to watch on the big stage ⚽️🇪🇬🇨🇻,@renevalice3056,,1.6K,32
YT000078,Argentina vs Egypt (2026 FIFA World Cup Round of 16),Football,,Argentina vs Egypt Highlights 🌎🏆 2026 FIFA World Cup™ | Round of 16,XO3x8vm0Ijc,https://www.youtube.com/watch?v=XO3x8vm0Ijc,FOX Sports,UCwNqHDsnBCKT-olwJwIFyfg,UgyvzD-dHz925cDMzlB4AaABAg,https://www.youtube.com/watch?v=XO3x8vm0Ijc&lc=UgyvzD-dHz925cDMzlB4AaABAg,The Egypt goalie stock just grew he was amazing this whole world cup someone going to get a great GK,@ZO6VASI,,162,2
YT000079,Argentina vs Egypt (2026 FIFA World Cup Round of 16),Football,,Argentina vs Egypt Highlights 🌎🏆 2026 FIFA World Cup™ | Round of 16,XO3x8vm0Ijc,https://www.youtube.com/watch?v=XO3x8vm0Ijc,FOX Sports,UCwNqHDsnBCKT-olwJwIFyfg,UgyCTzS0pUulWGnZHZR4AaABAg,https://www.youtube.com/watch?v=XO3x8vm0Ijc&lc=UgyCTzS0pUulWGnZHZR4AaABAg,the egyptian goalie was amazing,@gregpeterson9260,,969,14
YT000080,Argentina vs Egypt (2026 FIFA World Cup Round of 16),Football,,Argentina vs Egypt Highlights 🌎🏆 2026 FIFA World Cup™ | Round of 16,XO3x8vm0Ijc,https://www.youtube.com/watch?v=XO3x8vm0Ijc,FOX Sports,UCwNqHDsnBCKT-olwJwIFyfg,UgxiMTI9Id-ikHA_jgl4AaABAg,https://www.youtube.com/watch?v=XO3x8vm0Ijc&lc=UgxiMTI9Id-ikHA_jgl4AaABAg,This game was just wonderful. End to end. Fantastic. Egypt was magnificent. And Messi was Messi.,@WGB3019,,17,
YT000081,England vs Argentina (2026 FIFA World Cup Semifinal),Football,,England vs Argentina Highlights 🌎🏆 2026 FIFA World Cup™ | Semifinals,y-4saPWrPt0,https://www.youtube.com/watch?v=y-4saPWrPt0,FOX Sports,UCwNqHDsnBCKT-olwJwIFyfg,UgwcXSX_bU_H_tErg-h4AaABAg,https://www.youtube.com/watch?v=y-4saPWrPt0&lc=UgwcXSX_bU_H_tErg-h4AaABAg,Playing against Cabo Verde has still been the toughest match for both Spain and Argentina.,@bryanb4379,,15K,358
YT000082,England vs Argentina (2026 FIFA World Cup Semifinal),Football,,England vs Argentina Highlights 🌎🏆 2026 FIFA World Cup™ | Semifinals,y-4saPWrPt0,https://www.youtube.com/watch?v=y-4saPWrPt0,FOX Sports,UCwNqHDsnBCKT-olwJwIFyfg,UgymqoyG4xlGz7Va5t94AaABAg,https://www.youtube.com/watch?v=y-4saPWrPt0&lc=UgymqoyG4xlGz7Va5t94AaABAg,Getting one goal and then switching to defense for the rest of the game against a team that came back from being down multiple times this world cup is something I absolutely  can't understand,@BrookMesfin,,11K,272
YT000083,England vs Argentina (2026 FIFA World Cup Semifinal),Football,,England vs Argentina Highlights 🌎🏆 2026 FIFA World Cup™ | Semifinals,y-4saPWrPt0,https://www.youtube.com/watch?v=y-4saPWrPt0,FOX Sports,UCwNqHDsnBCKT-olwJwIFyfg,UgzQ9Hb1cRHzAmyiP8N4AaABAg,https://www.youtube.com/watch?v=y-4saPWrPt0&lc=UgzQ9Hb1cRHzAmyiP8N4AaABAg,Messi sent that ball to Lautaro's head like a GPS homing missle. Lautaro didn't even need to work much for the header😂😂,@OsamaBeenLagging2,,6.4K,123
YT000084,England vs Argentina (2026 FIFA World Cup Semifinal),Football,,England vs Argentina Highlights 🌎🏆 2026 FIFA World Cup™ | Semifinals,y-4saPWrPt0,https://www.youtube.com/watch?v=y-4saPWrPt0,FOX Sports,UCwNqHDsnBCKT-olwJwIFyfg,UgwkdatzAVdRZ1R_u3V4AaABAg,https://www.youtube.com/watch?v=y-4saPWrPt0&lc=UgwkdatzAVdRZ1R_u3V4AaABAg,"Argentina are the comeback kids, they have nerves of steel. They were down in three games in a row and still won.",@Paul-s1h,,437,21
YT000085,England vs Argentina (2026 FIFA World Cup Semifinal),Football,,England vs Argentina Highlights 🌎🏆 2026 FIFA World Cup™ | Semifinals,y-4saPWrPt0,https://www.youtube.com/watch?v=y-4saPWrPt0,FOX Sports,UCwNqHDsnBCKT-olwJwIFyfg,UgxYVuDepwl_S9yCavl4AaABAg,https://www.youtube.com/watch?v=y-4saPWrPt0&lc=UgxYVuDepwl_S9yCavl4AaABAg,This will haunt England for decades to come.,@Gutch220,,4.9K,91
YT000086,England vs Argentina (2026 FIFA World Cup Semifinal),Football,,England vs Argentina Highlights 🌎🏆 2026 FIFA World Cup™ | Semifinals,y-4saPWrPt0,https://www.youtube.com/watch?v=y-4saPWrPt0,FOX Sports,UCwNqHDsnBCKT-olwJwIFyfg,UgwLfHGYLc-bj9ZlB_F4AaABAg,https://www.youtube.com/watch?v=y-4saPWrPt0&lc=UgwLfHGYLc-bj9ZlB_F4AaABAg,"250 years later, England loses on American soil again.",@aidancochran1492,,3.7K,108
YT000087,England vs Argentina (2026 FIFA World Cup Semifinal),Football,,England vs Argentina Highlights 🌎🏆 2026 FIFA World Cup™ | Semifinals,y-4saPWrPt0,https://www.youtube.com/watch?v=y-4saPWrPt0,FOX Sports,UCwNqHDsnBCKT-olwJwIFyfg,Ugy6eM-aH5Z7UWImRzB4AaABAg,https://www.youtube.com/watch?v=y-4saPWrPt0&lc=Ugy6eM-aH5Z7UWImRzB4AaABAg,"Football is cruel, somebody has to lose.

Fortunately there is always England.",@henrykaspar3634,,3.5K,38
YT000088,England vs Argentina (2026 FIFA World Cup Semifinal),Football,,England vs Argentina Highlights 🌎🏆 2026 FIFA World Cup™ | Semifinals,y-4saPWrPt0,https://www.youtube.com/watch?v=y-4saPWrPt0,FOX Sports,UCwNqHDsnBCKT-olwJwIFyfg,UgwyonNSKe3DTzDtIFl4AaABAg,https://www.youtube.com/watch?v=y-4saPWrPt0&lc=UgwyonNSKe3DTzDtIFl4AaABAg,"The spin, the curl, the speed, and the precision of that cross are just perfection, a thing of beauty that slow motion, and it is at 90+ minutes of the game, from 39 years old's weaker foot, and there were 6 opposition players and the goal keeper between Messi and Martinez... ... you can park the bus for that long for other teams and likely end up winning, but not for a team with Messi, a true goat",@Kurwanjan,,159,
YT000089,England vs Argentina (2026 FIFA World Cup Semifinal),Football,,England vs Argentina Highlights 🌎🏆 2026 FIFA World Cup™ | Semifinals,y-4saPWrPt0,https://www.youtube.com/watch?v=y-4saPWrPt0,FOX Sports,UCwNqHDsnBCKT-olwJwIFyfg,Ugx-D4cXpOfH7G2dHmh4AaABAg,https://www.youtube.com/watch?v=y-4saPWrPt0&lc=Ugx-D4cXpOfH7G2dHmh4AaABAg,"Argentina is ""I work well under pressure"" personified",@ninacarranza5189,,1.3K,33
YT000090,England vs Argentina (2026 FIFA World Cup Semifinal),Football,,England vs Argentina Highlights 🌎🏆 2026 FIFA World Cup™ | Semifinals,y-4saPWrPt0,https://www.youtube.com/watch?v=y-4saPWrPt0,FOX Sports,UCwNqHDsnBCKT-olwJwIFyfg,UgyckkXuetKXPbxrAup4AaABAg,https://www.youtube.com/watch?v=y-4saPWrPt0&lc=UgyckkXuetKXPbxrAup4AaABAg,Classic England snatching defeat from the jaws of victory,@penorthegreat7102,,5.2K,65
YT000091,England vs Argentina (2026 FIFA World Cup Semifinal),Football,,England vs Argentina Highlights 🌎🏆 2026 FIFA World Cup™ | Semifinals,y-4saPWrPt0,https://www.youtube.com/watch?v=y-4saPWrPt0,FOX Sports,UCwNqHDsnBCKT-olwJwIFyfg,UgwPlu37FfvIhuhI8Hx4AaABAg,https://www.youtube.com/watch?v=y-4saPWrPt0&lc=UgwPlu37FfvIhuhI8Hx4AaABAg,Enzo just kept bombing em til one found the back of the net lol,@TheRealPunisher,,4.1K,53
YT000092,England vs Argentina (2026 FIFA World Cup Semifinal),Football,,England vs Argentina Highlights 🌎🏆 2026 FIFA World Cup™ | Semifinals,y-4saPWrPt0,https://www.youtube.com/watch?v=y-4saPWrPt0,FOX Sports,UCwNqHDsnBCKT-olwJwIFyfg,Ugy1EQW26QEvYiRY3bN4AaABAg,https://www.youtube.com/watch?v=y-4saPWrPt0&lc=Ugy1EQW26QEvYiRY3bN4AaABAg,"My first time watching soccer, my god, what have i missed?? I've been brought to tears more than once seeing the passion. Wow!",@solokiin,,133,8
YT000093,England vs Argentina (2026 FIFA World Cup Semifinal),Football,,England vs Argentina Highlights 🌎🏆 2026 FIFA World Cup™ | Semifinals,y-4saPWrPt0,https://www.youtube.com/watch?v=y-4saPWrPt0,FOX Sports,UCwNqHDsnBCKT-olwJwIFyfg,UgxHXS_jkFojD6IY2-p4AaABAg,https://www.youtube.com/watch?v=y-4saPWrPt0&lc=UgxHXS_jkFojD6IY2-p4AaABAg,Messi & those passes pure beauty,@MauriceJohnsonJr-h6v,,1.8K,38
YT000094,England vs Argentina (2026 FIFA World Cup Semifinal),Football,,England vs Argentina Highlights 🌎🏆 2026 FIFA World Cup™ | Semifinals,y-4saPWrPt0,https://www.youtube.com/watch?v=y-4saPWrPt0,FOX Sports,UCwNqHDsnBCKT-olwJwIFyfg,UgyPsWHKvb9hv4b-TJh4AaABAg,https://www.youtube.com/watch?v=y-4saPWrPt0&lc=UgyPsWHKvb9hv4b-TJh4AaABAg,"Never seen a team surrender after scoring one goal like Tuchel did today, in a WORLD CUP SEMI FINAL",@alastairlennox1087,,5.6K,255
YT000095,England vs Argentina (2026 FIFA World Cup Semifinal),Football,,England vs Argentina Highlights 🌎🏆 2026 FIFA World Cup™ | Semifinals,y-4saPWrPt0,https://www.youtube.com/watch?v=y-4saPWrPt0,FOX Sports,UCwNqHDsnBCKT-olwJwIFyfg,Ugz42ry67pkcP8RBNil4AaABAg,https://www.youtube.com/watch?v=y-4saPWrPt0&lc=Ugz42ry67pkcP8RBNil4AaABAg,"I don't know what's less surprising:

England finding a heartbreaking way to lose or Argentina always finding a way to win at the last minute.",@two_timerr,,3.8K,87
YT000096,England vs Argentina (2026 FIFA World Cup Semifinal),Football,,England vs Argentina Highlights 🌎🏆 2026 FIFA World Cup™ | Semifinals,y-4saPWrPt0,https://www.youtube.com/watch?v=y-4saPWrPt0,FOX Sports,UCwNqHDsnBCKT-olwJwIFyfg,UgwPSzyOHL_WpgtxMmR4AaABAg,https://www.youtube.com/watch?v=y-4saPWrPt0&lc=UgwPSzyOHL_WpgtxMmR4AaABAg,"Surely one of the greatest assists of all time enabling that last goal. Delivered from one of the greatest players this world will ever know. It’s beautiful to see the Argentinian spirit. 

England’s mistake was to score and then go on the complete defensive. They made that same mistake before.

One of the qualities of Messi is that the more pressure that comes on him the more he rises to majestic and even artistic heights with his craft. I’ve watched the same situations play out in his years with Barcelona. 

Whoever you are behind for winning this tournament, you have to recognize his greatness. It brings me sorrow to know that one day he will not be on the field anymore. We were also lucky to see him in our lifetime. 

This is great flames come up in humanity once every two or 300 years. You have people like Bob Dylan who changed the face of songwriting in the West forever. There are many others like this great and small. Messi is definitely one of the great flames to burn so brightly ❤",@tuckerlivingston,,69,3
YT000097,Türkiye vs United States (2026 FIFA World Cup),Football,,Türkiye vs United States Extended Highlights 🌎🏆 2026 FIFA World Cup™,7JJLMyKBG90,https://www.youtube.com/watch?v=7JJLMyKBG90,FOX Sports,UCwNqHDsnBCKT-olwJwIFyfg,UgyGUICXPdmXSAei-y94AaABAg,https://www.youtube.com/watch?v=7JJLMyKBG90&lc=UgyGUICXPdmXSAei-y94AaABAg,Respect to both teams for taking this game seriously even though nothing was on the line.,@gjatt7410,,3.7K,248
YT000098,Türkiye vs United States (2026 FIFA World Cup),Football,,Türkiye vs United States Extended Highlights 🌎🏆 2026 FIFA World Cup™,7JJLMyKBG90,https://www.youtube.com/watch?v=7JJLMyKBG90,FOX Sports,UCwNqHDsnBCKT-olwJwIFyfg,UgyW6bLeFEvWWsPoSfp4AaABAg,https://www.youtube.com/watch?v=7JJLMyKBG90&lc=UgyW6bLeFEvWWsPoSfp4AaABAg,Intense from the beginning to the end. 98 minutes of pure competition.,@Amharizz,,2.2K,43
YT000099,Türkiye vs United States (2026 FIFA World Cup),Football,,Türkiye vs United States Extended Highlights 🌎🏆 2026 FIFA World Cup™,7JJLMyKBG90,https://www.youtube.com/watch?v=7JJLMyKBG90,FOX Sports,UCwNqHDsnBCKT-olwJwIFyfg,UgwcM3vC1BdpD1COKcd4AaABAg,https://www.youtube.com/watch?v=7JJLMyKBG90&lc=UgwcM3vC1BdpD1COKcd4AaABAg,Well… I’m glad we learned never to start that back line. Yikes.,@Shmancyfancy536,,2.6K,78
YT000100,Türkiye vs United States (2026 FIFA World Cup),Football,,Türkiye vs United States Extended Highlights 🌎🏆 2026 FIFA World Cup™,7JJLMyKBG90,https://www.youtube.com/watch?v=7JJLMyKBG90,FOX Sports,UCwNqHDsnBCKT-olwJwIFyfg,Ugyw7xz_ukTe8w2S0tZ4AaABAg,https://www.youtube.com/watch?v=7JJLMyKBG90&lc=Ugyw7xz_ukTe8w2S0tZ4AaABAg,The drop off of talent from our first unit to our second unit is a cliff,@nFWAYGo,,665,70
YT000101,Türkiye vs United States (2026 FIFA World Cup),Football,,Türkiye vs United States Extended Highlights 🌎🏆 2026 FIFA World Cup™,7JJLMyKBG90,https://www.youtube.com/watch?v=7JJLMyKBG90,FOX Sports,UCwNqHDsnBCKT-olwJwIFyfg,Ugx3VqpSKGQ0avLjuH54AaABAg,https://www.youtube.com/watch?v=7JJLMyKBG90&lc=Ugx3VqpSKGQ0avLjuH54AaABAg,"man, I cannot believe Turkiye didn't make it to the next round. Such a talented team at the moment with all the superstars playing for them!",@jonlas967,,2K,168
YT000102,Türkiye vs United States (2026 FIFA World Cup),Football,,Türkiye vs United States Extended Highlights 🌎🏆 2026 FIFA World Cup™,7JJLMyKBG90,https://www.youtube.com/watch?v=7JJLMyKBG90,FOX Sports,UCwNqHDsnBCKT-olwJwIFyfg,UgyE5KnK9T0qCEDjTr14AaABAg,https://www.youtube.com/watch?v=7JJLMyKBG90&lc=UgyE5KnK9T0qCEDjTr14AaABAg,In the last 20 minutes Turkey just wanted it more. Great effort.,@SimcoeAce,,1.1K,64
YT000103,Türkiye vs United States (2026 FIFA World Cup),Football,,Türkiye vs United States Extended Highlights 🌎🏆 2026 FIFA World Cup™,7JJLMyKBG90,https://www.youtube.com/watch?v=7JJLMyKBG90,FOX Sports,UCwNqHDsnBCKT-olwJwIFyfg,Ugzuu962-i9iYLIVUdR4AaABAg,https://www.youtube.com/watch?v=7JJLMyKBG90&lc=Ugzuu962-i9iYLIVUdR4AaABAg,"We learned a lot from this game, mainly what pairings to never play together at the back",@roundhouse4201,,231,8
YT000104,Türkiye vs United States (2026 FIFA World Cup),Football,,Türkiye vs United States Extended Highlights 🌎🏆 2026 FIFA World Cup™,7JJLMyKBG90,https://www.youtube.com/watch?v=7JJLMyKBG90,FOX Sports,UCwNqHDsnBCKT-olwJwIFyfg,UgybYrwpQJ4I5pyyMoN4AaABAg,https://www.youtube.com/watch?v=7JJLMyKBG90&lc=UgybYrwpQJ4I5pyyMoN4AaABAg,Major respect for both for playing so hard with very little on the line. Actually impressive.,@TexasTone,,47,1
YT000105,Türkiye vs United States (2026 FIFA World Cup),Football,,Türkiye vs United States Extended Highlights 🌎🏆 2026 FIFA World Cup™,7JJLMyKBG90,https://www.youtube.com/watch?v=7JJLMyKBG90,FOX Sports,UCwNqHDsnBCKT-olwJwIFyfg,UgxmOEPz0C752Tsk4n14AaABAg,https://www.youtube.com/watch?v=7JJLMyKBG90&lc=UgxmOEPz0C752Tsk4n14AaABAg,That Turkey squad looked pretty good. Surprised they didn't win a game until this one.,@shawnn7502,,906,95
YT000106,Türkiye vs United States (2026 FIFA World Cup),Football,,Türkiye vs United States Extended Highlights 🌎🏆 2026 FIFA World Cup™,7JJLMyKBG90,https://www.youtube.com/watch?v=7JJLMyKBG90,FOX Sports,UCwNqHDsnBCKT-olwJwIFyfg,UgzqrTOh8n5oGeAp-zd4AaABAg,https://www.youtube.com/watch?v=7JJLMyKBG90&lc=UgzqrTOh8n5oGeAp-zd4AaABAg,that was one of the most entertaining wins this world cup and it unfortunately meant absolutely nothing lol.,@1Espresso24,,185,12
YT000107,Türkiye vs United States (2026 FIFA World Cup),Football,,Türkiye vs United States Extended Highlights 🌎🏆 2026 FIFA World Cup™,7JJLMyKBG90,https://www.youtube.com/watch?v=7JJLMyKBG90,FOX Sports,UCwNqHDsnBCKT-olwJwIFyfg,UgxrWKtYwQtHGpcF2Gp4AaABAg,https://www.youtube.com/watch?v=7JJLMyKBG90&lc=UgxrWKtYwQtHGpcF2Gp4AaABAg,Good game. Good lesson going into the knockout stage.,@ohdarn693,,132,13
YT000108,Türkiye vs United States (2026 FIFA World Cup),Football,,Türkiye vs United States Extended Highlights 🌎🏆 2026 FIFA World Cup™,7JJLMyKBG90,https://www.youtube.com/watch?v=7JJLMyKBG90,FOX Sports,UCwNqHDsnBCKT-olwJwIFyfg,Ugx6vy5SA_OXzsCsr2R4AaABAg,https://www.youtube.com/watch?v=7JJLMyKBG90&lc=Ugx6vy5SA_OXzsCsr2R4AaABAg,Last min win goal is crazy work,@sirthomasevangelion1258,,86,
YT000109,Türkiye vs United States (2026 FIFA World Cup),Football,,Türkiye vs United States Extended Highlights 🌎🏆 2026 FIFA World Cup™,7JJLMyKBG90,https://www.youtube.com/watch?v=7JJLMyKBG90,FOX Sports,UCwNqHDsnBCKT-olwJwIFyfg,Ugz2RW06mjW5FpRCaNt4AaABAg,https://www.youtube.com/watch?v=7JJLMyKBG90&lc=Ugz2RW06mjW5FpRCaNt4AaABAg,When you grow up an Arkansas Razorback fan you expect disaster at the end of a game. I could feel it coming.,@obijuana,,327,19
YT000110,Türkiye vs United States (2026 FIFA World Cup),Football,,Türkiye vs United States Extended Highlights 🌎🏆 2026 FIFA World Cup™,7JJLMyKBG90,https://www.youtube.com/watch?v=7JJLMyKBG90,FOX Sports,UCwNqHDsnBCKT-olwJwIFyfg,Ugy-n8QsD8CAQPYx1qZ4AaABAg,https://www.youtube.com/watch?v=7JJLMyKBG90&lc=Ugy-n8QsD8CAQPYx1qZ4AaABAg,Türkiye really impressed me 😮 they made sure their last World Cup game would be remembered!!,@yesimsarah4679,,427,37
YT000111,Türkiye vs United States (2026 FIFA World Cup),Football,,Türkiye vs United States Extended Highlights 🌎🏆 2026 FIFA World Cup™,7JJLMyKBG90,https://www.youtube.com/watch?v=7JJLMyKBG90,FOX Sports,UCwNqHDsnBCKT-olwJwIFyfg,Ugz4WkKzWWa4cysxOqF4AaABAg,https://www.youtube.com/watch?v=7JJLMyKBG90&lc=Ugz4WkKzWWa4cysxOqF4AaABAg,That nutmeg was COLD,@Elmayo_rr,,62,1
YT000112,Türkiye vs United States (2026 FIFA World Cup),Football,,Türkiye vs United States Extended Highlights 🌎🏆 2026 FIFA World Cup™,7JJLMyKBG90,https://www.youtube.com/watch?v=7JJLMyKBG90,FOX Sports,UCwNqHDsnBCKT-olwJwIFyfg,UgxlEzshkOxpgG19tPl4AaABAg,https://www.youtube.com/watch?v=7JJLMyKBG90&lc=UgxlEzshkOxpgG19tPl4AaABAg,"Yeah, they went out. But they went out in a blaze of glory.",@AlleyOopOop,,77,7
YT000113,Mexico vs England (2026 FIFA World Cup Round of 16),Football,,Mexico vs England Highlights 🌎🏆 2026 FIFA World Cup™ | Round of 16,n7cA4k6TJbs,https://www.youtube.com/watch?v=n7cA4k6TJbs,FOX Sports,UCwNqHDsnBCKT-olwJwIFyfg,UgxBPcLrt_EDkSiKywp4AaABAg,https://www.youtube.com/watch?v=n7cA4k6TJbs&lc=UgxBPcLrt_EDkSiKywp4AaABAg,Came back after the USA loss to see what teams with heart play like.,@spacecadet2226,,2.1K,61
YT000114,Mexico vs England (2026 FIFA World Cup Round of 16),Football,,Mexico vs England Highlights 🌎🏆 2026 FIFA World Cup™ | Round of 16,n7cA4k6TJbs,https://www.youtube.com/watch?v=n7cA4k6TJbs,FOX Sports,UCwNqHDsnBCKT-olwJwIFyfg,UgzZlpIOXsHbJ4mMqDp4AaABAg,https://www.youtube.com/watch?v=n7cA4k6TJbs&lc=UgzZlpIOXsHbJ4mMqDp4AaABAg,Best and most intense match of this insanely entertaining World Cup. All the major stars have stepped up. The atmosphere has been insane.,@Jay-r6s1i,,7.8K,155
YT000115,Mexico vs England (2026 FIFA World Cup Round of 16),Football,,Mexico vs England Highlights 🌎🏆 2026 FIFA World Cup™ | Round of 16,n7cA4k6TJbs,https://www.youtube.com/watch?v=n7cA4k6TJbs,FOX Sports,UCwNqHDsnBCKT-olwJwIFyfg,UgzX2kDGd9e-XirPH-14AaABAg,https://www.youtube.com/watch?v=n7cA4k6TJbs&lc=UgzX2kDGd9e-XirPH-14AaABAg,"Practically 30 minutes with the ball on your side, 11 v 10, home advantage, accustomed to high altitude while England was not, no excuse for not equalizing it. England deserved the win",@NahIdWin2033,,4.1K,197
YT000116,Mexico vs England (2026 FIFA World Cup Round of 16),Football,,Mexico vs England Highlights 🌎🏆 2026 FIFA World Cup™ | Round of 16,n7cA4k6TJbs,https://www.youtube.com/watch?v=n7cA4k6TJbs,FOX Sports,UCwNqHDsnBCKT-olwJwIFyfg,UgwsCfy72WC5giTuF-J4AaABAg,https://www.youtube.com/watch?v=n7cA4k6TJbs&lc=UgwsCfy72WC5giTuF-J4AaABAg,This felt like a final best World Cup game I’ve ever watched,@yandelbenitez3756,,264,12
YT000117,Mexico vs England (2026 FIFA World Cup Round of 16),Football,,Mexico vs England Highlights 🌎🏆 2026 FIFA World Cup™ | Round of 16,n7cA4k6TJbs,https://www.youtube.com/watch?v=n7cA4k6TJbs,FOX Sports,UCwNqHDsnBCKT-olwJwIFyfg,Ugxtge3gZV_NNOwSEVh4AaABAg,https://www.youtube.com/watch?v=n7cA4k6TJbs&lc=Ugxtge3gZV_NNOwSEVh4AaABAg,"Great highlights but what this doesn't show is the sheer brutality and attrition of the last 20 minutes. Mexico went at England over and over with the extra man, and every single time England found a way to get it back out. Monster performance.",@michaelkayser4194,,3.1K,90
YT000118,Mexico vs England (2026 FIFA World Cup Round of 16),Football,,Mexico vs England Highlights 🌎🏆 2026 FIFA World Cup™ | Round of 16,n7cA4k6TJbs,https://www.youtube.com/watch?v=n7cA4k6TJbs,FOX Sports,UCwNqHDsnBCKT-olwJwIFyfg,UgyAMk3vxzitvcABK5R4AaABAg,https://www.youtube.com/watch?v=n7cA4k6TJbs&lc=UgyAMk3vxzitvcABK5R4AaABAg,This World Cup is amazing.  It seems like every other day there's a new historically great game.  Just pure madness.,@WDSimp,,5.3K,45
YT000119,Mexico vs England (2026 FIFA World Cup Round of 16),Football,,Mexico vs England Highlights 🌎🏆 2026 FIFA World Cup™ | Round of 16,n7cA4k6TJbs,https://www.youtube.com/watch?v=n7cA4k6TJbs,FOX Sports,UCwNqHDsnBCKT-olwJwIFyfg,Ugzq-Pm1948d6Jdrtf54AaABAg,https://www.youtube.com/watch?v=n7cA4k6TJbs&lc=Ugzq-Pm1948d6Jdrtf54AaABAg,"Bellingham played the game of his life. 2 goals, insane last second clearance. Dude was all over the field like a striker, midfielder and defender all in one.",@splash8429,,1.3K,22
YT000120,Mexico vs England (2026 FIFA World Cup Round of 16),Football,,Mexico vs England Highlights 🌎🏆 2026 FIFA World Cup™ | Round of 16,n7cA4k6TJbs,https://www.youtube.com/watch?v=n7cA4k6TJbs,FOX Sports,UCwNqHDsnBCKT-olwJwIFyfg,Ugz3SCkjhx_9taUeZeN4AaABAg,https://www.youtube.com/watch?v=n7cA4k6TJbs&lc=Ugz3SCkjhx_9taUeZeN4AaABAg,"Mexico fan here. I’m heartbroken that we lost, but much respect to England. You guys have a very solid squad. I hope you guys win the whole thing.",@ricardorangel3241,,1K,18
YT000121,Mexico vs England (2026 FIFA World Cup Round of 16),Football,,Mexico vs England Highlights 🌎🏆 2026 FIFA World Cup™ | Round of 16,n7cA4k6TJbs,https://www.youtube.com/watch?v=n7cA4k6TJbs,FOX Sports,UCwNqHDsnBCKT-olwJwIFyfg,Ugyz4JJGWi4xGARHiEt4AaABAg,https://www.youtube.com/watch?v=n7cA4k6TJbs&lc=Ugyz4JJGWi4xGARHiEt4AaABAg,"This game was genuinely insane, I was on the edge of my seat from start to finish
Incredible effort from both Mexico and England!",@pocky7489,,3.2K,28
YT000122,Mexico vs England (2026 FIFA World Cup Round of 16),Football,,Mexico vs England Highlights 🌎🏆 2026 FIFA World Cup™ | Round of 16,n7cA4k6TJbs,https://www.youtube.com/watch?v=n7cA4k6TJbs,FOX Sports,UCwNqHDsnBCKT-olwJwIFyfg,UgycZXWVPkYXYW4ET5B4AaABAg,https://www.youtube.com/watch?v=n7cA4k6TJbs&lc=UgycZXWVPkYXYW4ET5B4AaABAg,Pickford was incredible this game! What a goalkeeper! 💯,@yesimsarah4679,,2.1K,23
YT000123,Mexico vs England (2026 FIFA World Cup Round of 16),Football,,Mexico vs England Highlights 🌎🏆 2026 FIFA World Cup™ | Round of 16,n7cA4k6TJbs,https://www.youtube.com/watch?v=n7cA4k6TJbs,FOX Sports,UCwNqHDsnBCKT-olwJwIFyfg,Ugz0SoXac4nzbnMGsXJ4AaABAg,https://www.youtube.com/watch?v=n7cA4k6TJbs&lc=Ugz0SoXac4nzbnMGsXJ4AaABAg,"As a Mexican 🇲🇽 I can’t even be mad the result. We started off strong, pickford made amazing saves, jude capitalized on our mistakes, we fought hard despite not having the best players. I’m proud of my nation and the fight they put up. Congratulations England 🏴󠁧󠁢󠁥󠁮󠁧󠁿",@JesusAguilarLifts,,726,29
YT000124,Mexico vs England (2026 FIFA World Cup Round of 16),Football,,Mexico vs England Highlights 🌎🏆 2026 FIFA World Cup™ | Round of 16,n7cA4k6TJbs,https://www.youtube.com/watch?v=n7cA4k6TJbs,FOX Sports,UCwNqHDsnBCKT-olwJwIFyfg,Ugydbzjh7G3w1__mLQ94AaABAg,https://www.youtube.com/watch?v=n7cA4k6TJbs&lc=Ugydbzjh7G3w1__mLQ94AaABAg,This game felt like a final. It had everything,@JuJu916JuJu,,61,
YT000125,Mexico vs England (2026 FIFA World Cup Round of 16),Football,,Mexico vs England Highlights 🌎🏆 2026 FIFA World Cup™ | Round of 16,n7cA4k6TJbs,https://www.youtube.com/watch?v=n7cA4k6TJbs,FOX Sports,UCwNqHDsnBCKT-olwJwIFyfg,Ugwf0V2KM9rB3cNt0Mx4AaABAg,https://www.youtube.com/watch?v=n7cA4k6TJbs&lc=Ugwf0V2KM9rB3cNt0Mx4AaABAg,"As a Mexico fan, what a game. 
Hope England carries this intensity till the end!!
Much respect 🇲🇽🏴󠁧󠁢󠁥󠁮󠁧󠁿",@braulioparamo,,1.1K,26
YT000126,Mexico vs England (2026 FIFA World Cup Round of 16),Football,,Mexico vs England Highlights 🌎🏆 2026 FIFA World Cup™ | Round of 16,n7cA4k6TJbs,https://www.youtube.com/watch?v=n7cA4k6TJbs,FOX Sports,UCwNqHDsnBCKT-olwJwIFyfg,UgxroE7MqWZSH94FVgF4AaABAg,https://www.youtube.com/watch?v=n7cA4k6TJbs&lc=UgxroE7MqWZSH94FVgF4AaABAg,Anthony Gordon was bloody brilliant this match. He was running everywhere for 100+ minutes straight!,@yesimsarah4679,,1.4K,36
YT000127,Mexico vs England (2026 FIFA World Cup Round of 16),Football,,Mexico vs England Highlights 🌎🏆 2026 FIFA World Cup™ | Round of 16,n7cA4k6TJbs,https://www.youtube.com/watch?v=n7cA4k6TJbs,FOX Sports,UCwNqHDsnBCKT-olwJwIFyfg,UgwkfzPIjGbxvLNoC0Z4AaABAg,https://www.youtube.com/watch?v=n7cA4k6TJbs&lc=UgwkfzPIjGbxvLNoC0Z4AaABAg,This is one of the greatest games I’ve seen in this tournament so far,@jasoncutz1944,,1.1K,16
YT000128,Mexico vs England (2026 FIFA World Cup Round of 16),Football,,Mexico vs England Highlights 🌎🏆 2026 FIFA World Cup™ | Round of 16,n7cA4k6TJbs,https://www.youtube.com/watch?v=n7cA4k6TJbs,FOX Sports,UCwNqHDsnBCKT-olwJwIFyfg,UgxhiK0X1TDWhZrV1JV4AaABAg,https://www.youtube.com/watch?v=n7cA4k6TJbs&lc=UgxhiK0X1TDWhZrV1JV4AaABAg,WHATA CLASSIC GAME !! PROBABLY BEST GAME OF THE WROLD CUP,@Reeldeal818,,162,
YT000129,Portugal vs Spain (2026 FIFA World Cup Round of 16),Football,,Portugal vs Spain Highlights 🌎🏆 2026 FIFA World Cup™ | Round of 16,xINJD9fo6BM,https://www.youtube.com/watch?v=xINJD9fo6BM,FOX Sports,UCwNqHDsnBCKT-olwJwIFyfg,Ugzg8pFxmNjCGGT3exl4AaABAg,https://www.youtube.com/watch?v=xINJD9fo6BM&lc=Ugzg8pFxmNjCGGT3exl4AaABAg,Editor needs a raise for finding 11 minutes of highlights from this game.,@Matty12343,,5.9K,110
YT000130,Portugal vs Spain (2026 FIFA World Cup Round of 16),Football,,Portugal vs Spain Highlights 🌎🏆 2026 FIFA World Cup™ | Round of 16,xINJD9fo6BM,https://www.youtube.com/watch?v=xINJD9fo6BM,FOX Sports,UCwNqHDsnBCKT-olwJwIFyfg,UgyAWT5S_cEo6dqSMB54AaABAg,https://www.youtube.com/watch?v=xINJD9fo6BM&lc=UgyAWT5S_cEo6dqSMB54AaABAg,well boys... this is the end of an era. this year world cup truly feels like a season finale to a 20 year story arc.,@Idontknow124n6,,2.1K,197
YT000131,Portugal vs Spain (2026 FIFA World Cup Round of 16),Football,,Portugal vs Spain Highlights 🌎🏆 2026 FIFA World Cup™ | Round of 16,xINJD9fo6BM,https://www.youtube.com/watch?v=xINJD9fo6BM,FOX Sports,UCwNqHDsnBCKT-olwJwIFyfg,UgxTySBdcEvl_3YY_c14AaABAg,https://www.youtube.com/watch?v=xINJD9fo6BM&lc=UgxTySBdcEvl_3YY_c14AaABAg,"Portugal was minutes away from overtime and Silva comes on and gives away two separate fouls in the span of a few minutes. First foul gets him a yellow card. Second foul gives up the free kick that Merino scores from seconds later. That is not getting caught up in one moment, that is a guy who lost his discipline twice in the same cameo. Martinez had Ruben Neves sitting right there, the same player he trusted to shut a game down against Croatia days earlier, and instead brings on someone who cannot stay in control for six minutes. Brutal way for Ronaldo's international career to end, on a substitute who could not hold it together late in a knockout game.",@joshdauberman1267,,166,11
YT000132,Portugal vs Spain (2026 FIFA World Cup Round of 16),Football,,Portugal vs Spain Highlights 🌎🏆 2026 FIFA World Cup™ | Round of 16,xINJD9fo6BM,https://www.youtube.com/watch?v=xINJD9fo6BM,FOX Sports,UCwNqHDsnBCKT-olwJwIFyfg,UgyIzgl8rQxkYI6enhB4AaABAg,https://www.youtube.com/watch?v=xINJD9fo6BM&lc=UgyIzgl8rQxkYI6enhB4AaABAg,"Martinez is genuinely a Worldclass manager.

No manager in the World could make a midfield trio of Bruno, Neves and Vitinha look average.",@gvchagg,,2.3K,58
YT000133,Portugal vs Spain (2026 FIFA World Cup Round of 16),Football,,Portugal vs Spain Highlights 🌎🏆 2026 FIFA World Cup™ | Round of 16,xINJD9fo6BM,https://www.youtube.com/watch?v=xINJD9fo6BM,FOX Sports,UCwNqHDsnBCKT-olwJwIFyfg,UgyE8ntP6Tax8R4Gz2p4AaABAg,https://www.youtube.com/watch?v=xINJD9fo6BM&lc=UgyE8ntP6Tax8R4Gz2p4AaABAg,"When I saw them play their last game, I knew Portugal was gonna lose.  They looked so tired and now watching this game, you can absolutely see it.",@ISEEKSPACE,,582,10
YT000134,Portugal vs Spain (2026 FIFA World Cup Round of 16),Football,,Portugal vs Spain Highlights 🌎🏆 2026 FIFA World Cup™ | Round of 16,xINJD9fo6BM,https://www.youtube.com/watch?v=xINJD9fo6BM,FOX Sports,UCwNqHDsnBCKT-olwJwIFyfg,Ugx9Ps4xvKds-yYT65Z4AaABAg,https://www.youtube.com/watch?v=xINJD9fo6BM&lc=Ugx9Ps4xvKds-yYT65Z4AaABAg,Cape Verdean here. I wanted Spain to win since many people told me that Cape Verde didnt do much to tie Spain.,@kayford6277,,225,18
YT000135,Portugal vs Spain (2026 FIFA World Cup Round of 16),Football,,Portugal vs Spain Highlights 🌎🏆 2026 FIFA World Cup™ | Round of 16,xINJD9fo6BM,https://www.youtube.com/watch?v=xINJD9fo6BM,FOX Sports,UCwNqHDsnBCKT-olwJwIFyfg,UgzDNY57rT4M8fstNG14AaABAg,https://www.youtube.com/watch?v=xINJD9fo6BM&lc=UgzDNY57rT4M8fstNG14AaABAg,Thank you Cristiano. There will never be anyone like you. You poured your heart into this sport and gave us an unforgettable 15 years shared with Messi. Have a good retirement.,@Turtle10futuregoat,,1.6K,75
YT000136,Portugal vs Spain (2026 FIFA World Cup Round of 16),Football,,Portugal vs Spain Highlights 🌎🏆 2026 FIFA World Cup™ | Round of 16,xINJD9fo6BM,https://www.youtube.com/watch?v=xINJD9fo6BM,FOX Sports,UCwNqHDsnBCKT-olwJwIFyfg,UgwesjIcZwej4w6C1r54AaABAg,https://www.youtube.com/watch?v=xINJD9fo6BM&lc=UgwesjIcZwej4w6C1r54AaABAg,Sometimes you have to put your ego aside and let others have their chance to play,@Drahim_90,,2.6K,151
YT000137,Portugal vs Spain (2026 FIFA World Cup Round of 16),Football,,Portugal vs Spain Highlights 🌎🏆 2026 FIFA World Cup™ | Round of 16,xINJD9fo6BM,https://www.youtube.com/watch?v=xINJD9fo6BM,FOX Sports,UCwNqHDsnBCKT-olwJwIFyfg,UgzL_5SWZiWWL3LcppJ4AaABAg,https://www.youtube.com/watch?v=xINJD9fo6BM&lc=UgzL_5SWZiWWL3LcppJ4AaABAg,"Neymar, Ronaldo and soon to be Messi. It's truly an end of an era. Messi is the only one left standing the the big 3 we had for so long. would be nice to see him win again to tell the young guns that this generation of neymar, ronaldo and messi was truly the greats of football. I still cant believe it.",@ViItramite,,109,7
YT000138,Portugal vs Spain (2026 FIFA World Cup Round of 16),Football,,Portugal vs Spain Highlights 🌎🏆 2026 FIFA World Cup™ | Round of 16,xINJD9fo6BM,https://www.youtube.com/watch?v=xINJD9fo6BM,FOX Sports,UCwNqHDsnBCKT-olwJwIFyfg,UgxIqi9OIycWzYR2W354AaABAg,https://www.youtube.com/watch?v=xINJD9fo6BM&lc=UgxIqi9OIycWzYR2W354AaABAg,I like how Spain are just handling business and keeping it low key.,@adamlloris5005,,1.2K,36
YT000139,Portugal vs Spain (2026 FIFA World Cup Round of 16),Football,,Portugal vs Spain Highlights 🌎🏆 2026 FIFA World Cup™ | Round of 16,xINJD9fo6BM,https://www.youtube.com/watch?v=xINJD9fo6BM,FOX Sports,UCwNqHDsnBCKT-olwJwIFyfg,Ugx4h-UAs6ymsIAkI6p4AaABAg,https://www.youtube.com/watch?v=xINJD9fo6BM&lc=Ugx4h-UAs6ymsIAkI6p4AaABAg,Diogo Costa saves were insane,@kennyvasquez6102,,491,16
YT000140,Portugal vs Spain (2026 FIFA World Cup Round of 16),Football,,Portugal vs Spain Highlights 🌎🏆 2026 FIFA World Cup™ | Round of 16,xINJD9fo6BM,https://www.youtube.com/watch?v=xINJD9fo6BM,FOX Sports,UCwNqHDsnBCKT-olwJwIFyfg,UgxmLZlyaMCTrkyOQml4AaABAg,https://www.youtube.com/watch?v=xINJD9fo6BM&lc=UgxmLZlyaMCTrkyOQml4AaABAg,both the teams' goalkeepers did an amazing job.,@richeekb,,18,1
YT000141,Portugal vs Spain (2026 FIFA World Cup Round of 16),Football,,Portugal vs Spain Highlights 🌎🏆 2026 FIFA World Cup™ | Round of 16,xINJD9fo6BM,https://www.youtube.com/watch?v=xINJD9fo6BM,FOX Sports,UCwNqHDsnBCKT-olwJwIFyfg,UgwgjiGo4vRc5mQ_j4t4AaABAg,https://www.youtube.com/watch?v=xINJD9fo6BM&lc=UgwgjiGo4vRc5mQ_j4t4AaABAg,"It's so sad to see many futbol legends play their last world cup game and not win; Neymar, Luka Modric, Ochoa ""Memo"" and now Christano Ronaldo 😢",@idk-c1r5i,,803,54
YT000142,Portugal vs Spain (2026 FIFA World Cup Round of 16),Football,,Portugal vs Spain Highlights 🌎🏆 2026 FIFA World Cup™ | Round of 16,xINJD9fo6BM,https://www.youtube.com/watch?v=xINJD9fo6BM,FOX Sports,UCwNqHDsnBCKT-olwJwIFyfg,UgzuhIdwVMaCCiBlneF4AaABAg,https://www.youtube.com/watch?v=xINJD9fo6BM&lc=UgzuhIdwVMaCCiBlneF4AaABAg,Battle of the “MID”-fielders,@FORZAMCFC,,698,11
YT000143,Portugal vs Spain (2026 FIFA World Cup Round of 16),Football,,Portugal vs Spain Highlights 🌎🏆 2026 FIFA World Cup™ | Round of 16,xINJD9fo6BM,https://www.youtube.com/watch?v=xINJD9fo6BM,FOX Sports,UCwNqHDsnBCKT-olwJwIFyfg,Ugx6rfjAHA8BWXa9TQp4AaABAg,https://www.youtube.com/watch?v=xINJD9fo6BM&lc=Ugx6rfjAHA8BWXa9TQp4AaABAg,We should be grateful to see Messi and Ronaldo perform in their last World Cup. Truly the end of an era 🫡,@mdthelegend9882,,18,13
YT000144,Portugal vs Spain (2026 FIFA World Cup Round of 16),Football,,Portugal vs Spain Highlights 🌎🏆 2026 FIFA World Cup™ | Round of 16,xINJD9fo6BM,https://www.youtube.com/watch?v=xINJD9fo6BM,FOX Sports,UCwNqHDsnBCKT-olwJwIFyfg,Ugz9EqGQ92Imkck4DtV4AaABAg,https://www.youtube.com/watch?v=xINJD9fo6BM&lc=Ugz9EqGQ92Imkck4DtV4AaABAg,Portugal went down at '89 then proceeded to spend the 95% of their remaining possessions walking and passing backwards,@TheAutomedon,,80,4
YT000145,Brazil vs Norway (2026 FIFA World Cup Round of 16),Football,,Brazil vs Norway Highlights 🌎🏆 2026 FIFA World Cup™ | Round of 16,vpcukTVSD8Q,https://www.youtube.com/watch?v=vpcukTVSD8Q,FOX Sports,UCwNqHDsnBCKT-olwJwIFyfg,Ugwg-fHJGU0T6KRsW2l4AaABAg,https://www.youtube.com/watch?v=vpcukTVSD8Q&lc=Ugwg-fHJGU0T6KRsW2l4AaABAg,Norway’s keeper was absolutely incredible,@GGmanlife,,7.5K,41
YT000146,Brazil vs Norway (2026 FIFA World Cup Round of 16),Football,,Brazil vs Norway Highlights 🌎🏆 2026 FIFA World Cup™ | Round of 16,vpcukTVSD8Q,https://www.youtube.com/watch?v=vpcukTVSD8Q,FOX Sports,UCwNqHDsnBCKT-olwJwIFyfg,UgxmfhdGMnvET12Jva94AaABAg,https://www.youtube.com/watch?v=vpcukTVSD8Q&lc=UgxmfhdGMnvET12Jva94AaABAg,"I love how Haaland scores, 3 guys jump on his back and he just keeps walking to the corner carrying them along.",@johnwoodard8717,,1.8K,18
YT000147,Brazil vs Norway (2026 FIFA World Cup Round of 16),Football,,Brazil vs Norway Highlights 🌎🏆 2026 FIFA World Cup™ | Round of 16,vpcukTVSD8Q,https://www.youtube.com/watch?v=vpcukTVSD8Q,FOX Sports,UCwNqHDsnBCKT-olwJwIFyfg,UgyKKJFcxeKpM_bW-G94AaABAg,https://www.youtube.com/watch?v=vpcukTVSD8Q&lc=UgyKKJFcxeKpM_bW-G94AaABAg,"Haaland & the goalkeeper went crazy today, both played a great game respect 💯",@nolimitswavyy187,,6.1K,34
YT000148,Brazil vs Norway (2026 FIFA World Cup Round of 16),Football,,Brazil vs Norway Highlights 🌎🏆 2026 FIFA World Cup™ | Round of 16,vpcukTVSD8Q,https://www.youtube.com/watch?v=vpcukTVSD8Q,FOX Sports,UCwNqHDsnBCKT-olwJwIFyfg,UgxwKWmMROCC8X5uSB94AaABAg,https://www.youtube.com/watch?v=vpcukTVSD8Q&lc=UgxwKWmMROCC8X5uSB94AaABAg,Nyland and Haaland are straight Vikings 🔥🔥🔥,@ryancoupland8425,,242,3
YT000149,Brazil vs Norway (2026 FIFA World Cup Round of 16),Football,,Brazil vs Norway Highlights 🌎🏆 2026 FIFA World Cup™ | Round of 16,vpcukTVSD8Q,https://www.youtube.com/watch?v=vpcukTVSD8Q,FOX Sports,UCwNqHDsnBCKT-olwJwIFyfg,Ugy73s5nwGiSl7rM_NN4AaABAg,https://www.youtube.com/watch?v=vpcukTVSD8Q&lc=Ugy73s5nwGiSl7rM_NN4AaABAg,Haaland going band for band with Messi and Mbappe in his first World Cup is amazing,@TheIconReel,,6.8K,106
YT000150,Brazil vs Norway (2026 FIFA World Cup Round of 16),Football,,Brazil vs Norway Highlights 🌎🏆 2026 FIFA World Cup™ | Round of 16,vpcukTVSD8Q,https://www.youtube.com/watch?v=vpcukTVSD8Q,FOX Sports,UCwNqHDsnBCKT-olwJwIFyfg,Ugw1Q9w0ApzzUT_4aFp4AaABAg,https://www.youtube.com/watch?v=vpcukTVSD8Q&lc=Ugw1Q9w0ApzzUT_4aFp4AaABAg,Brazil has never been the same since 7-1 vs Germany in 2014.,@caynehampton1878,,4.8K,143
YT000151,Brazil vs Norway (2026 FIFA World Cup Round of 16),Football,,Brazil vs Norway Highlights 🌎🏆 2026 FIFA World Cup™ | Round of 16,vpcukTVSD8Q,https://www.youtube.com/watch?v=vpcukTVSD8Q,FOX Sports,UCwNqHDsnBCKT-olwJwIFyfg,Ugwzv8zASkMr5p8QFvF4AaABAg,https://www.youtube.com/watch?v=vpcukTVSD8Q&lc=Ugwzv8zASkMr5p8QFvF4AaABAg,7 goals and counting in your first World Cup is unheard of,@TheIconReel,,3.8K,99
YT000152,Brazil vs Norway (2026 FIFA World Cup Round of 16),Football,,Brazil vs Norway Highlights 🌎🏆 2026 FIFA World Cup™ | Round of 16,vpcukTVSD8Q,https://www.youtube.com/watch?v=vpcukTVSD8Q,FOX Sports,UCwNqHDsnBCKT-olwJwIFyfg,Ugw2fQr2auvdwa2DQj14AaABAg,https://www.youtube.com/watch?v=vpcukTVSD8Q&lc=Ugw2fQr2auvdwa2DQj14AaABAg,"Elite, next level goalkeeping, from saving the penalty to numerous other tough shots. Haaland right on time when you need him. That was a beautiful game.",@em-performance2016,,145,
YT000153,Brazil vs Norway (2026 FIFA World Cup Round of 16),Football,,Brazil vs Norway Highlights 🌎🏆 2026 FIFA World Cup™ | Round of 16,vpcukTVSD8Q,https://www.youtube.com/watch?v=vpcukTVSD8Q,FOX Sports,UCwNqHDsnBCKT-olwJwIFyfg,UgygeNhz80dRItOOPdt4AaABAg,https://www.youtube.com/watch?v=vpcukTVSD8Q&lc=UgygeNhz80dRItOOPdt4AaABAg,Just love Haaland’s nonchalance after each goal. The strut. Then a smile creeps over his face. Pure class.,@lawofficeofdanielstewartpl7669,,2K,19
YT000154,Brazil vs Norway (2026 FIFA World Cup Round of 16),Football,,Brazil vs Norway Highlights 🌎🏆 2026 FIFA World Cup™ | Round of 16,vpcukTVSD8Q,https://www.youtube.com/watch?v=vpcukTVSD8Q,FOX Sports,UCwNqHDsnBCKT-olwJwIFyfg,UgzUjLqPvkC0vfqzAd14AaABAg,https://www.youtube.com/watch?v=vpcukTVSD8Q&lc=UgzUjLqPvkC0vfqzAd14AaABAg,Haaland's walk-off is world class,@Arick2000,,2.1K,15
YT000155,Brazil vs Norway (2026 FIFA World Cup Round of 16),Football,,Brazil vs Norway Highlights 🌎🏆 2026 FIFA World Cup™ | Round of 16,vpcukTVSD8Q,https://www.youtube.com/watch?v=vpcukTVSD8Q,FOX Sports,UCwNqHDsnBCKT-olwJwIFyfg,UgxQtHZRdB8p9AJIeKh4AaABAg,https://www.youtube.com/watch?v=vpcukTVSD8Q&lc=UgxQtHZRdB8p9AJIeKh4AaABAg,The Norwegian goalkeeper  was the real hero,@Pitufa-s1m3x,,880,8
YT000156,Brazil vs Norway (2026 FIFA World Cup Round of 16),Football,,Brazil vs Norway Highlights 🌎🏆 2026 FIFA World Cup™ | Round of 16,vpcukTVSD8Q,https://www.youtube.com/watch?v=vpcukTVSD8Q,FOX Sports,UCwNqHDsnBCKT-olwJwIFyfg,UgwONHbJHrnuJOW5CPJ4AaABAg,https://www.youtube.com/watch?v=vpcukTVSD8Q&lc=UgwONHbJHrnuJOW5CPJ4AaABAg,This years World Cup has been crazy. Never count the underdog out.,@ghostJC1126,,17,
YT000157,Brazil vs Norway (2026 FIFA World Cup Round of 16),Football,,Brazil vs Norway Highlights 🌎🏆 2026 FIFA World Cup™ | Round of 16,vpcukTVSD8Q,https://www.youtube.com/watch?v=vpcukTVSD8Q,FOX Sports,UCwNqHDsnBCKT-olwJwIFyfg,Ugwrb3kK4pY22oPZN5N4AaABAg,https://www.youtube.com/watch?v=vpcukTVSD8Q&lc=Ugwrb3kK4pY22oPZN5N4AaABAg,"Erling Haaland is unreal. He only touched the ball a few times today, and all he needed was two shots on goal to score two goals. Absolutely crazy!",@S.NguyenUsa,,975,25
YT000158,Brazil vs Norway (2026 FIFA World Cup Round of 16),Football,,Brazil vs Norway Highlights 🌎🏆 2026 FIFA World Cup™ | Round of 16,vpcukTVSD8Q,https://www.youtube.com/watch?v=vpcukTVSD8Q,FOX Sports,UCwNqHDsnBCKT-olwJwIFyfg,UgxWMcrY0zbPqGGQV2Z4AaABAg,https://www.youtube.com/watch?v=vpcukTVSD8Q&lc=UgxWMcrY0zbPqGGQV2Z4AaABAg,Great job from the Norway goalkeeper today.. He had at least 4 crucial saves 🙌,@tucsonmaui,,289,
YT000159,Brazil vs Norway (2026 FIFA World Cup Round of 16),Football,,Brazil vs Norway Highlights 🌎🏆 2026 FIFA World Cup™ | Round of 16,vpcukTVSD8Q,https://www.youtube.com/watch?v=vpcukTVSD8Q,FOX Sports,UCwNqHDsnBCKT-olwJwIFyfg,Ugxbxu0aJtbsRbs7aiF4AaABAg,https://www.youtube.com/watch?v=vpcukTVSD8Q&lc=Ugxbxu0aJtbsRbs7aiF4AaABAg,"Man this tourney might the best overall goalkeeping performance in world cup history. So many keepers going above and beyond, its amazing to watch.",@Mlynoph,,454,5
YT000160,Brazil vs Norway (2026 FIFA World Cup Round of 16),Football,,Brazil vs Norway Highlights 🌎🏆 2026 FIFA World Cup™ | Round of 16,vpcukTVSD8Q,https://www.youtube.com/watch?v=vpcukTVSD8Q,FOX Sports,UCwNqHDsnBCKT-olwJwIFyfg,UgywMGg-DxP3-Q29keN4AaABAg,https://www.youtube.com/watch?v=vpcukTVSD8Q&lc=UgywMGg-DxP3-Q29keN4AaABAg,This Norwegian goalkeeper is truly a son of Odin. My god he was great and saved his team so many times this day!,@nicholaspetre1,,25,
YT000161,"Fulham vs Manchester United (Premier League, Matchweek 5)",Football,2026-09-20,Fulham v. Manchester United | PREMIER LEAGUE HIGHLIGHTS | 9/20/2026 | NBC Sports,Crem8PmPDBw,https://www.youtube.com/watch?v=Crem8PmPDBw,NBC Sports,UCqZQlzSHbVJrwrn5XvzrzcA,Ugy8I6XN-Len6373qGZ4AaABAg,https://www.youtube.com/watch?v=Crem8PmPDBw&lc=Ugy8I6XN-Len6373qGZ4AaABAg,These are the type of results you need to stay up in the premier league . Getting a point against one of the tougher sides in England. Well done United !,@ShawnHenderson-s3f,,548,7
YT000162,"Fulham vs Manchester United (Premier League, Matchweek 5)",Football,2026-09-20,Fulham v. Manchester United | PREMIER LEAGUE HIGHLIGHTS | 9/20/2026 | NBC Sports,Crem8PmPDBw,https://www.youtube.com/watch?v=Crem8PmPDBw,NBC Sports,UCqZQlzSHbVJrwrn5XvzrzcA,Ugxc-n6kEnY5hJGkTEh4AaABAg,https://www.youtube.com/watch?v=Crem8PmPDBw&lc=Ugxc-n6kEnY5hJGkTEh4AaABAg,Manchester United went back to Default Settings after their 3rd place finish 🙏,@RooneyprimeManUTD,,493,6
YT000163,"Fulham vs Manchester United (Premier League, Matchweek 5)",Football,2026-09-20,Fulham v. Manchester United | PREMIER LEAGUE HIGHLIGHTS | 9/20/2026 | NBC Sports,Crem8PmPDBw,https://www.youtube.com/watch?v=Crem8PmPDBw,NBC Sports,UCqZQlzSHbVJrwrn5XvzrzcA,UgztXwbXkQX2_Y93euF4AaABAg,https://www.youtube.com/watch?v=Crem8PmPDBw&lc=UgztXwbXkQX2_Y93euF4AaABAg,Talking bout “5 wins in a row” can’t even get a single win 🥳🤣🤣🤣,@Fozia-t9c,,259,4
YT000164,"Fulham vs Manchester United (Premier League, Matchweek 5)",Football,2026-09-20,Fulham v. Manchester United | PREMIER LEAGUE HIGHLIGHTS | 9/20/2026 | NBC Sports,Crem8PmPDBw,https://www.youtube.com/watch?v=Crem8PmPDBw,NBC Sports,UCqZQlzSHbVJrwrn5XvzrzcA,UgwNpW0NqQjm4Ee1JP94AaABAg,https://www.youtube.com/watch?v=Crem8PmPDBw&lc=UgwNpW0NqQjm4Ee1JP94AaABAg,Manchester United VS Tottenham someone going down 😂😂😂😂😂,@absfca,,240,5
YT000165,"Fulham vs Manchester United (Premier League, Matchweek 5)",Football,2026-09-20,Fulham v. Manchester United | PREMIER LEAGUE HIGHLIGHTS | 9/20/2026 | NBC Sports,Crem8PmPDBw,https://www.youtube.com/watch?v=Crem8PmPDBw,NBC Sports,UCqZQlzSHbVJrwrn5XvzrzcA,Ugwrmml871VEpIscIyd4AaABAg,https://www.youtube.com/watch?v=Crem8PmPDBw&lc=Ugwrmml871VEpIscIyd4AaABAg,"Bassey is starting to get back in the flow, Leno made a number of brilliant saves but supremely unlucky on that deflection. Robinson looking like he's finding form again finally.",@SanFranFan30,,57,
YT000166,"Fulham vs Manchester United (Premier League, Matchweek 5)",Football,2026-09-20,Fulham v. Manchester United | PREMIER LEAGUE HIGHLIGHTS | 9/20/2026 | NBC Sports,Crem8PmPDBw,https://www.youtube.com/watch?v=Crem8PmPDBw,NBC Sports,UCqZQlzSHbVJrwrn5XvzrzcA,UgyzC5vXvEnw6Oc0T5F4AaABAg,https://www.youtube.com/watch?v=Crem8PmPDBw&lc=UgyzC5vXvEnw6Oc0T5F4AaABAg,Nice of Fullham to give back the own goal with one of their own.,@fredjonestowns4213,,42,
YT000167,"Fulham vs Manchester United (Premier League, Matchweek 5)",Football,2026-09-20,Fulham v. Manchester United | PREMIER LEAGUE HIGHLIGHTS | 9/20/2026 | NBC Sports,Crem8PmPDBw,https://www.youtube.com/watch?v=Crem8PmPDBw,NBC Sports,UCqZQlzSHbVJrwrn5XvzrzcA,Ugw7HSrv5ohD6qrnzg94AaABAg,https://www.youtube.com/watch?v=Crem8PmPDBw&lc=Ugw7HSrv5ohD6qrnzg94AaABAg,Iwobi - put in more than a shift there. Well done.,@peterh9034,,65,
YT000168,"Fulham vs Manchester United (Premier League, Matchweek 5)",Football,2026-09-20,Fulham v. Manchester United | PREMIER LEAGUE HIGHLIGHTS | 9/20/2026 | NBC Sports,Crem8PmPDBw,https://www.youtube.com/watch?v=Crem8PmPDBw,NBC Sports,UCqZQlzSHbVJrwrn5XvzrzcA,UgxoVdrPL9uG-wYEayR4AaABAg,https://www.youtube.com/watch?v=Crem8PmPDBw&lc=UgxoVdrPL9uG-wYEayR4AaABAg,Whoever decided to cut out the celebrations and make these highlights for crisp deserves a raise,@asarubin-crump780,,83,1
YT000169,"Fulham vs Manchester United (Premier League, Matchweek 5)",Football,2026-09-20,Fulham v. Manchester United | PREMIER LEAGUE HIGHLIGHTS | 9/20/2026 | NBC Sports,Crem8PmPDBw,https://www.youtube.com/watch?v=Crem8PmPDBw,NBC Sports,UCqZQlzSHbVJrwrn5XvzrzcA,UgzMpbAXLUvGp05r8Ml4AaABAg,https://www.youtube.com/watch?v=Crem8PmPDBw&lc=UgzMpbAXLUvGp05r8Ml4AaABAg,Iwobi continues to be in his playmaker era. Lovely to see.,@ForestPantherGod,,9,
YT000170,"Fulham vs Manchester United (Premier League, Matchweek 5)",Football,2026-09-20,Fulham v. Manchester United | PREMIER LEAGUE HIGHLIGHTS | 9/20/2026 | NBC Sports,Crem8PmPDBw,https://www.youtube.com/watch?v=Crem8PmPDBw,NBC Sports,UCqZQlzSHbVJrwrn5XvzrzcA,Ugwg6wpOVaDtnrQAx014AaABAg,https://www.youtube.com/watch?v=Crem8PmPDBw&lc=Ugwg6wpOVaDtnrQAx014AaABAg,"By the way, you're supposed to score in the other teams goal",@BugattiBomb,,24,
YT000171,"Fulham vs Manchester United (Premier League, Matchweek 5)",Football,2026-09-20,Fulham v. Manchester United | PREMIER LEAGUE HIGHLIGHTS | 9/20/2026 | NBC Sports,Crem8PmPDBw,https://www.youtube.com/watch?v=Crem8PmPDBw,NBC Sports,UCqZQlzSHbVJrwrn5XvzrzcA,UgynwzxQ-yVSox9yDId4AaABAg,https://www.youtube.com/watch?v=Crem8PmPDBw&lc=UgynwzxQ-yVSox9yDId4AaABAg,Rashford coming back affected the initial team arrangements,@shefxpress,,6,
YT000172,"Fulham vs Manchester United (Premier League, Matchweek 5)",Football,2026-09-20,Fulham v. Manchester United | PREMIER LEAGUE HIGHLIGHTS | 9/20/2026 | NBC Sports,Crem8PmPDBw,https://www.youtube.com/watch?v=Crem8PmPDBw,NBC Sports,UCqZQlzSHbVJrwrn5XvzrzcA,UgxM3FcDiC9mIRatrCB4AaABAg,https://www.youtube.com/watch?v=Crem8PmPDBw&lc=UgxM3FcDiC9mIRatrCB4AaABAg,Tottenham 20th on the league table,@Sweetkwami357,,31,
YT000173,"Fulham vs Manchester United (Premier League, Matchweek 5)",Football,2026-09-20,Fulham v. Manchester United | PREMIER LEAGUE HIGHLIGHTS | 9/20/2026 | NBC Sports,Crem8PmPDBw,https://www.youtube.com/watch?v=Crem8PmPDBw,NBC Sports,UCqZQlzSHbVJrwrn5XvzrzcA,UgxQx2dk6OA_nZGd6Vt4AaABAg,https://www.youtube.com/watch?v=Crem8PmPDBw&lc=UgxQx2dk6OA_nZGd6Vt4AaABAg,i’m still astonished that united didn’t bring in any reinforcements at the back when that’s the WEAKEST area in the team,@ericlocz559,,42,4
YT000174,"Fulham vs Manchester United (Premier League, Matchweek 5)",Football,2026-09-20,Fulham v. Manchester United | PREMIER LEAGUE HIGHLIGHTS | 9/20/2026 | NBC Sports,Crem8PmPDBw,https://www.youtube.com/watch?v=Crem8PmPDBw,NBC Sports,UCqZQlzSHbVJrwrn5XvzrzcA,UgwUj2DwPhCacIyYWrp4AaABAg,https://www.youtube.com/watch?v=Crem8PmPDBw&lc=UgwUj2DwPhCacIyYWrp4AaABAg,"This is worse than the Ten Hag era. Back then, the quality of the players was questionable. This squad doesn't look bad on paper, but they still can't win...",@Klingard,,3,
YT000175,"Fulham vs Manchester United (Premier League, Matchweek 5)",Football,2026-09-20,Fulham v. Manchester United | PREMIER LEAGUE HIGHLIGHTS | 9/20/2026 | NBC Sports,Crem8PmPDBw,https://www.youtube.com/watch?v=Crem8PmPDBw,NBC Sports,UCqZQlzSHbVJrwrn5XvzrzcA,Ugzb3oMuAn_zTSEYAXJ4AaABAg,https://www.youtube.com/watch?v=Crem8PmPDBw&lc=Ugzb3oMuAn_zTSEYAXJ4AaABAg,Martínez getting mad at the keeper is absurd. lol,@CV040,,43,4
YT000176,"Fulham vs Manchester United (Premier League, Matchweek 5)",Football,2026-09-20,Fulham v. Manchester United | PREMIER LEAGUE HIGHLIGHTS | 9/20/2026 | NBC Sports,Crem8PmPDBw,https://www.youtube.com/watch?v=Crem8PmPDBw,NBC Sports,UCqZQlzSHbVJrwrn5XvzrzcA,UgyAdkI-bxrdhPLwgm94AaABAg,https://www.youtube.com/watch?v=Crem8PmPDBw&lc=UgyAdkI-bxrdhPLwgm94AaABAg,"Please send this message to Michael Carrick: the first thing please don’t influenced by social media or big players like Rashford or others. I want you bring exact formation when you first lead man united. If you want to make Rashord, Mainoo  or any other player bench /substitute don’t hesitate do it, you are there to decide, again don’t influenced by media or big former or current Man united players. The overall goal we want is man united to win each every game as much as possible. I am fun of man united and I watched man united for more than 20 years.",@bogaletessema5055,,2,
YT000177,"Manchester City vs Sunderland (Premier League, Matchweek 5)",Football,2026-09-20,Manchester City v. Sunderland | PREMIER LEAGUE HIGHLIGHTS | 9/20/2026 | NBC Sports,JXdEMD3NOOY,https://www.youtube.com/watch?v=JXdEMD3NOOY,NBC Sports,UCqZQlzSHbVJrwrn5XvzrzcA,UgzCN_o-me8aHsHCuhx4AaABAg,https://www.youtube.com/watch?v=JXdEMD3NOOY&lc=UgzCN_o-me8aHsHCuhx4AaABAg,That enzo free kick is insane🔥,@osheasmith8366,,920,17
YT000178,"Manchester City vs Sunderland (Premier League, Matchweek 5)",Football,2026-09-20,Manchester City v. Sunderland | PREMIER LEAGUE HIGHLIGHTS | 9/20/2026 | NBC Sports,JXdEMD3NOOY,https://www.youtube.com/watch?v=JXdEMD3NOOY,NBC Sports,UCqZQlzSHbVJrwrn5XvzrzcA,UgyJ9X6vTKfViXbg5DZ4AaABAg,https://www.youtube.com/watch?v=JXdEMD3NOOY&lc=UgyJ9X6vTKfViXbg5DZ4AaABAg,Brobbey is a baller 🔥🔥,@Fozia-t9c,,763,22
YT000179,"Manchester City vs Sunderland (Premier League, Matchweek 5)",Football,2026-09-20,Manchester City v. Sunderland | PREMIER LEAGUE HIGHLIGHTS | 9/20/2026 | NBC Sports,JXdEMD3NOOY,https://www.youtube.com/watch?v=JXdEMD3NOOY,NBC Sports,UCqZQlzSHbVJrwrn5XvzrzcA,Ugy8OUvwmKoJzlartoF4AaABAg,https://www.youtube.com/watch?v=JXdEMD3NOOY&lc=Ugy8OUvwmKoJzlartoF4AaABAg,Semenyo is a such a good striker of the ball. Its amazing,@georgemburu4177,,468,8
YT000180,"Manchester City vs Sunderland (Premier League, Matchweek 5)",Football,2026-09-20,Manchester City v. Sunderland | PREMIER LEAGUE HIGHLIGHTS | 9/20/2026 | NBC Sports,JXdEMD3NOOY,https://www.youtube.com/watch?v=JXdEMD3NOOY,NBC Sports,UCqZQlzSHbVJrwrn5XvzrzcA,UgzC9cX66eJcup3MBEt4AaABAg,https://www.youtube.com/watch?v=JXdEMD3NOOY&lc=UgzC9cX66eJcup3MBEt4AaABAg,A game like this makes you love football even more 🎉,@yesunewfedaku8010,,296,
YT000181,"Manchester City vs Sunderland (Premier League, Matchweek 5)",Football,2026-09-20,Manchester City v. Sunderland | PREMIER LEAGUE HIGHLIGHTS | 9/20/2026 | NBC Sports,JXdEMD3NOOY,https://www.youtube.com/watch?v=JXdEMD3NOOY,NBC Sports,UCqZQlzSHbVJrwrn5XvzrzcA,UgyIOY0p1tJB84nLnoF4AaABAg,https://www.youtube.com/watch?v=JXdEMD3NOOY&lc=UgyIOY0p1tJB84nLnoF4AaABAg,"Granit Xhaka honestly could probably still play at a top 5 club and fit in just fine.   

He looks like Kroos putting passes in",@mkhex87,,458,7
YT000182,"Manchester City vs Sunderland (Premier League, Matchweek 5)",Football,2026-09-20,Manchester City v. Sunderland | PREMIER LEAGUE HIGHLIGHTS | 9/20/2026 | NBC Sports,JXdEMD3NOOY,https://www.youtube.com/watch?v=JXdEMD3NOOY,NBC Sports,UCqZQlzSHbVJrwrn5XvzrzcA,Ugxap4n67C3wt18xnXN4AaABAg,https://www.youtube.com/watch?v=JXdEMD3NOOY&lc=Ugxap4n67C3wt18xnXN4AaABAg,The defense is very weak without Khusanov!!,@turan7024,,371,10
YT000183,"Manchester City vs Sunderland (Premier League, Matchweek 5)",Football,2026-09-20,Manchester City v. Sunderland | PREMIER LEAGUE HIGHLIGHTS | 9/20/2026 | NBC Sports,JXdEMD3NOOY,https://www.youtube.com/watch?v=JXdEMD3NOOY,NBC Sports,UCqZQlzSHbVJrwrn5XvzrzcA,Ugx9Jj1_CqitqoGO-bx4AaABAg,https://www.youtube.com/watch?v=JXdEMD3NOOY&lc=Ugx9Jj1_CqitqoGO-bx4AaABAg,8 goal game shocker!,@JayGamer-i5m,,195,
YT000184,"Manchester City vs Sunderland (Premier League, Matchweek 5)",Football,2026-09-20,Manchester City v. Sunderland | PREMIER LEAGUE HIGHLIGHTS | 9/20/2026 | NBC Sports,JXdEMD3NOOY,https://www.youtube.com/watch?v=JXdEMD3NOOY,NBC Sports,UCqZQlzSHbVJrwrn5XvzrzcA,Ugx_j52gY67xu3V0QZp4AaABAg,https://www.youtube.com/watch?v=JXdEMD3NOOY&lc=Ugx_j52gY67xu3V0QZp4AaABAg,Brian brobbery a literal rock built 👏,@ScorpioGuy2345,,68,
YT000185,"Manchester City vs Sunderland (Premier League, Matchweek 5)",Football,2026-09-20,Manchester City v. Sunderland | PREMIER LEAGUE HIGHLIGHTS | 9/20/2026 | NBC Sports,JXdEMD3NOOY,https://www.youtube.com/watch?v=JXdEMD3NOOY,NBC Sports,UCqZQlzSHbVJrwrn5XvzrzcA,UgzMqk3HT4-ePPp4t2Z4AaABAg,https://www.youtube.com/watch?v=JXdEMD3NOOY&lc=UgzMqk3HT4-ePPp4t2Z4AaABAg,What a game! Props to Sunderland for taking it to City. Some fantastic goals on both sides.,@SimcoeAce,,10,
YT000186,"Manchester City vs Sunderland (Premier League, Matchweek 5)",Football,2026-09-20,Manchester City v. Sunderland | PREMIER LEAGUE HIGHLIGHTS | 9/20/2026 | NBC Sports,JXdEMD3NOOY,https://www.youtube.com/watch?v=JXdEMD3NOOY,NBC Sports,UCqZQlzSHbVJrwrn5XvzrzcA,UgyT-QRXbjvmQ8SBZLx4AaABAg,https://www.youtube.com/watch?v=JXdEMD3NOOY&lc=UgyT-QRXbjvmQ8SBZLx4AaABAg,So great to see Doku return to the pitch!,@acidophilic,,96,2
YT000187,"Manchester City vs Sunderland (Premier League, Matchweek 5)",Football,2026-09-20,Manchester City v. Sunderland | PREMIER LEAGUE HIGHLIGHTS | 9/20/2026 | NBC Sports,JXdEMD3NOOY,https://www.youtube.com/watch?v=JXdEMD3NOOY,NBC Sports,UCqZQlzSHbVJrwrn5XvzrzcA,UgwJ3qWNO4tWEsc0j7N4AaABAg,https://www.youtube.com/watch?v=JXdEMD3NOOY&lc=UgwJ3qWNO4tWEsc0j7N4AaABAg,"Enzo Fernandes playing like he’s been here for years, incredible free kick and performance.",@FORZAMCFC,,129,
YT000188,"Manchester City vs Sunderland (Premier League, Matchweek 5)",Football,2026-09-20,Manchester City v. Sunderland | PREMIER LEAGUE HIGHLIGHTS | 9/20/2026 | NBC Sports,JXdEMD3NOOY,https://www.youtube.com/watch?v=JXdEMD3NOOY,NBC Sports,UCqZQlzSHbVJrwrn5XvzrzcA,Ugz0CE9P-VSb6zbPjn94AaABAg,https://www.youtube.com/watch?v=JXdEMD3NOOY&lc=Ugz0CE9P-VSb6zbPjn94AaABAg,that sunderland kit is class,@ykss5013,,34,
YT000189,"Manchester City vs Sunderland (Premier League, Matchweek 5)",Football,2026-09-20,Manchester City v. Sunderland | PREMIER LEAGUE HIGHLIGHTS | 9/20/2026 | NBC Sports,JXdEMD3NOOY,https://www.youtube.com/watch?v=JXdEMD3NOOY,NBC Sports,UCqZQlzSHbVJrwrn5XvzrzcA,UgyKnr6p-_GkeHU1J_R4AaABAg,https://www.youtube.com/watch?v=JXdEMD3NOOY&lc=UgyKnr6p-_GkeHU1J_R4AaABAg,"This entire match was highlights. Goals started at 8 mins mark.. and they kept scoring at regular intervals. 

Very entertaining",@AsdfghjklQwerty-i5j,,7,
YT000190,"Manchester City vs Sunderland (Premier League, Matchweek 5)",Football,2026-09-20,Manchester City v. Sunderland | PREMIER LEAGUE HIGHLIGHTS | 9/20/2026 | NBC Sports,JXdEMD3NOOY,https://www.youtube.com/watch?v=JXdEMD3NOOY,NBC Sports,UCqZQlzSHbVJrwrn5XvzrzcA,Ugy_6Bs-l-Ew2AXkfGZ4AaABAg,https://www.youtube.com/watch?v=JXdEMD3NOOY&lc=Ugy_6Bs-l-Ew2AXkfGZ4AaABAg,The passing in this game was excellent. Both teams.,@spacedhatdude,,20,
YT000191,"Manchester City vs Sunderland (Premier League, Matchweek 5)",Football,2026-09-20,Manchester City v. Sunderland | PREMIER LEAGUE HIGHLIGHTS | 9/20/2026 | NBC Sports,JXdEMD3NOOY,https://www.youtube.com/watch?v=JXdEMD3NOOY,NBC Sports,UCqZQlzSHbVJrwrn5XvzrzcA,UgyyuJtz9IOL-lyyH0x4AaABAg,https://www.youtube.com/watch?v=JXdEMD3NOOY&lc=UgyyuJtz9IOL-lyyH0x4AaABAg,"brobbey is back in form, i see sunderland bouncing back pretty well",@ikwenmusic,,84,
YT000192,"Manchester City vs Sunderland (Premier League, Matchweek 5)",Football,2026-09-20,Manchester City v. Sunderland | PREMIER LEAGUE HIGHLIGHTS | 9/20/2026 | NBC Sports,JXdEMD3NOOY,https://www.youtube.com/watch?v=JXdEMD3NOOY,NBC Sports,UCqZQlzSHbVJrwrn5XvzrzcA,UgzVujdFNcrqKvYyr_V4AaABAg,https://www.youtube.com/watch?v=JXdEMD3NOOY&lc=UgzVujdFNcrqKvYyr_V4AaABAg,Enzo out here still balling Chelsea fans mad😂😂,@gotgokued8640,,198,7
YT000193,Jannik Sinner vs Alexander Zverev (2026 Wimbledon Men’s Final),Tennis,2026-07-12,Men's Final: Jannik Sinner vs. Alexander Zverev | Full Highlights | 2026 Wimbledon,pCgcsjn2rP4,https://www.youtube.com/watch?v=pCgcsjn2rP4,ESPN,UCiWLfSweyRNmLpgEHekhoAg,UgxfWkDDKPKZJaNA-tt4AaABAg,https://www.youtube.com/watch?v=pCgcsjn2rP4&lc=UgxfWkDDKPKZJaNA-tt4AaABAg,Sinner is just incredible! Zverev just played one of the best matches of his career... and still lost.,@lob4b3n,,345,9
YT000194,Jannik Sinner vs Alexander Zverev (2026 Wimbledon Men’s Final),Tennis,2026-07-12,Men's Final: Jannik Sinner vs. Alexander Zverev | Full Highlights | 2026 Wimbledon,pCgcsjn2rP4,https://www.youtube.com/watch?v=pCgcsjn2rP4,ESPN,UCiWLfSweyRNmLpgEHekhoAg,UgzHcmGApWsRPG5I0IZ4AaABAg,https://www.youtube.com/watch?v=pCgcsjn2rP4&lc=UgzHcmGApWsRPG5I0IZ4AaABAg,"Great win by Sinner to capture his 5th major. Credit to Zverev as well, he played Sinner much tougher than his previous recent matches with him. On top of that, grass is Zverev's least favorite surface. So for him to get to the finals of Wimbledon and take a set off Sinner, is a big improvement on Zverev's part.",@FLORIDA_CARIBBEAN_PACIFIC,,257,1
YT000195,Jannik Sinner vs Alexander Zverev (2026 Wimbledon Men’s Final),Tennis,2026-07-12,Men's Final: Jannik Sinner vs. Alexander Zverev | Full Highlights | 2026 Wimbledon,pCgcsjn2rP4,https://www.youtube.com/watch?v=pCgcsjn2rP4,ESPN,UCiWLfSweyRNmLpgEHekhoAg,Ugwk10pE5sCkslFdXcp4AaABAg,https://www.youtube.com/watch?v=pCgcsjn2rP4&lc=Ugwk10pE5sCkslFdXcp4AaABAg,"This was certainly one of the best match I'd seen in a long time.
They were both magnificent and very entertaining❣❣❣❣❣❣❣❣",@mikiohirata9627,,90,
YT000196,Jannik Sinner vs Alexander Zverev (2026 Wimbledon Men’s Final),Tennis,2026-07-12,Men's Final: Jannik Sinner vs. Alexander Zverev | Full Highlights | 2026 Wimbledon,pCgcsjn2rP4,https://www.youtube.com/watch?v=pCgcsjn2rP4,ESPN,UCiWLfSweyRNmLpgEHekhoAg,UgwT5eXLet--0n8oFoV4AaABAg,https://www.youtube.com/watch?v=pCgcsjn2rP4&lc=UgwT5eXLet--0n8oFoV4AaABAg,"holy cow, Zverev's forehand was lethal, but Sinner's touch and court coverage is out of this world. Who knows how he got to those drop shots and still produced an insane shot from that position.. Both numbers 1 and 2 ranks in the world are showing.",@NikeSoccerTennis,,105,7
YT000197,Jannik Sinner vs Alexander Zverev (2026 Wimbledon Men’s Final),Tennis,2026-07-12,Men's Final: Jannik Sinner vs. Alexander Zverev | Full Highlights | 2026 Wimbledon,pCgcsjn2rP4,https://www.youtube.com/watch?v=pCgcsjn2rP4,ESPN,UCiWLfSweyRNmLpgEHekhoAg,UgwfGIPy-Kpl50HwziV4AaABAg,https://www.youtube.com/watch?v=pCgcsjn2rP4&lc=UgwfGIPy-Kpl50HwziV4AaABAg,In That last game (30 all )point unbelievable,@scotthorn3381,,57,2
YT000198,Jannik Sinner vs Alexander Zverev (2026 Wimbledon Men’s Final),Tennis,2026-07-12,Men's Final: Jannik Sinner vs. Alexander Zverev | Full Highlights | 2026 Wimbledon,pCgcsjn2rP4,https://www.youtube.com/watch?v=pCgcsjn2rP4,ESPN,UCiWLfSweyRNmLpgEHekhoAg,UgxLF4o_bkmWk7G4AEZ4AaABAg,https://www.youtube.com/watch?v=pCgcsjn2rP4&lc=UgxLF4o_bkmWk7G4AEZ4AaABAg,Zverev should be proud of himself amazing run at Wimby,@Flootyy,,269,9
YT000199,Jannik Sinner vs Alexander Zverev (2026 Wimbledon Men’s Final),Tennis,2026-07-12,Men's Final: Jannik Sinner vs. Alexander Zverev | Full Highlights | 2026 Wimbledon,pCgcsjn2rP4,https://www.youtube.com/watch?v=pCgcsjn2rP4,ESPN,UCiWLfSweyRNmLpgEHekhoAg,UgzwegMFreCO5SKibql4AaABAg,https://www.youtube.com/watch?v=pCgcsjn2rP4&lc=UgzwegMFreCO5SKibql4AaABAg,Congrats to Sinner! He's an elit tennis player! I hope Alcaraz comes back soon an let us watch amazing matches against Sinner. They're both amazing!,@bluemetalk,,42,2
YT000200,Jannik Sinner vs Alexander Zverev (2026 Wimbledon Men’s Final),Tennis,2026-07-12,Men's Final: Jannik Sinner vs. Alexander Zverev | Full Highlights | 2026 Wimbledon,pCgcsjn2rP4,https://www.youtube.com/watch?v=pCgcsjn2rP4,ESPN,UCiWLfSweyRNmLpgEHekhoAg,UgycNsapKXdx4p_8woB4AaABAg,https://www.youtube.com/watch?v=pCgcsjn2rP4&lc=UgycNsapKXdx4p_8woB4AaABAg,Two of the best men's tennis players in 2026.  I don't want to watch anything less than these two tennis players.,@Jo_glorified_bus_driver,,11,
YT000201,Jannik Sinner vs Alexander Zverev (2026 Wimbledon Men’s Final),Tennis,2026-07-12,Men's Final: Jannik Sinner vs. Alexander Zverev | Full Highlights | 2026 Wimbledon,pCgcsjn2rP4,https://www.youtube.com/watch?v=pCgcsjn2rP4,ESPN,UCiWLfSweyRNmLpgEHekhoAg,Ugxkk5X69wqY9bDw6ad4AaABAg,https://www.youtube.com/watch?v=pCgcsjn2rP4&lc=Ugxkk5X69wqY9bDw6ad4AaABAg,"Zverev played arguably the best set of his career, and won it by no more than a single mini-break. Sinner relentlessly makes you earn every point. 
With Djokovic, the best returner in history, claiming Sinner's first serve (and second) are now near unreturnable since he changed his motion, Alcaraz may be limited to tie-breaks to defeat him if he can hold his own serve. Will be quite a puzzle for the Alcaraz Team to solve when Carlitos returns.",@gto6254,,14,1
YT000202,Jannik Sinner vs Alexander Zverev (2026 Wimbledon Men’s Final),Tennis,2026-07-12,Men's Final: Jannik Sinner vs. Alexander Zverev | Full Highlights | 2026 Wimbledon,pCgcsjn2rP4,https://www.youtube.com/watch?v=pCgcsjn2rP4,ESPN,UCiWLfSweyRNmLpgEHekhoAg,Ugy4-3MFwpMjIGdyvXZ4AaABAg,https://www.youtube.com/watch?v=pCgcsjn2rP4&lc=Ugy4-3MFwpMjIGdyvXZ4AaABAg,Amazing high quality play by both guys. Sinner is so good with standing all the heat from Zverev. What a great number 1.,@hanpa6052,,16,2
YT000203,Jannik Sinner vs Alexander Zverev (2026 Wimbledon Men’s Final),Tennis,2026-07-12,Men's Final: Jannik Sinner vs. Alexander Zverev | Full Highlights | 2026 Wimbledon,pCgcsjn2rP4,https://www.youtube.com/watch?v=pCgcsjn2rP4,ESPN,UCiWLfSweyRNmLpgEHekhoAg,UgxfctKCdmKlSPGJWVp4AaABAg,https://www.youtube.com/watch?v=pCgcsjn2rP4&lc=UgxfctKCdmKlSPGJWVp4AaABAg,Respect to Zverev. I expected him to play freely after finally winning a slam and be in his first wimbledon final and he did just that. He played an amazing first set and 2nd set with amazing service games and aggressively finishing points. It was amazing to see from him however his armor started to break once sinner found some momentum and 2 breaks of service was all that was needed. But other than that both players played to their strengths especially on their service. Zverev definitely can't be dissapointed having Sinner on the ropes here and there and especially already won a slam and being a finalist at wimdledon. I hope he continues to bring this confidence to the hard courts,@Eugene19-c3m,,9,1
YT000204,Jannik Sinner vs Alexander Zverev (2026 Wimbledon Men’s Final),Tennis,2026-07-12,Men's Final: Jannik Sinner vs. Alexander Zverev | Full Highlights | 2026 Wimbledon,pCgcsjn2rP4,https://www.youtube.com/watch?v=pCgcsjn2rP4,ESPN,UCiWLfSweyRNmLpgEHekhoAg,Ugyd488NlCuQTLLArHR4AaABAg,https://www.youtube.com/watch?v=pCgcsjn2rP4&lc=Ugyd488NlCuQTLLArHR4AaABAg,Valiant fight by Zverev.  Gotta tip your hat to Sinner.  Too good when it mattered most.,@jamievidd775,,14,1
YT000205,Jannik Sinner vs Alexander Zverev (2026 Wimbledon Men’s Final),Tennis,2026-07-12,Men's Final: Jannik Sinner vs. Alexander Zverev | Full Highlights | 2026 Wimbledon,pCgcsjn2rP4,https://www.youtube.com/watch?v=pCgcsjn2rP4,ESPN,UCiWLfSweyRNmLpgEHekhoAg,UgxUt3WilKiQ0MUcQz14AaABAg,https://www.youtube.com/watch?v=pCgcsjn2rP4&lc=UgxUt3WilKiQ0MUcQz14AaABAg,"I have to give Zverev credit; he definitely competed, and even though he lost in 4,  it was only maybe 3-5 points total that made the difference!!! Deservingly so, he is a Grand Slam champion, and showed why this match.",@yoshikay8787,,4,
YT000206,Jannik Sinner vs Alexander Zverev (2026 Wimbledon Men’s Final),Tennis,2026-07-12,Men's Final: Jannik Sinner vs. Alexander Zverev | Full Highlights | 2026 Wimbledon,pCgcsjn2rP4,https://www.youtube.com/watch?v=pCgcsjn2rP4,ESPN,UCiWLfSweyRNmLpgEHekhoAg,Ugx9TCdM4rUSX9SvfDx4AaABAg,https://www.youtube.com/watch?v=pCgcsjn2rP4&lc=Ugx9TCdM4rUSX9SvfDx4AaABAg,"Sinner and Zverev both slipping, and falling to the surface. One had the complete plan in place. Kudos to the Sinner team one and all!",@jwaterous224,,11,
YT000207,Jannik Sinner vs Alexander Zverev (2026 Wimbledon Men’s Final),Tennis,2026-07-12,Men's Final: Jannik Sinner vs. Alexander Zverev | Full Highlights | 2026 Wimbledon,pCgcsjn2rP4,https://www.youtube.com/watch?v=pCgcsjn2rP4,ESPN,UCiWLfSweyRNmLpgEHekhoAg,UgxvG4y6S4VdJLcWlSR4AaABAg,https://www.youtube.com/watch?v=pCgcsjn2rP4&lc=UgxvG4y6S4VdJLcWlSR4AaABAg,Such a nice change no grunting or immature players just pure power tennis!,@Greg-e2e1m,,117,11
YT000208,Jannik Sinner vs Alexander Zverev (2026 Wimbledon Men’s Final),Tennis,2026-07-12,Men's Final: Jannik Sinner vs. Alexander Zverev | Full Highlights | 2026 Wimbledon,pCgcsjn2rP4,https://www.youtube.com/watch?v=pCgcsjn2rP4,ESPN,UCiWLfSweyRNmLpgEHekhoAg,Ugy05W6yrbP4_goi3794AaABAg,https://www.youtube.com/watch?v=pCgcsjn2rP4&lc=Ugy05W6yrbP4_goi3794AaABAg,"I’ve never been huge on zverev but I was rooting for him here. Seeing him play much better taking more risks since his French win, seeing him win a major on his worst surface vs the guy that historically obliterates him would’ve been a cool story. He lost but he did really well still gg",@awarmsoup,,6,
YT000209,Jannik Sinner vs Alexander Zverev (2026 Wimbledon Men’s Final),Tennis,2026-07-12,An UNFORGETTABLE Final! | Jannik Sinner vs Alexander Zverev | Extended Highlights | Wimbledon 2026,t88oAZbdtX8,https://www.youtube.com/watch?v=t88oAZbdtX8,Wimbledon,UCNa8NxMgSm7m4Ii9d4QGk1Q,UgyCqm66h7SF0vra8-F4AaABAg,https://www.youtube.com/watch?v=t88oAZbdtX8&lc=UgyCqm66h7SF0vra8-F4AaABAg,Wimbledon is the only tournament that begins on grass and ends on sand.,@001697556,,805,4
YT000210,Jannik Sinner vs Alexander Zverev (2026 Wimbledon Men’s Final),Tennis,2026-07-12,An UNFORGETTABLE Final! | Jannik Sinner vs Alexander Zverev | Extended Highlights | Wimbledon 2026,t88oAZbdtX8,https://www.youtube.com/watch?v=t88oAZbdtX8,Wimbledon,UCNa8NxMgSm7m4Ii9d4QGk1Q,UgySwIlSrJpFtkKLL7h4AaABAg,https://www.youtube.com/watch?v=t88oAZbdtX8&lc=UgySwIlSrJpFtkKLL7h4AaABAg,"Zverev improved a lot. Higher confidence after winning RG.
Sinner level.insane for the title",@Idemofit,,484,
YT000211,Jannik Sinner vs Alexander Zverev (2026 Wimbledon Men’s Final),Tennis,2026-07-12,An UNFORGETTABLE Final! | Jannik Sinner vs Alexander Zverev | Extended Highlights | Wimbledon 2026,t88oAZbdtX8,https://www.youtube.com/watch?v=t88oAZbdtX8,Wimbledon,UCNa8NxMgSm7m4Ii9d4QGk1Q,Ugw705A_yQgM_lbhpBp4AaABAg,https://www.youtube.com/watch?v=t88oAZbdtX8&lc=Ugw705A_yQgM_lbhpBp4AaABAg,"I appreciate that Wimbledon finally joined the 21st Century.  
Much better highlights this year.",@rocketRobScott,,493,5
YT000212,Jannik Sinner vs Alexander Zverev (2026 Wimbledon Men’s Final),Tennis,2026-07-12,An UNFORGETTABLE Final! | Jannik Sinner vs Alexander Zverev | Extended Highlights | Wimbledon 2026,t88oAZbdtX8,https://www.youtube.com/watch?v=t88oAZbdtX8,Wimbledon,UCNa8NxMgSm7m4Ii9d4QGk1Q,UgySUXWZForI2iBjAxx4AaABAg,https://www.youtube.com/watch?v=t88oAZbdtX8&lc=UgySUXWZForI2iBjAxx4AaABAg,"Zverev raise the game 
And sinner went one level up 
Once again 
Incredible",@davidebugatti,,187,
YT000213,Jannik Sinner vs Alexander Zverev (2026 Wimbledon Men’s Final),Tennis,2026-07-12,An UNFORGETTABLE Final! | Jannik Sinner vs Alexander Zverev | Extended Highlights | Wimbledon 2026,t88oAZbdtX8,https://www.youtube.com/watch?v=t88oAZbdtX8,Wimbledon,UCNa8NxMgSm7m4Ii9d4QGk1Q,Ugy1h8Ui4ptn0TiI9ZN4AaABAg,https://www.youtube.com/watch?v=t88oAZbdtX8&lc=Ugy1h8Ui4ptn0TiI9ZN4AaABAg,"At this level, Sinner is unbeatable.",@moneychamp9457,,97,1
YT000214,Jannik Sinner vs Alexander Zverev (2026 Wimbledon Men’s Final),Tennis,2026-07-12,An UNFORGETTABLE Final! | Jannik Sinner vs Alexander Zverev | Extended Highlights | Wimbledon 2026,t88oAZbdtX8,https://www.youtube.com/watch?v=t88oAZbdtX8,Wimbledon,UCNa8NxMgSm7m4Ii9d4QGk1Q,UgxqeJGsILs-Brn9rMp4AaABAg,https://www.youtube.com/watch?v=t88oAZbdtX8&lc=UgxqeJGsILs-Brn9rMp4AaABAg,"Its incredible to think that Zverev played at the highest possible level. He went out of his comfort zone , took risks , served brilliantly, went for winners instead of dragging the rallies. But still couldn't even break Sinners serve. Zverev came out with a fantastic gameplan and played lights out tennis. Sinner was also surprised with Zverevs level and took little more time than usual to figure him out. In the process Zverev won the 1st set tiebreaker. Second set onwards,  Sinner started to read the serve well, returned much better and deep and overall raised his level. As a result Zverev started fading when Sinner figured him out and got checkmate. It was a memorable final kind of a chess match.. but the bottomline is - Even Zverev's best level is not enough to beat Sinner...",@hritabratalahiri4852,,43,
YT000215,Jannik Sinner vs Alexander Zverev (2026 Wimbledon Men’s Final),Tennis,2026-07-12,An UNFORGETTABLE Final! | Jannik Sinner vs Alexander Zverev | Extended Highlights | Wimbledon 2026,t88oAZbdtX8,https://www.youtube.com/watch?v=t88oAZbdtX8,Wimbledon,UCNa8NxMgSm7m4Ii9d4QGk1Q,Ugw7pFowVeajf1P9UwB4AaABAg,https://www.youtube.com/watch?v=t88oAZbdtX8&lc=Ugw7pFowVeajf1P9UwB4AaABAg,Sinners game today was incredible. I'm not sure healthy Carlos could have beaten him today. Absolutely incredible.,@craig.tanner,,358,12
YT000216,Jannik Sinner vs Alexander Zverev (2026 Wimbledon Men’s Final),Tennis,2026-07-12,An UNFORGETTABLE Final! | Jannik Sinner vs Alexander Zverev | Extended Highlights | Wimbledon 2026,t88oAZbdtX8,https://www.youtube.com/watch?v=t88oAZbdtX8,Wimbledon,UCNa8NxMgSm7m4Ii9d4QGk1Q,UgwOAxjUP2d28CWei4x4AaABAg,https://www.youtube.com/watch?v=t88oAZbdtX8&lc=UgwOAxjUP2d28CWei4x4AaABAg,Insane level from both.,@speedmishra13,,203,
YT000217,Jannik Sinner vs Alexander Zverev (2026 Wimbledon Men’s Final),Tennis,2026-07-12,An UNFORGETTABLE Final! | Jannik Sinner vs Alexander Zverev | Extended Highlights | Wimbledon 2026,t88oAZbdtX8,https://www.youtube.com/watch?v=t88oAZbdtX8,Wimbledon,UCNa8NxMgSm7m4Ii9d4QGk1Q,Ugyns8XvBZ5ccKXmanR4AaABAg,https://www.youtube.com/watch?v=t88oAZbdtX8&lc=Ugyns8XvBZ5ccKXmanR4AaABAg,"Just like last year, Sinner drops the first set, but locks in to get the next 3.  Great match!",@ToiletGamer_123,,78,
YT000218,Jannik Sinner vs Alexander Zverev (2026 Wimbledon Men’s Final),Tennis,2026-07-12,An UNFORGETTABLE Final! | Jannik Sinner vs Alexander Zverev | Extended Highlights | Wimbledon 2026,t88oAZbdtX8,https://www.youtube.com/watch?v=t88oAZbdtX8,Wimbledon,UCNa8NxMgSm7m4Ii9d4QGk1Q,UgyTuplf8JZohWO15b54AaABAg,https://www.youtube.com/watch?v=t88oAZbdtX8&lc=UgyTuplf8JZohWO15b54AaABAg,"Sinner in top form might be unbeatable, fair play to Zverev. Great match 👌",@connorsuddes7965,,32,
YT000219,Jannik Sinner vs Alexander Zverev (2026 Wimbledon Men’s Final),Tennis,2026-07-12,An UNFORGETTABLE Final! | Jannik Sinner vs Alexander Zverev | Extended Highlights | Wimbledon 2026,t88oAZbdtX8,https://www.youtube.com/watch?v=t88oAZbdtX8,Wimbledon,UCNa8NxMgSm7m4Ii9d4QGk1Q,Ugz3HUomdlrc-GwcAMV4AaABAg,https://www.youtube.com/watch?v=t88oAZbdtX8&lc=Ugz3HUomdlrc-GwcAMV4AaABAg,that point at 9:00 says it all. how sinner turns extreme defence into prime position and then wins the point on the net. brilliant footwork and speed,@zakariaez497,,12,
YT000220,Jannik Sinner vs Alexander Zverev (2026 Wimbledon Men’s Final),Tennis,2026-07-12,An UNFORGETTABLE Final! | Jannik Sinner vs Alexander Zverev | Extended Highlights | Wimbledon 2026,t88oAZbdtX8,https://www.youtube.com/watch?v=t88oAZbdtX8,Wimbledon,UCNa8NxMgSm7m4Ii9d4QGk1Q,UgyVYiPE94DSHQDZzaF4AaABAg,https://www.youtube.com/watch?v=t88oAZbdtX8&lc=UgyVYiPE94DSHQDZzaF4AaABAg,Sinner‘s foot work is crazy good,@Sgbx-n5n,,14,
YT000221,Jannik Sinner vs Alexander Zverev (2026 Wimbledon Men’s Final),Tennis,2026-07-12,An UNFORGETTABLE Final! | Jannik Sinner vs Alexander Zverev | Extended Highlights | Wimbledon 2026,t88oAZbdtX8,https://www.youtube.com/watch?v=t88oAZbdtX8,Wimbledon,UCNa8NxMgSm7m4Ii9d4QGk1Q,UgytdpXrjLX_Uc2D_Yd4AaABAg,https://www.youtube.com/watch?v=t88oAZbdtX8&lc=UgytdpXrjLX_Uc2D_Yd4AaABAg,"Despite the temporary setback, Sinner never flinched, remaining rock-solid; and the moment his opponent showed the slightest sign of weakness, he tore him apart. Impressive.",@lfhghbjn,,30,
YT000222,Jannik Sinner vs Alexander Zverev (2026 Wimbledon Men’s Final),Tennis,2026-07-12,An UNFORGETTABLE Final! | Jannik Sinner vs Alexander Zverev | Extended Highlights | Wimbledon 2026,t88oAZbdtX8,https://www.youtube.com/watch?v=t88oAZbdtX8,Wimbledon,UCNa8NxMgSm7m4Ii9d4QGk1Q,Ugy34NyNHlMx3hEZpWl4AaABAg,https://www.youtube.com/watch?v=t88oAZbdtX8&lc=Ugy34NyNHlMx3hEZpWl4AaABAg,"Sinner defensive game, counter punching & his creativity & total control in the short game, doing & responding to stop balls & having the full control on where to place the shot rushing to the net is what impresses me most",@Hammarby1000,,54,1
YT000223,Jannik Sinner vs Alexander Zverev (2026 Wimbledon Men’s Final),Tennis,2026-07-12,An UNFORGETTABLE Final! | Jannik Sinner vs Alexander Zverev | Extended Highlights | Wimbledon 2026,t88oAZbdtX8,https://www.youtube.com/watch?v=t88oAZbdtX8,Wimbledon,UCNa8NxMgSm7m4Ii9d4QGk1Q,UgyW6hYFWK2r-rq8qht4AaABAg,https://www.youtube.com/watch?v=t88oAZbdtX8&lc=UgyW6hYFWK2r-rq8qht4AaABAg,Happy for Jannik Sinner. He defends his Wimbledon title with a class.,@deanryanmartin,,30,
YT000224,Jannik Sinner vs Alexander Zverev (2026 Wimbledon Men’s Final),Tennis,2026-07-12,An UNFORGETTABLE Final! | Jannik Sinner vs Alexander Zverev | Extended Highlights | Wimbledon 2026,t88oAZbdtX8,https://www.youtube.com/watch?v=t88oAZbdtX8,Wimbledon,UCNa8NxMgSm7m4Ii9d4QGk1Q,UgzXcJ1dyNYeovg10aV4AaABAg,https://www.youtube.com/watch?v=t88oAZbdtX8&lc=UgzXcJ1dyNYeovg10aV4AaABAg,"Congrats to both. Way to go Sinner, back to back Wimbledon titles and so deserved.",@Jukka70,,97,
YT000225,Serena Williams vs Maya Joint (2026 Wimbledon),Tennis,,SERENA WILLIAMS RETURNS against Maya Joint 🎾 | Full Highlights | 2026 Wimbledon,D3itXZpVdgU,https://www.youtube.com/watch?v=D3itXZpVdgU,ESPN,UCiWLfSweyRNmLpgEHekhoAg,UgzpBbqFIbyUOuHv6xF4AaABAg,https://www.youtube.com/watch?v=D3itXZpVdgU&lc=UgzpBbqFIbyUOuHv6xF4AaABAg,What a mature 20 year old young woman. She didn’t look overwhelmed and believed in herself. Well done Maya!,@MichaeltheSatanSlayer,,258,26
YT000226,Serena Williams vs Maya Joint (2026 Wimbledon),Tennis,,SERENA WILLIAMS RETURNS against Maya Joint 🎾 | Full Highlights | 2026 Wimbledon,D3itXZpVdgU,https://www.youtube.com/watch?v=D3itXZpVdgU,ESPN,UCiWLfSweyRNmLpgEHekhoAg,UgylvKfAT1aywOW2D3F4AaABAg,https://www.youtube.com/watch?v=D3itXZpVdgU&lc=UgylvKfAT1aywOW2D3F4AaABAg,"For not playing a singles match in almost four years, this was impressive!!! I knew Joint would be a tough opponent, congrats to her!!",@gmansp77,,323,36
YT000227,Serena Williams vs Maya Joint (2026 Wimbledon),Tennis,,SERENA WILLIAMS RETURNS against Maya Joint 🎾 | Full Highlights | 2026 Wimbledon,D3itXZpVdgU,https://www.youtube.com/watch?v=D3itXZpVdgU,ESPN,UCiWLfSweyRNmLpgEHekhoAg,Ugx0pE307LbJue1ajtB4AaABAg,https://www.youtube.com/watch?v=D3itXZpVdgU&lc=Ugx0pE307LbJue1ajtB4AaABAg,She didn't play too badly for being away from the game for four years. Always a champion! 🏆,@elistrauf,,90,
YT000228,Serena Williams vs Maya Joint (2026 Wimbledon),Tennis,,SERENA WILLIAMS RETURNS against Maya Joint 🎾 | Full Highlights | 2026 Wimbledon,D3itXZpVdgU,https://www.youtube.com/watch?v=D3itXZpVdgU,ESPN,UCiWLfSweyRNmLpgEHekhoAg,UgxSl_0SAoc7lKw4dUh4AaABAg,https://www.youtube.com/watch?v=D3itXZpVdgU&lc=UgxSl_0SAoc7lKw4dUh4AaABAg,"Congratulations, Maya! Focus on your next round!",@dragon25-x4x,,52,1
YT000229,Serena Williams vs Maya Joint (2026 Wimbledon),Tennis,,SERENA WILLIAMS RETURNS against Maya Joint 🎾 | Full Highlights | 2026 Wimbledon,D3itXZpVdgU,https://www.youtube.com/watch?v=D3itXZpVdgU,ESPN,UCiWLfSweyRNmLpgEHekhoAg,UgzLJ5DTW0td-YAnh1R4AaABAg,https://www.youtube.com/watch?v=D3itXZpVdgU&lc=UgzLJ5DTW0td-YAnh1R4AaABAg,"Maya Joint has such an elegant but lethal style, first time watching her and am very impressed, so much potential.",@Prehension7,,36,4
YT000230,Serena Williams vs Maya Joint (2026 Wimbledon),Tennis,,SERENA WILLIAMS RETURNS against Maya Joint 🎾 | Full Highlights | 2026 Wimbledon,D3itXZpVdgU,https://www.youtube.com/watch?v=D3itXZpVdgU,ESPN,UCiWLfSweyRNmLpgEHekhoAg,UgwM7ok5WDEBd0eZGzp4AaABAg,https://www.youtube.com/watch?v=D3itXZpVdgU&lc=UgwM7ok5WDEBd0eZGzp4AaABAg,"The pressure on Maya's shoes , oh my lord, it probably feels like the finals for her just to play serena, all the nerves man, im so proud of her handling it and even winning this match. I've always enjoyed maya's game, she has a top 10 quality in her game. good job joint",@donvillacorta,,10,
YT000231,Serena Williams vs Maya Joint (2026 Wimbledon),Tennis,,SERENA WILLIAMS RETURNS against Maya Joint 🎾 | Full Highlights | 2026 Wimbledon,D3itXZpVdgU,https://www.youtube.com/watch?v=D3itXZpVdgU,ESPN,UCiWLfSweyRNmLpgEHekhoAg,Ugy7ltqLMP4GvfIwRwF4AaABAg,https://www.youtube.com/watch?v=D3itXZpVdgU&lc=Ugy7ltqLMP4GvfIwRwF4AaABAg,Great for Maya ! She’s. A strong player!  Admired her for years,@janemorbaofficial,,50,
YT000232,Serena Williams vs Maya Joint (2026 Wimbledon),Tennis,,SERENA WILLIAMS RETURNS against Maya Joint 🎾 | Full Highlights | 2026 Wimbledon,D3itXZpVdgU,https://www.youtube.com/watch?v=D3itXZpVdgU,ESPN,UCiWLfSweyRNmLpgEHekhoAg,Ugxgsr5BJt3tRh_ohvZ4AaABAg,https://www.youtube.com/watch?v=D3itXZpVdgU&lc=Ugxgsr5BJt3tRh_ohvZ4AaABAg,just saw that entire match .. Really great battle between them. ❤❤😊😊,@donnie6178,,27,
YT000233,Serena Williams vs Maya Joint (2026 Wimbledon),Tennis,,SERENA WILLIAMS RETURNS against Maya Joint 🎾 | Full Highlights | 2026 Wimbledon,D3itXZpVdgU,https://www.youtube.com/watch?v=D3itXZpVdgU,ESPN,UCiWLfSweyRNmLpgEHekhoAg,Ugx03pFdb-mOLO7JHwx4AaABAg,https://www.youtube.com/watch?v=D3itXZpVdgU&lc=Ugx03pFdb-mOLO7JHwx4AaABAg,You can tell Serena went on that court for the adrenaline rush. Good job SW and Maya!,@saltiestalexxx,,144,6
YT000234,Serena Williams vs Maya Joint (2026 Wimbledon),Tennis,,SERENA WILLIAMS RETURNS against Maya Joint 🎾 | Full Highlights | 2026 Wimbledon,D3itXZpVdgU,https://www.youtube.com/watch?v=D3itXZpVdgU,ESPN,UCiWLfSweyRNmLpgEHekhoAg,UgyVo2KGcBcqz0587P14AaABAg,https://www.youtube.com/watch?v=D3itXZpVdgU&lc=UgyVo2KGcBcqz0587P14AaABAg,"Joint did her thing. She's sneaky explosive. Very economical. I'm not at all upset with Serena's play. She'll probably never get all her speed back, but she'll get a little smoother and anticipate better if she decides to play a few more tournaments.",@jamesmartin9401,,6,
YT000235,Serena Williams vs Maya Joint (2026 Wimbledon),Tennis,,SERENA WILLIAMS RETURNS against Maya Joint 🎾 | Full Highlights | 2026 Wimbledon,D3itXZpVdgU,https://www.youtube.com/watch?v=D3itXZpVdgU,ESPN,UCiWLfSweyRNmLpgEHekhoAg,Ugz7FVybA3hzaBhwwG54AaABAg,https://www.youtube.com/watch?v=D3itXZpVdgU&lc=Ugz7FVybA3hzaBhwwG54AaABAg,14:54 This missed opportunity of Williams to get a 3-1 lead had a huge psychological impact.,@HenriLaporte-kv6qq,,125,19
YT000236,Serena Williams vs Maya Joint (2026 Wimbledon),Tennis,,SERENA WILLIAMS RETURNS against Maya Joint 🎾 | Full Highlights | 2026 Wimbledon,D3itXZpVdgU,https://www.youtube.com/watch?v=D3itXZpVdgU,ESPN,UCiWLfSweyRNmLpgEHekhoAg,UgzdisR6Z-xYjiOYHZJ4AaABAg,https://www.youtube.com/watch?v=D3itXZpVdgU&lc=UgzdisR6Z-xYjiOYHZJ4AaABAg,"Well done to both ladies.  Excellent effort by Serena given the circumstances, and a fabulous performance by Maya given the pressure and spotlight.",@gallopingnuns6732,,60,4
YT000237,Serena Williams vs Maya Joint (2026 Wimbledon),Tennis,,SERENA WILLIAMS RETURNS against Maya Joint 🎾 | Full Highlights | 2026 Wimbledon,D3itXZpVdgU,https://www.youtube.com/watch?v=D3itXZpVdgU,ESPN,UCiWLfSweyRNmLpgEHekhoAg,UgyreDUWwMYLOtXHnqt4AaABAg,https://www.youtube.com/watch?v=D3itXZpVdgU&lc=UgyreDUWwMYLOtXHnqt4AaABAg,"Could someone please give Maya Joint some credit.   There was huge pressure on her.   Never played on a big center court before.  The whole stadium cheered every point she lots, etc.",@tennissir1986,,237,21
YT000238,Serena Williams vs Maya Joint (2026 Wimbledon),Tennis,,SERENA WILLIAMS RETURNS against Maya Joint 🎾 | Full Highlights | 2026 Wimbledon,D3itXZpVdgU,https://www.youtube.com/watch?v=D3itXZpVdgU,ESPN,UCiWLfSweyRNmLpgEHekhoAg,UgxW5uotCTuFHfzqICR4AaABAg,https://www.youtube.com/watch?v=D3itXZpVdgU&lc=UgxW5uotCTuFHfzqICR4AaABAg,"That's crazy, she debuted in 98.  I was two years out of high school.  Amazing run for her, and she honestly looked better than I thought she would.",@gregspauldini3139,,30,1
YT000239,Serena Williams vs Maya Joint (2026 Wimbledon),Tennis,,SERENA WILLIAMS RETURNS against Maya Joint 🎾 | Full Highlights | 2026 Wimbledon,D3itXZpVdgU,https://www.youtube.com/watch?v=D3itXZpVdgU,ESPN,UCiWLfSweyRNmLpgEHekhoAg,UgzfdbmrRrHZEqQL8st4AaABAg,https://www.youtube.com/watch?v=D3itXZpVdgU&lc=UgzfdbmrRrHZEqQL8st4AaABAg,Great Job Maya!!!!!!!!!!,@BK-nj1xq,,64,
YT000240,Serena Williams vs Maya Joint (2026 Wimbledon),Tennis,,SERENA WILLIAMS RETURNS against Maya Joint 🎾 | Full Highlights | 2026 Wimbledon,D3itXZpVdgU,https://www.youtube.com/watch?v=D3itXZpVdgU,ESPN,UCiWLfSweyRNmLpgEHekhoAg,UgwxklGXkjw2Nn-8w9R4AaABAg,https://www.youtube.com/watch?v=D3itXZpVdgU&lc=UgwxklGXkjw2Nn-8w9R4AaABAg,fabulous match in such a setting - a lifetime win for the delightful Maya against the magnificent Serena . bravo both.,@mc.intoshartsmedia4950,, ,
YT000241,Jannik Sinner vs Novak Djokovic (2026 Wimbledon Semifinal),Tennis,,Sensational Sinner storms to Final! | Jannik Sinner vs Novak Djokovic | Highlights | Wimbledon 2026,N5OguIayQME,https://www.youtube.com/watch?v=N5OguIayQME,Wimbledon,UCNa8NxMgSm7m4Ii9d4QGk1Q,UgxQlhcBEiTj7K_RSNh4AaABAg,https://www.youtube.com/watch?v=N5OguIayQME&lc=UgxQlhcBEiTj7K_RSNh4AaABAg,Sinner is so impressive when he's playing at his best—wow. Congratulations also to Djokovic on a magnificent run for a 39-year-old; nothing but respect.,@jonathanbompema2122,,1.1K,43
YT000242,Jannik Sinner vs Novak Djokovic (2026 Wimbledon Semifinal),Tennis,,Sensational Sinner storms to Final! | Jannik Sinner vs Novak Djokovic | Highlights | Wimbledon 2026,N5OguIayQME,https://www.youtube.com/watch?v=N5OguIayQME,Wimbledon,UCNa8NxMgSm7m4Ii9d4QGk1Q,UgzinZRuwf3Gg3roGm94AaABAg,https://www.youtube.com/watch?v=N5OguIayQME&lc=UgzinZRuwf3Gg3roGm94AaABAg,"I like Sinner. There is something old school about his style that harks back to a bygone era of guile, skill, good manners and grace unlike many of the muscle heads that pound the modern game with their clubs.",@MartinJG100,,59,6
YT000243,Jannik Sinner vs Novak Djokovic (2026 Wimbledon Semifinal),Tennis,,Sensational Sinner storms to Final! | Jannik Sinner vs Novak Djokovic | Highlights | Wimbledon 2026,N5OguIayQME,https://www.youtube.com/watch?v=N5OguIayQME,Wimbledon,UCNa8NxMgSm7m4Ii9d4QGk1Q,UgxQS_Y_wk1oqVMp0s14AaABAg,https://www.youtube.com/watch?v=N5OguIayQME&lc=UgxQS_Y_wk1oqVMp0s14AaABAg,The commentator was right: this guy is here to stay for a long time.❤❤❤,@fatmirsefaj4518,,31,
YT000244,Jannik Sinner vs Novak Djokovic (2026 Wimbledon Semifinal),Tennis,,Sensational Sinner storms to Final! | Jannik Sinner vs Novak Djokovic | Highlights | Wimbledon 2026,N5OguIayQME,https://www.youtube.com/watch?v=N5OguIayQME,Wimbledon,UCNa8NxMgSm7m4Ii9d4QGk1Q,UgxG-uwmmaDjoM-8FYp4AaABAg,https://www.youtube.com/watch?v=N5OguIayQME&lc=UgxG-uwmmaDjoM-8FYp4AaABAg,The monster is back... unbelievable,@IlDiego442,,620,16
YT000245,Jannik Sinner vs Novak Djokovic (2026 Wimbledon Semifinal),Tennis,,Sensational Sinner storms to Final! | Jannik Sinner vs Novak Djokovic | Highlights | Wimbledon 2026,N5OguIayQME,https://www.youtube.com/watch?v=N5OguIayQME,Wimbledon,UCNa8NxMgSm7m4Ii9d4QGk1Q,UgyiGmnwdnI9Moav4dB4AaABAg,https://www.youtube.com/watch?v=N5OguIayQME&lc=UgyiGmnwdnI9Moav4dB4AaABAg,The reason Djokovic beat Sinner in AO is because Sinner was sick. In no world Djokovic is able to beat fit and healthy Sinner any more anywhere. That time has unfortunately passed in 2023. Much love ❤,@KatieLynnKettyle1989,,13,1
YT000246,Jannik Sinner vs Novak Djokovic (2026 Wimbledon Semifinal),Tennis,,Sensational Sinner storms to Final! | Jannik Sinner vs Novak Djokovic | Highlights | Wimbledon 2026,N5OguIayQME,https://www.youtube.com/watch?v=N5OguIayQME,Wimbledon,UCNa8NxMgSm7m4Ii9d4QGk1Q,UgwBx0GmarvXOd49h-V4AaABAg,https://www.youtube.com/watch?v=N5OguIayQME&lc=UgwBx0GmarvXOd49h-V4AaABAg,"Amazing tennis from Jannik and Novak🙌🏻!  Congratulations on your victory Jannik, Forza!💪🏻🇮🇹🦊",@pablomatiasmontronepetrany7098,,30,
YT000247,Jannik Sinner vs Novak Djokovic (2026 Wimbledon Semifinal),Tennis,,Sensational Sinner storms to Final! | Jannik Sinner vs Novak Djokovic | Highlights | Wimbledon 2026,N5OguIayQME,https://www.youtube.com/watch?v=N5OguIayQME,Wimbledon,UCNa8NxMgSm7m4Ii9d4QGk1Q,Ugwm51eMMCo3yAXlRoR4AaABAg,https://www.youtube.com/watch?v=N5OguIayQME&lc=Ugwm51eMMCo3yAXlRoR4AaABAg,"How beautiful it is, in the end, to see people respecting one another.",@arifd2570,,30,1
YT000248,Jannik Sinner vs Novak Djokovic (2026 Wimbledon Semifinal),Tennis,,Sensational Sinner storms to Final! | Jannik Sinner vs Novak Djokovic | Highlights | Wimbledon 2026,N5OguIayQME,https://www.youtube.com/watch?v=N5OguIayQME,Wimbledon,UCNa8NxMgSm7m4Ii9d4QGk1Q,UgyMHhF7gHWz5MPtW5R4AaABAg,https://www.youtube.com/watch?v=N5OguIayQME&lc=UgyMHhF7gHWz5MPtW5R4AaABAg,"When needed, he raiseshis level. This is the extraordinary capability of Jannik  Sinner. N.1 player.",@Alessandro-hc1kv,,139,10
YT000249,Jannik Sinner vs Novak Djokovic (2026 Wimbledon Semifinal),Tennis,,Sensational Sinner storms to Final! | Jannik Sinner vs Novak Djokovic | Highlights | Wimbledon 2026,N5OguIayQME,https://www.youtube.com/watch?v=N5OguIayQME,Wimbledon,UCNa8NxMgSm7m4Ii9d4QGk1Q,UgwXDkdfo03ByYE4sJF4AaABAg,https://www.youtube.com/watch?v=N5OguIayQME&lc=UgwXDkdfo03ByYE4sJF4AaABAg,Jannik was SUPERMAN in this match.,@GottuboiBeachVolleyball,,53,2
YT000250,Jannik Sinner vs Novak Djokovic (2026 Wimbledon Semifinal),Tennis,,Sensational Sinner storms to Final! | Jannik Sinner vs Novak Djokovic | Highlights | Wimbledon 2026,N5OguIayQME,https://www.youtube.com/watch?v=N5OguIayQME,Wimbledon,UCNa8NxMgSm7m4Ii9d4QGk1Q,UgwozOuYlWP7i3euveZ4AaABAg,https://www.youtube.com/watch?v=N5OguIayQME&lc=UgwozOuYlWP7i3euveZ4AaABAg,"I expected this to be MUCH closer. I know Sinner can raise his level to the occasion, but this is insane, even for his standard. He just transformed into a complete different player from the one of the previous round",@simoneorioli,,326,38
YT000251,Jannik Sinner vs Novak Djokovic (2026 Wimbledon Semifinal),Tennis,,Sensational Sinner storms to Final! | Jannik Sinner vs Novak Djokovic | Highlights | Wimbledon 2026,N5OguIayQME,https://www.youtube.com/watch?v=N5OguIayQME,Wimbledon,UCNa8NxMgSm7m4Ii9d4QGk1Q,Ugy4lQGSKw8FxwFVlzR4AaABAg,https://www.youtube.com/watch?v=N5OguIayQME&lc=Ugy4lQGSKw8FxwFVlzR4AaABAg,"The magnificent Sinner is back on business, darth sinner is scary good! :finger-red-number-one:",@playtoyappz,,49,
YT000252,Jannik Sinner vs Novak Djokovic (2026 Wimbledon Semifinal),Tennis,,Sensational Sinner storms to Final! | Jannik Sinner vs Novak Djokovic | Highlights | Wimbledon 2026,N5OguIayQME,https://www.youtube.com/watch?v=N5OguIayQME,Wimbledon,UCNa8NxMgSm7m4Ii9d4QGk1Q,UgymGe0kjsH0AQ2sbfl4AaABAg,https://www.youtube.com/watch?v=N5OguIayQME&lc=UgymGe0kjsH0AQ2sbfl4AaABAg,sinner is back🎉 go for that title,@xavierlu8065,,131,1
YT000253,Jannik Sinner vs Novak Djokovic (2026 Wimbledon Semifinal),Tennis,,Sensational Sinner storms to Final! | Jannik Sinner vs Novak Djokovic | Highlights | Wimbledon 2026,N5OguIayQME,https://www.youtube.com/watch?v=N5OguIayQME,Wimbledon,UCNa8NxMgSm7m4Ii9d4QGk1Q,Ugx6Nxe4tdq_kI8sr894AaABAg,https://www.youtube.com/watch?v=N5OguIayQME&lc=Ugx6Nxe4tdq_kI8sr894AaABAg,"Not only a winner,but also a super class act.",@johannandrebarnard3020,,16,2
YT000254,Jannik Sinner vs Novak Djokovic (2026 Wimbledon Semifinal),Tennis,,Sensational Sinner storms to Final! | Jannik Sinner vs Novak Djokovic | Highlights | Wimbledon 2026,N5OguIayQME,https://www.youtube.com/watch?v=N5OguIayQME,Wimbledon,UCNa8NxMgSm7m4Ii9d4QGk1Q,Ugwncnc7xc5gWWYJ5rd4AaABAg,https://www.youtube.com/watch?v=N5OguIayQME&lc=Ugwncnc7xc5gWWYJ5rd4AaABAg,I never thought djokovic would beat sinner. Sinner and alcaraz are his brick walls just like how he was a brick wall for so many years to others. But to still be making finals and semi finals at his age is unbelievable.,@rexxx777,,37,12
YT000255,Jannik Sinner vs Novak Djokovic (2026 Wimbledon Semifinal),Tennis,,Sensational Sinner storms to Final! | Jannik Sinner vs Novak Djokovic | Highlights | Wimbledon 2026,N5OguIayQME,https://www.youtube.com/watch?v=N5OguIayQME,Wimbledon,UCNa8NxMgSm7m4Ii9d4QGk1Q,Ugx4MQqOXegAKlGf7FF4AaABAg,https://www.youtube.com/watch?v=N5OguIayQME&lc=Ugx4MQqOXegAKlGf7FF4AaABAg,Semplicemente inarrestabile ❤😊👏🤗🏆🫶🇮🇹🦊,@francescoconte5487,,22,
YT000256,Jannik Sinner vs Novak Djokovic (2026 Wimbledon Semifinal),Tennis,,Sensational Sinner storms to Final! | Jannik Sinner vs Novak Djokovic | Highlights | Wimbledon 2026,N5OguIayQME,https://www.youtube.com/watch?v=N5OguIayQME,Wimbledon,UCNa8NxMgSm7m4Ii9d4QGk1Q,Ugyi0ViES9DLnyDaQi94AaABAg,https://www.youtube.com/watch?v=N5OguIayQME&lc=Ugyi0ViES9DLnyDaQi94AaABAg,"For the great Djokovic to reach the semi finals at Wimbledon, at 39 years old, is a feat within itself.",@generalshockwavekingpin326,,3,
YT000257,Aryna Sabalenka vs Elena Rybakina (2026 US Open Women’s Final),Tennis,2026-09-13,Aryna Sabalenka vs. Elena Rybakina Highlights | 2026 US Open Final,YCAQnmJBJIk,https://www.youtube.com/watch?v=YCAQnmJBJIk,US Open Tennis Championships,UCXbboag48Qlr78zzz6SkzkQ,UgwOhGERY45RFxrdiKp4AaABAg,https://www.youtube.com/watch?v=YCAQnmJBJIk&lc=UgwOhGERY45RFxrdiKp4AaABAg,"Elena is just so calm, professional & even tempered in all situations win or lose. Winning or losing! Elena earned this!",@Fafo_1234,,3.6K,57
YT000258,Aryna Sabalenka vs Elena Rybakina (2026 US Open Women’s Final),Tennis,2026-09-13,Aryna Sabalenka vs. Elena Rybakina Highlights | 2026 US Open Final,YCAQnmJBJIk,https://www.youtube.com/watch?v=YCAQnmJBJIk,US Open Tennis Championships,UCXbboag48Qlr78zzz6SkzkQ,UgzKDEX798F4zSfG4_94AaABAg,https://www.youtube.com/watch?v=YCAQnmJBJIk&lc=UgzKDEX798F4zSfG4_94AaABAg,2 Grand Slam titles in a year while claiming the World No. 1 spot—what an incredible year. Well deserved! 🎉,@myRANDOMstuffs,,2.4K,33
YT000259,Aryna Sabalenka vs Elena Rybakina (2026 US Open Women’s Final),Tennis,2026-09-13,Aryna Sabalenka vs. Elena Rybakina Highlights | 2026 US Open Final,YCAQnmJBJIk,https://www.youtube.com/watch?v=YCAQnmJBJIk,US Open Tennis Championships,UCXbboag48Qlr78zzz6SkzkQ,UgxQkDUA6TTeOupWwwx4AaABAg,https://www.youtube.com/watch?v=YCAQnmJBJIk&lc=UgxQkDUA6TTeOupWwwx4AaABAg,"Whenever Elena wins a Grand Slam, she acts like she just won a second round match. Love her.",@47imagine,,1.4K,31
YT000260,Aryna Sabalenka vs Elena Rybakina (2026 US Open Women’s Final),Tennis,2026-09-13,Aryna Sabalenka vs. Elena Rybakina Highlights | 2026 US Open Final,YCAQnmJBJIk,https://www.youtube.com/watch?v=YCAQnmJBJIk,US Open Tennis Championships,UCXbboag48Qlr78zzz6SkzkQ,UgwyH1LLxtwt_t6rUUp4AaABAg,https://www.youtube.com/watch?v=YCAQnmJBJIk&lc=UgwyH1LLxtwt_t6rUUp4AaABAg,"Finally, someone who makes me want to watch women's tennis again. Well done, Elena!",@chatify68,,784,11
YT000261,Aryna Sabalenka vs Elena Rybakina (2026 US Open Women’s Final),Tennis,2026-09-13,Aryna Sabalenka vs. Elena Rybakina Highlights | 2026 US Open Final,YCAQnmJBJIk,https://www.youtube.com/watch?v=YCAQnmJBJIk,US Open Tennis Championships,UCXbboag48Qlr78zzz6SkzkQ,UgwMUH2rGjRmlV8dmqB4AaABAg,https://www.youtube.com/watch?v=YCAQnmJBJIk&lc=UgwMUH2rGjRmlV8dmqB4AaABAg,Each year Sabalenka grew unlikable as a pro. Rybakina played exceptionally well!,@anaktuagede,,473,7
YT000262,Aryna Sabalenka vs Elena Rybakina (2026 US Open Women’s Final),Tennis,2026-09-13,Aryna Sabalenka vs. Elena Rybakina Highlights | 2026 US Open Final,YCAQnmJBJIk,https://www.youtube.com/watch?v=YCAQnmJBJIk,US Open Tennis Championships,UCXbboag48Qlr78zzz6SkzkQ,Ugz7pcVdmnrzSC8Eenx4AaABAg,https://www.youtube.com/watch?v=YCAQnmJBJIk&lc=Ugz7pcVdmnrzSC8Eenx4AaABAg,The cleanest way to claim the World No. 1 spot.,@myRANDOMstuffs,,1.5K,8
YT000263,Aryna Sabalenka vs Elena Rybakina (2026 US Open Women’s Final),Tennis,2026-09-13,Aryna Sabalenka vs. Elena Rybakina Highlights | 2026 US Open Final,YCAQnmJBJIk,https://www.youtube.com/watch?v=YCAQnmJBJIk,US Open Tennis Championships,UCXbboag48Qlr78zzz6SkzkQ,UgwG7J1wOUAtQD6zUkR4AaABAg,https://www.youtube.com/watch?v=YCAQnmJBJIk&lc=UgwG7J1wOUAtQD6zUkR4AaABAg,Elena's humble demeanor and calmness is so solid. She deserves to be celebrated as a champion.,@gershon222,,369,
YT000264,Aryna Sabalenka vs Elena Rybakina (2026 US Open Women’s Final),Tennis,2026-09-13,Aryna Sabalenka vs. Elena Rybakina Highlights | 2026 US Open Final,YCAQnmJBJIk,https://www.youtube.com/watch?v=YCAQnmJBJIk,US Open Tennis Championships,UCXbboag48Qlr78zzz6SkzkQ,Ugwmg819unB2RtGit3J4AaABAg,https://www.youtube.com/watch?v=YCAQnmJBJIk&lc=Ugwmg819unB2RtGit3J4AaABAg,"No screaming, no yelling. This lady is pure class and has her emotions in control. Well done Miss Rybakina",@jonathanalexander9340,,156,1
YT000265,Aryna Sabalenka vs Elena Rybakina (2026 US Open Women’s Final),Tennis,2026-09-13,Aryna Sabalenka vs. Elena Rybakina Highlights | 2026 US Open Final,YCAQnmJBJIk,https://www.youtube.com/watch?v=YCAQnmJBJIk,US Open Tennis Championships,UCXbboag48Qlr78zzz6SkzkQ,UgyhSvXG7TdBl42wUNR4AaABAg,https://www.youtube.com/watch?v=YCAQnmJBJIk&lc=UgyhSvXG7TdBl42wUNR4AaABAg,"That golden Saba's necklace was ridiculous. She was arrogant and vociferous as usual, but Rybakina had put her at her second place. And Elena did it in style.",@mikekolyshkin3931,,40,
YT000266,Aryna Sabalenka vs Elena Rybakina (2026 US Open Women’s Final),Tennis,2026-09-13,Aryna Sabalenka vs. Elena Rybakina Highlights | 2026 US Open Final,YCAQnmJBJIk,https://www.youtube.com/watch?v=YCAQnmJBJIk,US Open Tennis Championships,UCXbboag48Qlr78zzz6SkzkQ,UgywqDbFszAqXCPU7tp4AaABAg,https://www.youtube.com/watch?v=YCAQnmJBJIk&lc=UgywqDbFszAqXCPU7tp4AaABAg,"Yes, Elena, yesssss🇰🇿🇰🇿🇰🇿🇰🇿❤️❤️❤️🇰🇿🇰🇿 Played believably well🇰🇿❤️💯🥳🥳🥳🥳 The best!",@GulnaraJakiyeva,,63,
YT000267,Aryna Sabalenka vs Elena Rybakina (2026 US Open Women’s Final),Tennis,2026-09-13,Aryna Sabalenka vs. Elena Rybakina Highlights | 2026 US Open Final,YCAQnmJBJIk,https://www.youtube.com/watch?v=YCAQnmJBJIk,US Open Tennis Championships,UCXbboag48Qlr78zzz6SkzkQ,UgxzYfWgX95JBe49Bxp4AaABAg,https://www.youtube.com/watch?v=YCAQnmJBJIk&lc=UgxzYfWgX95JBe49Bxp4AaABAg,It's pure joy watching the most deserved player win 🏆 Well done Ms Rybakina.,@markmichael8762,,760,11
YT000268,Aryna Sabalenka vs Elena Rybakina (2026 US Open Women’s Final),Tennis,2026-09-13,Aryna Sabalenka vs. Elena Rybakina Highlights | 2026 US Open Final,YCAQnmJBJIk,https://www.youtube.com/watch?v=YCAQnmJBJIk,US Open Tennis Championships,UCXbboag48Qlr78zzz6SkzkQ,UgyYCdCh7-ARgerrSpN4AaABAg,https://www.youtube.com/watch?v=YCAQnmJBJIk&lc=UgyYCdCh7-ARgerrSpN4AaABAg,"Finally, after quite some time, we got a likeable No. 1",@kalanakariyawasam3733,,691,16
YT000269,Aryna Sabalenka vs Elena Rybakina (2026 US Open Women’s Final),Tennis,2026-09-13,Aryna Sabalenka vs. Elena Rybakina Highlights | 2026 US Open Final,YCAQnmJBJIk,https://www.youtube.com/watch?v=YCAQnmJBJIk,US Open Tennis Championships,UCXbboag48Qlr78zzz6SkzkQ,Ugy4Yvu0idlPKF2fJut4AaABAg,https://www.youtube.com/watch?v=YCAQnmJBJIk&lc=Ugy4Yvu0idlPKF2fJut4AaABAg,"Go Ryba—so humble and talented, she deserves it. Congratulations!!",@anabelen1682,,778,16
YT000270,Aryna Sabalenka vs Elena Rybakina (2026 US Open Women’s Final),Tennis,2026-09-13,Aryna Sabalenka vs. Elena Rybakina Highlights | 2026 US Open Final,YCAQnmJBJIk,https://www.youtube.com/watch?v=YCAQnmJBJIk,US Open Tennis Championships,UCXbboag48Qlr78zzz6SkzkQ,UgxGpGTw9u3KxZXKFlJ4AaABAg,https://www.youtube.com/watch?v=YCAQnmJBJIk&lc=UgxGpGTw9u3KxZXKFlJ4AaABAg,I'm pretty sure Ryba will be the most likeable No. 01 ever!!!,@danusams,,83,3
YT000271,Aryna Sabalenka vs Elena Rybakina (2026 US Open Women’s Final),Tennis,2026-09-13,Aryna Sabalenka vs. Elena Rybakina Highlights | 2026 US Open Final,YCAQnmJBJIk,https://www.youtube.com/watch?v=YCAQnmJBJIk,US Open Tennis Championships,UCXbboag48Qlr78zzz6SkzkQ,UgygDEd9pFYISvjB2el4AaABAg,https://www.youtube.com/watch?v=YCAQnmJBJIk&lc=UgygDEd9pFYISvjB2el4AaABAg,Elena no doubt has shown her greatness by remaining calm whether win or lose. That helps her to focus on the game.,@mm3574,,18,
YT000272,Aryna Sabalenka vs Elena Rybakina (2026 US Open Women’s Final),Tennis,2026-09-13,Aryna Sabalenka vs. Elena Rybakina Highlights | 2026 US Open Final,YCAQnmJBJIk,https://www.youtube.com/watch?v=YCAQnmJBJIk,US Open Tennis Championships,UCXbboag48Qlr78zzz6SkzkQ,UgwHqyj0zXGoa5GSqoJ4AaABAg,https://www.youtube.com/watch?v=YCAQnmJBJIk&lc=UgwHqyj0zXGoa5GSqoJ4AaABAg,Elena's quiet strength is so inspiring. She lets her racket do the talking and handles every high-pressure moment with such grace. A truly deserving champion! 🏆,@iamtoosassy,,401,3
YT000273,Alexander Zverev vs Ben Shelton (2026 US Open Men’s Final),Tennis,2026-09-13,Men’s Championship Highlights: Alexander Zverev vs. Ben Shelton | 2026 US Open,3q6EFKOTWWg,https://www.youtube.com/watch?v=3q6EFKOTWWg,ESPN,UCiWLfSweyRNmLpgEHekhoAg,Ugzcaz4w_KDRTaF-jil4AaABAg,https://www.youtube.com/watch?v=3q6EFKOTWWg&lc=Ugzcaz4w_KDRTaF-jil4AaABAg,That was great when Zverev didnt even know he had just won,@ricardobjj24,,960,25
YT000274,Alexander Zverev vs Ben Shelton (2026 US Open Men’s Final),Tennis,2026-09-13,Men’s Championship Highlights: Alexander Zverev vs. Ben Shelton | 2026 US Open,3q6EFKOTWWg,https://www.youtube.com/watch?v=3q6EFKOTWWg,ESPN,UCiWLfSweyRNmLpgEHekhoAg,UgxzgDqFsAD3cSAIKCN4AaABAg,https://www.youtube.com/watch?v=3q6EFKOTWWg&lc=UgxzgDqFsAD3cSAIKCN4AaABAg,Zverev should be an inspiration to diabetics around the world,@geoffwilliams8640,,634,28
YT000275,Alexander Zverev vs Ben Shelton (2026 US Open Men’s Final),Tennis,2026-09-13,Men’s Championship Highlights: Alexander Zverev vs. Ben Shelton | 2026 US Open,3q6EFKOTWWg,https://www.youtube.com/watch?v=3q6EFKOTWWg,ESPN,UCiWLfSweyRNmLpgEHekhoAg,Ugy-7VQx3GQHRAobs3p4AaABAg,https://www.youtube.com/watch?v=3q6EFKOTWWg&lc=Ugy-7VQx3GQHRAobs3p4AaABAg,Going from zero to two grand slams in one year is impressive!! Congrats zverev!,@JacobBennett-c7u,,671,38
YT000276,Alexander Zverev vs Ben Shelton (2026 US Open Men’s Final),Tennis,2026-09-13,Men’s Championship Highlights: Alexander Zverev vs. Ben Shelton | 2026 US Open,3q6EFKOTWWg,https://www.youtube.com/watch?v=3q6EFKOTWWg,ESPN,UCiWLfSweyRNmLpgEHekhoAg,UgyzQFSiZsDKLg0wz1R4AaABAg,https://www.youtube.com/watch?v=3q6EFKOTWWg&lc=UgyzQFSiZsDKLg0wz1R4AaABAg,That non-acknowledgement win is one for the ages!  🤣,@123Rockchild,,446,13
YT000277,Alexander Zverev vs Ben Shelton (2026 US Open Men’s Final),Tennis,2026-09-13,Men’s Championship Highlights: Alexander Zverev vs. Ben Shelton | 2026 US Open,3q6EFKOTWWg,https://www.youtube.com/watch?v=3q6EFKOTWWg,ESPN,UCiWLfSweyRNmLpgEHekhoAg,Ugww4LjuxjHm1-eeFgN4AaABAg,https://www.youtube.com/watch?v=3q6EFKOTWWg&lc=Ugww4LjuxjHm1-eeFgN4AaABAg,From 6 lingements torn apart 3 years ago to glory and two gs . What hero jorney . Congrats sasha,@teletranoats7491,,289,5
YT000278,Alexander Zverev vs Ben Shelton (2026 US Open Men’s Final),Tennis,2026-09-13,Men’s Championship Highlights: Alexander Zverev vs. Ben Shelton | 2026 US Open,3q6EFKOTWWg,https://www.youtube.com/watch?v=3q6EFKOTWWg,ESPN,UCiWLfSweyRNmLpgEHekhoAg,UgzgclUXakyJE8CPqGF4AaABAg,https://www.youtube.com/watch?v=3q6EFKOTWWg&lc=UgzgclUXakyJE8CPqGF4AaABAg,I love how composed Zverev is now. Very happy for him.,@thenakedsingularity,,81,1
YT000279,Alexander Zverev vs Ben Shelton (2026 US Open Men’s Final),Tennis,2026-09-13,Men’s Championship Highlights: Alexander Zverev vs. Ben Shelton | 2026 US Open,3q6EFKOTWWg,https://www.youtube.com/watch?v=3q6EFKOTWWg,ESPN,UCiWLfSweyRNmLpgEHekhoAg,UgxYVITUYKI_mIqqHbt4AaABAg,https://www.youtube.com/watch?v=3q6EFKOTWWg&lc=UgxYVITUYKI_mIqqHbt4AaABAg,"Dude actually had a swing at a calendar grand slam. Semifinals in Melbourne, champ at RG, finals of Wimbledon and  champ of New York.  Awesome year.",@donaldstancil1544,,165,15
YT000280,Alexander Zverev vs Ben Shelton (2026 US Open Men’s Final),Tennis,2026-09-13,Men’s Championship Highlights: Alexander Zverev vs. Ben Shelton | 2026 US Open,3q6EFKOTWWg,https://www.youtube.com/watch?v=3q6EFKOTWWg,ESPN,UCiWLfSweyRNmLpgEHekhoAg,UgzGXjfm13A6idgHZ2J4AaABAg,https://www.youtube.com/watch?v=3q6EFKOTWWg&lc=UgzGXjfm13A6idgHZ2J4AaABAg,Wow. So in the zone he didn't even know he won. 🔥🔥🎾,@marvind.rogers1706,,129,3
YT000281,Alexander Zverev vs Ben Shelton (2026 US Open Men’s Final),Tennis,2026-09-13,Men’s Championship Highlights: Alexander Zverev vs. Ben Shelton | 2026 US Open,3q6EFKOTWWg,https://www.youtube.com/watch?v=3q6EFKOTWWg,ESPN,UCiWLfSweyRNmLpgEHekhoAg,Ugz74Vr6iPHqQzf1LYJ4AaABAg,https://www.youtube.com/watch?v=3q6EFKOTWWg&lc=Ugz74Vr6iPHqQzf1LYJ4AaABAg,Zverev is just the wall that separates the masses from sinner and alcaraz. Way too solid for Shelton as of rn.,@Broke_AF_FR,,323,14
YT000282,Alexander Zverev vs Ben Shelton (2026 US Open Men’s Final),Tennis,2026-09-13,Men’s Championship Highlights: Alexander Zverev vs. Ben Shelton | 2026 US Open,3q6EFKOTWWg,https://www.youtube.com/watch?v=3q6EFKOTWWg,ESPN,UCiWLfSweyRNmLpgEHekhoAg,UgwzzA3-SLFmQ8zPd3l4AaABAg,https://www.youtube.com/watch?v=3q6EFKOTWWg&lc=UgwzzA3-SLFmQ8zPd3l4AaABAg,Probably the greatest reaction to winning a major. So locked in he didn’t even know he won the match 😂😂,@TrentMartin-h3z,,228,5
YT000283,Alexander Zverev vs Ben Shelton (2026 US Open Men’s Final),Tennis,2026-09-13,Men’s Championship Highlights: Alexander Zverev vs. Ben Shelton | 2026 US Open,3q6EFKOTWWg,https://www.youtube.com/watch?v=3q6EFKOTWWg,ESPN,UCiWLfSweyRNmLpgEHekhoAg,UgxwrxCmc2Su5-Hc_u94AaABAg,https://www.youtube.com/watch?v=3q6EFKOTWWg&lc=UgxwrxCmc2Su5-Hc_u94AaABAg,"Well done Mr Zrevev,it's been a long time coming Congratulation. ❤",@SharonSmith-s6q,,54,
YT000284,Alexander Zverev vs Ben Shelton (2026 US Open Men’s Final),Tennis,2026-09-13,Men’s Championship Highlights: Alexander Zverev vs. Ben Shelton | 2026 US Open,3q6EFKOTWWg,https://www.youtube.com/watch?v=3q6EFKOTWWg,ESPN,UCiWLfSweyRNmLpgEHekhoAg,Ugw3dDi1w64u9coV_EB4AaABAg,https://www.youtube.com/watch?v=3q6EFKOTWWg&lc=Ugw3dDi1w64u9coV_EB4AaABAg,"Amazing match❤! Zverev has shown again that he has a heart of champion! As a mom of a child with T1 diabetes, I couldn’t be more proud of Sasha’s accomplishments. He is truly inspirational ❤",@srecko2673,,33,
YT000285,Alexander Zverev vs Ben Shelton (2026 US Open Men’s Final),Tennis,2026-09-13,Men’s Championship Highlights: Alexander Zverev vs. Ben Shelton | 2026 US Open,3q6EFKOTWWg,https://www.youtube.com/watch?v=3q6EFKOTWWg,ESPN,UCiWLfSweyRNmLpgEHekhoAg,Ugx9H1W2em_zAlZU2xN4AaABAg,https://www.youtube.com/watch?v=3q6EFKOTWWg&lc=Ugx9H1W2em_zAlZU2xN4AaABAg,"Congratulations to Zverev, a well-deserved 2-time major champion. The fact that he didn't know he won, shows how dialed in he was, point for point. Truly well played.",@FLORIDA_CARIBBEAN_PACIFIC,,52,
YT000286,Alexander Zverev vs Ben Shelton (2026 US Open Men’s Final),Tennis,2026-09-13,Men’s Championship Highlights: Alexander Zverev vs. Ben Shelton | 2026 US Open,3q6EFKOTWWg,https://www.youtube.com/watch?v=3q6EFKOTWWg,ESPN,UCiWLfSweyRNmLpgEHekhoAg,UgxB0sN75qfM16gFvQd4AaABAg,https://www.youtube.com/watch?v=3q6EFKOTWWg&lc=UgxB0sN75qfM16gFvQd4AaABAg,"As a humble American, I approve of this result!",@stonew1927,,70,4
YT000287,Alexander Zverev vs Ben Shelton (2026 US Open Men’s Final),Tennis,2026-09-13,Men’s Championship Highlights: Alexander Zverev vs. Ben Shelton | 2026 US Open,3q6EFKOTWWg,https://www.youtube.com/watch?v=3q6EFKOTWWg,ESPN,UCiWLfSweyRNmLpgEHekhoAg,UgxQZQK_ius1EOVXRgh4AaABAg,https://www.youtube.com/watch?v=3q6EFKOTWWg&lc=UgxQZQK_ius1EOVXRgh4AaABAg,"what a story Zevere is writing for himself.. with such medical condition, he proves time and time again, there is a will, there is a way.. Take a bow Champion",@sportsHM45,,39,
YT000288,Alexander Zverev vs Ben Shelton (2026 US Open Men’s Final),Tennis,2026-09-13,Men’s Championship Highlights: Alexander Zverev vs. Ben Shelton | 2026 US Open,3q6EFKOTWWg,https://www.youtube.com/watch?v=3q6EFKOTWWg,ESPN,UCiWLfSweyRNmLpgEHekhoAg,UgwTdxDPK37tj1cTb4R4AaABAg,https://www.youtube.com/watch?v=3q6EFKOTWWg&lc=UgwTdxDPK37tj1cTb4R4AaABAg,Alexander Zverev is at higher level.,@Alphacentric1,,39,
YT000289,Ben Shelton vs Carlos Alcaraz (2026 US Open Quarterfinal),Tennis,,Ben Shelton vs. Carlos Alcaraz Highlights | 2026 US Open Quarterfinal,wYd7I5_tMEs,https://www.youtube.com/watch?v=wYd7I5_tMEs,US Open Tennis Championships,UCXbboag48Qlr78zzz6SkzkQ,Ugy4LB_vqKFVYuh7M554AaABAg,https://www.youtube.com/watch?v=wYd7I5_tMEs&lc=Ugy4LB_vqKFVYuh7M554AaABAg,Shelton's last winning match point serve was so powerful that I couldn't even see it,@idaanette,,966,11
YT000290,Ben Shelton vs Carlos Alcaraz (2026 US Open Quarterfinal),Tennis,,Ben Shelton vs. Carlos Alcaraz Highlights | 2026 US Open Quarterfinal,wYd7I5_tMEs,https://www.youtube.com/watch?v=wYd7I5_tMEs,US Open Tennis Championships,UCXbboag48Qlr78zzz6SkzkQ,UgxOy974Zw8Jd99TSl54AaABAg,https://www.youtube.com/watch?v=wYd7I5_tMEs&lc=UgxOy974Zw8Jd99TSl54AaABAg,Summarizing a 5-set 4 hour battle in 3min is criminal.,@FitnessSheriff,,350,4
YT000291,Ben Shelton vs Carlos Alcaraz (2026 US Open Quarterfinal),Tennis,,Ben Shelton vs. Carlos Alcaraz Highlights | 2026 US Open Quarterfinal,wYd7I5_tMEs,https://www.youtube.com/watch?v=wYd7I5_tMEs,US Open Tennis Championships,UCXbboag48Qlr78zzz6SkzkQ,UgzJT6MqXmP4H38YO9t4AaABAg,https://www.youtube.com/watch?v=wYd7I5_tMEs&lc=UgzJT6MqXmP4H38YO9t4AaABAg,I love the smile of Alcaraz at the end. What a great sport of a human. I adore him more❤,@itsvinamarie,,1.6K,29
YT000292,Ben Shelton vs Carlos Alcaraz (2026 US Open Quarterfinal),Tennis,,Ben Shelton vs. Carlos Alcaraz Highlights | 2026 US Open Quarterfinal,wYd7I5_tMEs,https://www.youtube.com/watch?v=wYd7I5_tMEs,US Open Tennis Championships,UCXbboag48Qlr78zzz6SkzkQ,UgzT1xxdA8RM3EAuftV4AaABAg,https://www.youtube.com/watch?v=wYd7I5_tMEs&lc=UgzT1xxdA8RM3EAuftV4AaABAg,John McEnroe said it best when he said that win or lose this would be the biggest match of Shelton’s career. I watched the match from start to finish and was genuinely shocked at the improvements to Shelton’s return game and shot selection. Best of luck to Big Ben in the semis!,@gaberivero3211,,254,8
YT000293,Ben Shelton vs Carlos Alcaraz (2026 US Open Quarterfinal),Tennis,,Ben Shelton vs. Carlos Alcaraz Highlights | 2026 US Open Quarterfinal,wYd7I5_tMEs,https://www.youtube.com/watch?v=wYd7I5_tMEs,US Open Tennis Championships,UCXbboag48Qlr78zzz6SkzkQ,Ugxx7jUvvOYrsNLihmp4AaABAg,https://www.youtube.com/watch?v=wYd7I5_tMEs&lc=Ugxx7jUvvOYrsNLihmp4AaABAg,Nuts match. Lung busting. Physicality. Never seen Shelton play so well before. Kudos to him.,@pangarans,,748,15
YT000294,Ben Shelton vs Carlos Alcaraz (2026 US Open Quarterfinal),Tennis,,Ben Shelton vs. Carlos Alcaraz Highlights | 2026 US Open Quarterfinal,wYd7I5_tMEs,https://www.youtube.com/watch?v=wYd7I5_tMEs,US Open Tennis Championships,UCXbboag48Qlr78zzz6SkzkQ,UgytoKcg1TglfefLmMJ4AaABAg,https://www.youtube.com/watch?v=wYd7I5_tMEs&lc=UgytoKcg1TglfefLmMJ4AaABAg,0:23 Sinner cheering in the crowd,@lambertomainardi7933,,24,
YT000295,Ben Shelton vs Carlos Alcaraz (2026 US Open Quarterfinal),Tennis,,Ben Shelton vs. Carlos Alcaraz Highlights | 2026 US Open Quarterfinal,wYd7I5_tMEs,https://www.youtube.com/watch?v=wYd7I5_tMEs,US Open Tennis Championships,UCXbboag48Qlr78zzz6SkzkQ,UgzS7cGJExG0I_6PSw14AaABAg,https://www.youtube.com/watch?v=wYd7I5_tMEs&lc=UgzS7cGJExG0I_6PSw14AaABAg,By far the best match of the tournament—an early final—and the best performance ever from Ben Shelton.,@starman8411,,407,16
YT000296,Ben Shelton vs Carlos Alcaraz (2026 US Open Quarterfinal),Tennis,,Ben Shelton vs. Carlos Alcaraz Highlights | 2026 US Open Quarterfinal,wYd7I5_tMEs,https://www.youtube.com/watch?v=wYd7I5_tMEs,US Open Tennis Championships,UCXbboag48Qlr78zzz6SkzkQ,UgxSnQA0Hm2HNrDu12N4AaABAg,https://www.youtube.com/watch?v=wYd7I5_tMEs&lc=UgxSnQA0Hm2HNrDu12N4AaABAg,Gracious in losing Alcaraz showed a lot of sportsmanship... Shelton played big against one of the worlds best he finally put it together.,@TheLast.BoyScout,,262,5
YT000297,Ben Shelton vs Carlos Alcaraz (2026 US Open Quarterfinal),Tennis,,Ben Shelton vs. Carlos Alcaraz Highlights | 2026 US Open Quarterfinal,wYd7I5_tMEs,https://www.youtube.com/watch?v=wYd7I5_tMEs,US Open Tennis Championships,UCXbboag48Qlr78zzz6SkzkQ,UgyFDADr8BspTS9Fwwt4AaABAg,https://www.youtube.com/watch?v=wYd7I5_tMEs&lc=UgyFDADr8BspTS9Fwwt4AaABAg,Just an incredible display of tennis from Shelton. Left his heart on the court.,@joshhart2445,,956,40
YT000298,Ben Shelton vs Carlos Alcaraz (2026 US Open Quarterfinal),Tennis,,Ben Shelton vs. Carlos Alcaraz Highlights | 2026 US Open Quarterfinal,wYd7I5_tMEs,https://www.youtube.com/watch?v=wYd7I5_tMEs,US Open Tennis Championships,UCXbboag48Qlr78zzz6SkzkQ,Ugykq6GFUdFfViJ0vah4AaABAg,https://www.youtube.com/watch?v=wYd7I5_tMEs&lc=Ugykq6GFUdFfViJ0vah4AaABAg,These guys are the true definition of sportsmanship. What a volley between them both .. they are champions in my book no matter what,@OrlandoGalarza-i7d,,24,
YT000299,Ben Shelton vs Carlos Alcaraz (2026 US Open Quarterfinal),Tennis,,Ben Shelton vs. Carlos Alcaraz Highlights | 2026 US Open Quarterfinal,wYd7I5_tMEs,https://www.youtube.com/watch?v=wYd7I5_tMEs,US Open Tennis Championships,UCXbboag48Qlr78zzz6SkzkQ,UgwgiF3nDPWQxSFvc_14AaABAg,https://www.youtube.com/watch?v=wYd7I5_tMEs&lc=UgwgiF3nDPWQxSFvc_14AaABAg,"Boy, that very last winning match point serve by Shelton, it was so powerful that I couldn't even catch it by eyes.",@kcc5900,,212,3
YT000300,Ben Shelton vs Carlos Alcaraz (2026 US Open Quarterfinal),Tennis,,Ben Shelton vs. Carlos Alcaraz Highlights | 2026 US Open Quarterfinal,wYd7I5_tMEs,https://www.youtube.com/watch?v=wYd7I5_tMEs,US Open Tennis Championships,UCXbboag48Qlr78zzz6SkzkQ,Ugx0uU3VUiYzTzmj6Ux4AaABAg,https://www.youtube.com/watch?v=wYd7I5_tMEs&lc=Ugx0uU3VUiYzTzmj6Ux4AaABAg,"I've been watching Shelton for years, after he graduated from the University of Florida and came onto the scene.  This year I saw his emergence as a truly great player; he has all the tools right now.  Power, control, speed/baseline, net game.  His serve always had stood out, not surprising Match Point came on an ace.  It's been a long time since an American took the US Open Men's Final Championship, 23 years since Roddick.  I think Shelton can do it this year:  Go Gator!",@MichaelManes-q3x,,35,2
YT000301,Ben Shelton vs Carlos Alcaraz (2026 US Open Quarterfinal),Tennis,,Ben Shelton vs. Carlos Alcaraz Highlights | 2026 US Open Quarterfinal,wYd7I5_tMEs,https://www.youtube.com/watch?v=wYd7I5_tMEs,US Open Tennis Championships,UCXbboag48Qlr78zzz6SkzkQ,UgwbEERtg9aQiAp5a9F4AaABAg,https://www.youtube.com/watch?v=wYd7I5_tMEs&lc=UgwbEERtg9aQiAp5a9F4AaABAg,A PIECE OF HISTORY!,@bullituch,,857,22
YT000302,Ben Shelton vs Carlos Alcaraz (2026 US Open Quarterfinal),Tennis,,Ben Shelton vs. Carlos Alcaraz Highlights | 2026 US Open Quarterfinal,wYd7I5_tMEs,https://www.youtube.com/watch?v=wYd7I5_tMEs,US Open Tennis Championships,UCXbboag48Qlr78zzz6SkzkQ,Ugzil7oXjahPJFoU9Lx4AaABAg,https://www.youtube.com/watch?v=wYd7I5_tMEs&lc=Ugzil7oXjahPJFoU9Lx4AaABAg,Ben at his best and Carlos coming back from injury. Great match!,@gkhanuman73,,12,
YT000303,Ben Shelton vs Carlos Alcaraz (2026 US Open Quarterfinal),Tennis,,Ben Shelton vs. Carlos Alcaraz Highlights | 2026 US Open Quarterfinal,wYd7I5_tMEs,https://www.youtube.com/watch?v=wYd7I5_tMEs,US Open Tennis Championships,UCXbboag48Qlr78zzz6SkzkQ,UgxBsr3FhJG5HnqHFSd4AaABAg,https://www.youtube.com/watch?v=wYd7I5_tMEs&lc=UgxBsr3FhJG5HnqHFSd4AaABAg,I NEED THE FULL MATCH UPLOAD ASAP !!!,@ntobekomtimkulu239,,437,10
YT000304,Ben Shelton vs Carlos Alcaraz (2026 US Open Quarterfinal),Tennis,,Ben Shelton vs. Carlos Alcaraz Highlights | 2026 US Open Quarterfinal,wYd7I5_tMEs,https://www.youtube.com/watch?v=wYd7I5_tMEs,US Open Tennis Championships,UCXbboag48Qlr78zzz6SkzkQ,UgygeRCclnyTp_pHoZ94AaABAg,https://www.youtube.com/watch?v=wYd7I5_tMEs&lc=UgygeRCclnyTp_pHoZ94AaABAg,"Ben Shelton’s serve is MASSIVE! 🔥 146 MPH to close out match point?! What a game! And that left-hand delivery is just ridiculous. 👏🎾
Shoutout to Alcaraz great display of the class he brings to tennis — but honestly, this match deserved a much better time slot. Imagine the tennis world watching this live! 😭🔥
Who else thinks this should’ve been a prime-time match? 👀",@LaryB-v1e,,172,11
YT000305,Flavio Cobolli vs Alexander Zverev (2026 Roland-Garros Men’s Final),Tennis,2026-06-07,Flavio Cobolli vs Alexander Zverev | Men's Final Highlights by Emirates | Roland-Garros 2026,WfxpIK_TvEQ,https://www.youtube.com/watch?v=WfxpIK_TvEQ,Roland-Garros,UCF3K1Jf8hjFW8qliei8fQ3A,UgyAWnm8HfcIk9UOeLR4AaABAg,https://www.youtube.com/watch?v=WfxpIK_TvEQ&lc=UgyAWnm8HfcIk9UOeLR4AaABAg,What a long wait for a Grand Slam. Congrats Zverev.,@bosanpisan,,1.7K,11
YT000306,Flavio Cobolli vs Alexander Zverev (2026 Roland-Garros Men’s Final),Tennis,2026-06-07,Flavio Cobolli vs Alexander Zverev | Men's Final Highlights by Emirates | Roland-Garros 2026,WfxpIK_TvEQ,https://www.youtube.com/watch?v=WfxpIK_TvEQ,Roland-Garros,UCF3K1Jf8hjFW8qliei8fQ3A,UgxLplp9tVVD06ym95p4AaABAg,https://www.youtube.com/watch?v=WfxpIK_TvEQ&lc=UgxLplp9tVVD06ym95p4AaABAg,"Can feel Zverevs emotions, it has come after years, he truly deserved one. Now he will be at peace.",@framecolors1987,,266,2
YT000307,Flavio Cobolli vs Alexander Zverev (2026 Roland-Garros Men’s Final),Tennis,2026-06-07,Flavio Cobolli vs Alexander Zverev | Men's Final Highlights by Emirates | Roland-Garros 2026,WfxpIK_TvEQ,https://www.youtube.com/watch?v=WfxpIK_TvEQ,Roland-Garros,UCF3K1Jf8hjFW8qliei8fQ3A,UgxJUXPJjzT26NW2_MJ4AaABAg,https://www.youtube.com/watch?v=WfxpIK_TvEQ&lc=UgxJUXPJjzT26NW2_MJ4AaABAg,The wait was worth it. Congratulations to Zverev. Amazing,@starbro6,,431,1
YT000308,Flavio Cobolli vs Alexander Zverev (2026 Roland-Garros Men’s Final),Tennis,2026-06-07,Flavio Cobolli vs Alexander Zverev | Men's Final Highlights by Emirates | Roland-Garros 2026,WfxpIK_TvEQ,https://www.youtube.com/watch?v=WfxpIK_TvEQ,Roland-Garros,UCF3K1Jf8hjFW8qliei8fQ3A,Ugyb9JIzaSH6q3lbNKZ4AaABAg,https://www.youtube.com/watch?v=WfxpIK_TvEQ&lc=Ugyb9JIzaSH6q3lbNKZ4AaABAg,"What a game by Cobolli! He pushed Zverev to 5th set, but experience got the edge in the end.",@user-rj1kk9df6q,,553,6
YT000309,Flavio Cobolli vs Alexander Zverev (2026 Roland-Garros Men’s Final),Tennis,2026-06-07,Flavio Cobolli vs Alexander Zverev | Men's Final Highlights by Emirates | Roland-Garros 2026,WfxpIK_TvEQ,https://www.youtube.com/watch?v=WfxpIK_TvEQ,Roland-Garros,UCF3K1Jf8hjFW8qliei8fQ3A,Ugyc_sakimkwfhI0Lzd4AaABAg,https://www.youtube.com/watch?v=WfxpIK_TvEQ&lc=Ugyc_sakimkwfhI0Lzd4AaABAg,"As an Italian, I’m absolutely delighted for Sasha; no one deserved to win a Grand Slam more than he did",@lorenzocor5715,,2.2K,66
YT000310,Flavio Cobolli vs Alexander Zverev (2026 Roland-Garros Men’s Final),Tennis,2026-06-07,Flavio Cobolli vs Alexander Zverev | Men's Final Highlights by Emirates | Roland-Garros 2026,WfxpIK_TvEQ,https://www.youtube.com/watch?v=WfxpIK_TvEQ,Roland-Garros,UCF3K1Jf8hjFW8qliei8fQ3A,UgxGG1jBH06uhl0_6nZ4AaABAg,https://www.youtube.com/watch?v=WfxpIK_TvEQ&lc=UgxGG1jBH06uhl0_6nZ4AaABAg,"A win after so many defeats feels the sweetest. 🎉👏 Congratulations, Zverev! A true example of resilience, perseverance, and never giving",@Pras-k6,,301,3
YT000311,Flavio Cobolli vs Alexander Zverev (2026 Roland-Garros Men’s Final),Tennis,2026-06-07,Flavio Cobolli vs Alexander Zverev | Men's Final Highlights by Emirates | Roland-Garros 2026,WfxpIK_TvEQ,https://www.youtube.com/watch?v=WfxpIK_TvEQ,Roland-Garros,UCF3K1Jf8hjFW8qliei8fQ3A,UgzwqRzokdTrzC7eNYx4AaABAg,https://www.youtube.com/watch?v=WfxpIK_TvEQ&lc=UgzwqRzokdTrzC7eNYx4AaABAg,This match was epic. So happy for Sascha...but hats off to the young lad he is going to be a great player in the future.,@StiaanVandenBerg-t1b,,936,16
YT000312,Flavio Cobolli vs Alexander Zverev (2026 Roland-Garros Men’s Final),Tennis,2026-06-07,Flavio Cobolli vs Alexander Zverev | Men's Final Highlights by Emirates | Roland-Garros 2026,WfxpIK_TvEQ,https://www.youtube.com/watch?v=WfxpIK_TvEQ,Roland-Garros,UCF3K1Jf8hjFW8qliei8fQ3A,UgyF8huPVx70_wyX_IR4AaABAg,https://www.youtube.com/watch?v=WfxpIK_TvEQ&lc=UgyF8huPVx70_wyX_IR4AaABAg,"Grand Slam baby!!!!!!  Long over due, Finally!",@eddieedison709,,209,
YT000313,Flavio Cobolli vs Alexander Zverev (2026 Roland-Garros Men’s Final),Tennis,2026-06-07,Flavio Cobolli vs Alexander Zverev | Men's Final Highlights by Emirates | Roland-Garros 2026,WfxpIK_TvEQ,https://www.youtube.com/watch?v=WfxpIK_TvEQ,Roland-Garros,UCF3K1Jf8hjFW8qliei8fQ3A,Ugz4VexySVC-4g6-St54AaABAg,https://www.youtube.com/watch?v=WfxpIK_TvEQ&lc=Ugz4VexySVC-4g6-St54AaABAg,"Finally, no one will be able to ask him when he’ll win his first Grand Slam! 🎉 I’m so happy for him! It was soooo long overdue! ❤",@ticktack1,,396,7
YT000314,Flavio Cobolli vs Alexander Zverev (2026 Roland-Garros Men’s Final),Tennis,2026-06-07,Flavio Cobolli vs Alexander Zverev | Men's Final Highlights by Emirates | Roland-Garros 2026,WfxpIK_TvEQ,https://www.youtube.com/watch?v=WfxpIK_TvEQ,Roland-Garros,UCF3K1Jf8hjFW8qliei8fQ3A,UgzbxP_uWbfYqcDZBR54AaABAg,https://www.youtube.com/watch?v=WfxpIK_TvEQ&lc=UgzbxP_uWbfYqcDZBR54AaABAg,This is Zverev audience win who were waited for 17 years.❤❤🎉🎉,@Eternalcosmiclife,,19,
YT000315,Flavio Cobolli vs Alexander Zverev (2026 Roland-Garros Men’s Final),Tennis,2026-06-07,Flavio Cobolli vs Alexander Zverev | Men's Final Highlights by Emirates | Roland-Garros 2026,WfxpIK_TvEQ,https://www.youtube.com/watch?v=WfxpIK_TvEQ,Roland-Garros,UCF3K1Jf8hjFW8qliei8fQ3A,Ugx-XoPxVUV6RyfvZnV4AaABAg,https://www.youtube.com/watch?v=WfxpIK_TvEQ&lc=Ugx-XoPxVUV6RyfvZnV4AaABAg,"Winning Rolland Garros with Type 1 Diabetes , You are Inspiration Sasha. Congratulations on your first Slam",@Chahal-ib7yn,,1.7K,40
YT000316,Flavio Cobolli vs Alexander Zverev (2026 Roland-Garros Men’s Final),Tennis,2026-06-07,Flavio Cobolli vs Alexander Zverev | Men's Final Highlights by Emirates | Roland-Garros 2026,WfxpIK_TvEQ,https://www.youtube.com/watch?v=WfxpIK_TvEQ,Roland-Garros,UCF3K1Jf8hjFW8qliei8fQ3A,UgwUC94AlbIPNcgZTJt4AaABAg,https://www.youtube.com/watch?v=WfxpIK_TvEQ&lc=UgwUC94AlbIPNcgZTJt4AaABAg,Super-stoked for Zverev; he really seemed like he was being more aggressive & living up to what we all knew he's been capable of.,@philsbigboxofwhatever,,34,
YT000317,Flavio Cobolli vs Alexander Zverev (2026 Roland-Garros Men’s Final),Tennis,2026-06-07,Flavio Cobolli vs Alexander Zverev | Men's Final Highlights by Emirates | Roland-Garros 2026,WfxpIK_TvEQ,https://www.youtube.com/watch?v=WfxpIK_TvEQ,Roland-Garros,UCF3K1Jf8hjFW8qliei8fQ3A,UgxiBVLTogw-x9yCxAJ4AaABAg,https://www.youtube.com/watch?v=WfxpIK_TvEQ&lc=UgxiBVLTogw-x9yCxAJ4AaABAg,Finally Zverev is a GRAND SLAM CHAMPION.,@rishavkapta8636,,786,18
YT000318,Flavio Cobolli vs Alexander Zverev (2026 Roland-Garros Men’s Final),Tennis,2026-06-07,Flavio Cobolli vs Alexander Zverev | Men's Final Highlights by Emirates | Roland-Garros 2026,WfxpIK_TvEQ,https://www.youtube.com/watch?v=WfxpIK_TvEQ,Roland-Garros,UCF3K1Jf8hjFW8qliei8fQ3A,Ugz8UeoixvBOtSticfN4AaABAg,https://www.youtube.com/watch?v=WfxpIK_TvEQ&lc=Ugz8UeoixvBOtSticfN4AaABAg,"I've never wanted to see a player win a Grand Slam so badly. Congratulations Sasha, you fully deserve it",@Sacrifice-n6w,,39,
YT000319,Flavio Cobolli vs Alexander Zverev (2026 Roland-Garros Men’s Final),Tennis,2026-06-07,Flavio Cobolli vs Alexander Zverev | Men's Final Highlights by Emirates | Roland-Garros 2026,WfxpIK_TvEQ,https://www.youtube.com/watch?v=WfxpIK_TvEQ,Roland-Garros,UCF3K1Jf8hjFW8qliei8fQ3A,UgwJ4vS00NfXVHnSRGN4AaABAg,https://www.youtube.com/watch?v=WfxpIK_TvEQ&lc=UgwJ4vS00NfXVHnSRGN4AaABAg,"5th set by sasha was a statement of what Roland Garros stands for.. ""victory belongs to the most tenacious""

Well deserved👏",@mattongh,,13,1
YT000320,Flavio Cobolli vs Alexander Zverev (2026 Roland-Garros Men’s Final),Tennis,2026-06-07,Flavio Cobolli vs Alexander Zverev | Men's Final Highlights by Emirates | Roland-Garros 2026,WfxpIK_TvEQ,https://www.youtube.com/watch?v=WfxpIK_TvEQ,Roland-Garros,UCF3K1Jf8hjFW8qliei8fQ3A,Ugx1yO79ts1QbqsNAkt4AaABAg,https://www.youtube.com/watch?v=WfxpIK_TvEQ&lc=Ugx1yO79ts1QbqsNAkt4AaABAg,Just believe in yourself and work hard❤ Sascha you have done it🥺 . Congratulations 🎉,@sohan.654,,135,
YT000321,Alexander Zverev wins the 2026 Roland-Garros Final,Tennis,2026-06-07,The Moment Zverev WINS His First Grand Slam Title 🏆 2026 Roland Garros Final,YlcW4pbxj_E,https://www.youtube.com/watch?v=YlcW4pbxj_E,House of Highlights,UCqQo7ewe87aYAe7ub5UqXMw,UgzdtiBO2sL48wESfOt4AaABAg,https://www.youtube.com/watch?v=YlcW4pbxj_E&lc=UgzdtiBO2sL48wESfOt4AaABAg,I am so happy for him after all those unsuccessful attempts & finally won the slam. He's a warrior who never gave up. Kudos to him.,@davidbatin1699,,301,9
YT000322,Alexander Zverev wins the 2026 Roland-Garros Final,Tennis,2026-06-07,The Moment Zverev WINS His First Grand Slam Title 🏆 2026 Roland Garros Final,YlcW4pbxj_E,https://www.youtube.com/watch?v=YlcW4pbxj_E,House of Highlights,UCqQo7ewe87aYAe7ub5UqXMw,Ugx91qKzUf6jkTgzxlx4AaABAg,https://www.youtube.com/watch?v=YlcW4pbxj_E&lc=Ugx91qKzUf6jkTgzxlx4AaABAg,"Deserved it. After all those years. Well done Sascha!

🏆🏆🏆",@Faraway70000,,238,1
YT000323,Alexander Zverev wins the 2026 Roland-Garros Final,Tennis,2026-06-07,The Moment Zverev WINS His First Grand Slam Title 🏆 2026 Roland Garros Final,YlcW4pbxj_E,https://www.youtube.com/watch?v=YlcW4pbxj_E,House of Highlights,UCqQo7ewe87aYAe7ub5UqXMw,Ugy8Vc8xYX8g-effsP54AaABAg,https://www.youtube.com/watch?v=YlcW4pbxj_E&lc=Ugy8Vc8xYX8g-effsP54AaABAg,I'm italian...but this title is soooo well deserved for Sasha!,@alberto-os1bx,,154,3
YT000324,Alexander Zverev wins the 2026 Roland-Garros Final,Tennis,2026-06-07,The Moment Zverev WINS His First Grand Slam Title 🏆 2026 Roland Garros Final,YlcW4pbxj_E,https://www.youtube.com/watch?v=YlcW4pbxj_E,House of Highlights,UCqQo7ewe87aYAe7ub5UqXMw,Ugxg3sirS059_acLxlV4AaABAg,https://www.youtube.com/watch?v=YlcW4pbxj_E&lc=Ugxg3sirS059_acLxlV4AaABAg,Am glad Zverev won. Anyone whose been in the tour long deserve to win a Grand Slam!,@Jackiew4191,,40,
YT000325,Alexander Zverev wins the 2026 Roland-Garros Final,Tennis,2026-06-07,The Moment Zverev WINS His First Grand Slam Title 🏆 2026 Roland Garros Final,YlcW4pbxj_E,https://www.youtube.com/watch?v=YlcW4pbxj_E,House of Highlights,UCqQo7ewe87aYAe7ub5UqXMw,Ugx3GUgYsbD_iUK_-gd4AaABAg,https://www.youtube.com/watch?v=YlcW4pbxj_E&lc=Ugx3GUgYsbD_iUK_-gd4AaABAg,"If someone deserved to finally win a Slam, that's Sasha! So glad for him!",@fortissimoX,,36,
YT000326,Alexander Zverev wins the 2026 Roland-Garros Final,Tennis,2026-06-07,The Moment Zverev WINS His First Grand Slam Title 🏆 2026 Roland Garros Final,YlcW4pbxj_E,https://www.youtube.com/watch?v=YlcW4pbxj_E,House of Highlights,UCqQo7ewe87aYAe7ub5UqXMw,UgyHwC3GV7YeAa0tHF14AaABAg,https://www.youtube.com/watch?v=YlcW4pbxj_E&lc=UgyHwC3GV7YeAa0tHF14AaABAg,"Well done Sascha!! You broke thru the hurdles, and won. Well deserved!",@FLORIDA_CARIBBEAN_PACIFIC,,71,
YT000327,Alexander Zverev wins the 2026 Roland-Garros Final,Tennis,2026-06-07,The Moment Zverev WINS His First Grand Slam Title 🏆 2026 Roland Garros Final,YlcW4pbxj_E,https://www.youtube.com/watch?v=YlcW4pbxj_E,House of Highlights,UCqQo7ewe87aYAe7ub5UqXMw,Ugxccpu2PgriAehWlWV4AaABAg,https://www.youtube.com/watch?v=YlcW4pbxj_E&lc=Ugxccpu2PgriAehWlWV4AaABAg,What a demonstration of will power and physical power especially in the 5th set after being in pain for most of the 4th set. Congrats Sascha!,@foestar,,24,
YT000328,Alexander Zverev wins the 2026 Roland-Garros Final,Tennis,2026-06-07,The Moment Zverev WINS His First Grand Slam Title 🏆 2026 Roland Garros Final,YlcW4pbxj_E,https://www.youtube.com/watch?v=YlcW4pbxj_E,House of Highlights,UCqQo7ewe87aYAe7ub5UqXMw,Ugyaig5iHjrKuW4AwKx4AaABAg,https://www.youtube.com/watch?v=YlcW4pbxj_E&lc=Ugyaig5iHjrKuW4AwKx4AaABAg,"No one can say now that Zverev is the best player who has not won a Slam.  He didn't give up; he has done it.  Well done.  Now, I hope you can carry that confidence you can do it again and again.",@YoungYoung-k5u,,130,17
YT000329,Alexander Zverev wins the 2026 Roland-Garros Final,Tennis,2026-06-07,The Moment Zverev WINS His First Grand Slam Title 🏆 2026 Roland Garros Final,YlcW4pbxj_E,https://www.youtube.com/watch?v=YlcW4pbxj_E,House of Highlights,UCqQo7ewe87aYAe7ub5UqXMw,UgwhppDQtPTUFNDHm3Z4AaABAg,https://www.youtube.com/watch?v=YlcW4pbxj_E&lc=UgwhppDQtPTUFNDHm3Z4AaABAg,"Ohhhh I am so happy that he got it!!!! Wow, Sascha - you got itttt!!!!!!!",@marcos.1481,,49,
YT000330,Alexander Zverev wins the 2026 Roland-Garros Final,Tennis,2026-06-07,The Moment Zverev WINS His First Grand Slam Title 🏆 2026 Roland Garros Final,YlcW4pbxj_E,https://www.youtube.com/watch?v=YlcW4pbxj_E,House of Highlights,UCqQo7ewe87aYAe7ub5UqXMw,UgyLzGBV5q1GmdLMkqN4AaABAg,https://www.youtube.com/watch?v=YlcW4pbxj_E&lc=UgyLzGBV5q1GmdLMkqN4AaABAg,"After so many people said he will never win a slam it is so satisfying to see Zverev prove them all wrong. It doesn’t matter if Sinner lost 2nd round or Alcaraz was injured, the fact that Zverev did what he had to do and has been consistently making it far in almost every tournament he’s played this season. Hard earned and well deserved.",@John_tennis22,,30,3
YT000331,Alexander Zverev wins the 2026 Roland-Garros Final,Tennis,2026-06-07,The Moment Zverev WINS His First Grand Slam Title 🏆 2026 Roland Garros Final,YlcW4pbxj_E,https://www.youtube.com/watch?v=YlcW4pbxj_E,House of Highlights,UCqQo7ewe87aYAe7ub5UqXMw,UgyLqGo9vHGr9rNDrfZ4AaABAg,https://www.youtube.com/watch?v=YlcW4pbxj_E&lc=UgyLqGo9vHGr9rNDrfZ4AaABAg,I’m so happy for Sasha,@jeremyd5850,,46,
YT000332,Alexander Zverev wins the 2026 Roland-Garros Final,Tennis,2026-06-07,The Moment Zverev WINS His First Grand Slam Title 🏆 2026 Roland Garros Final,YlcW4pbxj_E,https://www.youtube.com/watch?v=YlcW4pbxj_E,House of Highlights,UCqQo7ewe87aYAe7ub5UqXMw,UgxDUHWy_p9ExgRugfJ4AaABAg,https://www.youtube.com/watch?v=YlcW4pbxj_E&lc=UgxDUHWy_p9ExgRugfJ4AaABAg,Was pulling for him to win after Djoker got bounced. So happy for him - he finally won a slam,@holyfamilycrusader3512,,22,
YT000333,Alexander Zverev wins the 2026 Roland-Garros Final,Tennis,2026-06-07,The Moment Zverev WINS His First Grand Slam Title 🏆 2026 Roland Garros Final,YlcW4pbxj_E,https://www.youtube.com/watch?v=YlcW4pbxj_E,House of Highlights,UCqQo7ewe87aYAe7ub5UqXMw,UgxbZrWlf69nuii-IWd4AaABAg,https://www.youtube.com/watch?v=YlcW4pbxj_E&lc=UgxbZrWlf69nuii-IWd4AaABAg,"Bravoooo, Mr. Zverev!  I am so happy for you!",@janethmurillo5196,,27,
YT000334,Alexander Zverev wins the 2026 Roland-Garros Final,Tennis,2026-06-07,The Moment Zverev WINS His First Grand Slam Title 🏆 2026 Roland Garros Final,YlcW4pbxj_E,https://www.youtube.com/watch?v=YlcW4pbxj_E,House of Highlights,UCqQo7ewe87aYAe7ub5UqXMw,UgzjRKLzgwCSxOdH-tF4AaABAg,https://www.youtube.com/watch?v=YlcW4pbxj_E&lc=UgzjRKLzgwCSxOdH-tF4AaABAg,❤absolutely brilliant Sasha.  At last.,@KathyMonckton,,45,
YT000335,Alexander Zverev wins the 2026 Roland-Garros Final,Tennis,2026-06-07,The Moment Zverev WINS His First Grand Slam Title 🏆 2026 Roland Garros Final,YlcW4pbxj_E,https://www.youtube.com/watch?v=YlcW4pbxj_E,House of Highlights,UCqQo7ewe87aYAe7ub5UqXMw,UgzZkOwacvyVr_IljOJ4AaABAg,https://www.youtube.com/watch?v=YlcW4pbxj_E&lc=UgzZkOwacvyVr_IljOJ4AaABAg,"I’m Italian and sad for Flavio but I’m deeply happy for Sasha, he deserves it, even more after all the unlucky events he had to deal with. True champion.",@alessandromariamalatesta7389,,16,1
YT000336,Alexander Zverev wins the 2026 Roland-Garros Final,Tennis,2026-06-07,The Moment Zverev WINS His First Grand Slam Title 🏆 2026 Roland Garros Final,YlcW4pbxj_E,https://www.youtube.com/watch?v=YlcW4pbxj_E,House of Highlights,UCqQo7ewe87aYAe7ub5UqXMw,Ugyn6dxnJpay7377Q6l4AaABAg,https://www.youtube.com/watch?v=YlcW4pbxj_E&lc=Ugyn6dxnJpay7377Q6l4AaABAg,"People will say that the draw opened for him and that it was an easy win. Yes, the stars aligned but you have take into account how much pressure was on his back and he handled it very good. All the best to Zverev!",@Nikica40,,18,2
YT000337,Maja Chwalinska vs Mirra Andreeva (2026 Roland-Garros Women’s Final),Tennis,2026-06-06,Maja Chwalinska vs Mirra Andreeva | Women's Final Highlights by Emirates | Roland-Garros 2026,WVWjACQ11-Y,https://www.youtube.com/watch?v=WVWjACQ11-Y,Roland-Garros,UCF3K1Jf8hjFW8qliei8fQ3A,Ugz90MMBKC6vCvy2xk94AaABAg,https://www.youtube.com/watch?v=WVWjACQ11-Y&lc=Ugz90MMBKC6vCvy2xk94AaABAg,Thank you for the 12 minute highlights.,@a3predict563,,804,15
YT000338,Maja Chwalinska vs Mirra Andreeva (2026 Roland-Garros Women’s Final),Tennis,2026-06-06,Maja Chwalinska vs Mirra Andreeva | Women's Final Highlights by Emirates | Roland-Garros 2026,WVWjACQ11-Y,https://www.youtube.com/watch?v=WVWjACQ11-Y,Roland-Garros,UCF3K1Jf8hjFW8qliei8fQ3A,UgwbXlxy1onbQIXsPrt4AaABAg,https://www.youtube.com/watch?v=WVWjACQ11-Y&lc=UgwbXlxy1onbQIXsPrt4AaABAg,"Congratulations to Mirra. She played phenomenally and fully deserved the victory. Although, as a Pole, I was supporting Maja the whole time, I have to admit that she was the weaker. But I’m still pleased that the finalists were from Slavic countries. Pozdrawiam wszystkich Słowian (let’s not allow politicians to divide us). :)",@user-glg20,,981,79
YT000339,Maja Chwalinska vs Mirra Andreeva (2026 Roland-Garros Women’s Final),Tennis,2026-06-06,Maja Chwalinska vs Mirra Andreeva | Women's Final Highlights by Emirates | Roland-Garros 2026,WVWjACQ11-Y,https://www.youtube.com/watch?v=WVWjACQ11-Y,Roland-Garros,UCF3K1Jf8hjFW8qliei8fQ3A,UgyzGKOEkjjR70ClzXB4AaABAg,https://www.youtube.com/watch?v=WVWjACQ11-Y&lc=UgyzGKOEkjjR70ClzXB4AaABAg,"Молодець, Мірро, вітаю з першим титулом на Ролан Гаррос!! 🇺🇦❤️🇷🇺",@Nash-NYC,,199,8
YT000340,Maja Chwalinska vs Mirra Andreeva (2026 Roland-Garros Women’s Final),Tennis,2026-06-06,Maja Chwalinska vs Mirra Andreeva | Women's Final Highlights by Emirates | Roland-Garros 2026,WVWjACQ11-Y,https://www.youtube.com/watch?v=WVWjACQ11-Y,Roland-Garros,UCF3K1Jf8hjFW8qliei8fQ3A,Ugz8voMlA0Nu5tcaGyd4AaABAg,https://www.youtube.com/watch?v=WVWjACQ11-Y&lc=Ugz8voMlA0Nu5tcaGyd4AaABAg,"Mirra Andreeva , I have been following this kid for three years. Even though Elena Rybakina is still my favorite player, I always felt that Mirra had the potential to become one of the future faces of tennis. Because of all the controversy and criticism surrounding Russian players, I really wanted her to prove her doubters wrong on the court.
After Elena's upset exit, I started hoping that Mirra would go all the way and lift her maiden Grand Slam trophy. Following World No. 1 Aryna Sabalenka's exit, she became one of the favorites for the title.
In the semifinals, she faced Marta Kostyuk in a match that carried plenty of political baggage, but Mirra stayed focused and got her revenge for Madrid. She then defeated the talented Polish player Maja Chwalińska, bringing her fairytale run to an end.
And now Mirra has done it—she has won her maiden Roland Garros title. What an incredible achievement for such a young player.
There were thousands of comments spreading this kind of NATO propaganda and nonsense. Why should players be held responsible for a war they have nothing to do with? Tennis players are athletes, not politicians. I'm glad Mirra answered her critics the best way possible—with her performances on the court and by winning.


P.S. Elena Rybakina will always be my favorite player, and I'll support her forever. But after Lena's early exit, I'm genuinely happy that Mirra went on to win the tournament. ❤🏆",@godofthunder5485,,42,
YT000341,Maja Chwalinska vs Mirra Andreeva (2026 Roland-Garros Women’s Final),Tennis,2026-06-06,Maja Chwalinska vs Mirra Andreeva | Women's Final Highlights by Emirates | Roland-Garros 2026,WVWjACQ11-Y,https://www.youtube.com/watch?v=WVWjACQ11-Y,Roland-Garros,UCF3K1Jf8hjFW8qliei8fQ3A,UgxM8ysa4LgOyK-9Nvh4AaABAg,https://www.youtube.com/watch?v=WVWjACQ11-Y&lc=UgxM8ysa4LgOyK-9Nvh4AaABAg,"Cool, calm and collected. Very solid performance from Mirra.",@TyInMelb,,363,6
YT000342,Maja Chwalinska vs Mirra Andreeva (2026 Roland-Garros Women’s Final),Tennis,2026-06-06,Maja Chwalinska vs Mirra Andreeva | Women's Final Highlights by Emirates | Roland-Garros 2026,WVWjACQ11-Y,https://www.youtube.com/watch?v=WVWjACQ11-Y,Roland-Garros,UCF3K1Jf8hjFW8qliei8fQ3A,UgytATzlUe_UuJRE2aB4AaABAg,https://www.youtube.com/watch?v=WVWjACQ11-Y&lc=UgytATzlUe_UuJRE2aB4AaABAg,Parabéns a tenista polonesa pela sua atitude depois de perder cumprimentando a tenista russa como uma verdadeira esportista.,@CiceroVale-b1t,,63,1
YT000343,Maja Chwalinska vs Mirra Andreeva (2026 Roland-Garros Women’s Final),Tennis,2026-06-06,Maja Chwalinska vs Mirra Andreeva | Women's Final Highlights by Emirates | Roland-Garros 2026,WVWjACQ11-Y,https://www.youtube.com/watch?v=WVWjACQ11-Y,Roland-Garros,UCF3K1Jf8hjFW8qliei8fQ3A,UgzAbjckJ4PlLdfoXFZ4AaABAg,https://www.youtube.com/watch?v=WVWjACQ11-Y&lc=UgzAbjckJ4PlLdfoXFZ4AaABAg,How are notice that ball hitting sound come first then after the movement is showing 😅😮😮,@shivab6668,,518,14
YT000344,Maja Chwalinska vs Mirra Andreeva (2026 Roland-Garros Women’s Final),Tennis,2026-06-06,Maja Chwalinska vs Mirra Andreeva | Women's Final Highlights by Emirates | Roland-Garros 2026,WVWjACQ11-Y,https://www.youtube.com/watch?v=WVWjACQ11-Y,Roland-Garros,UCF3K1Jf8hjFW8qliei8fQ3A,Ugz0iRa4kjZHriXzpGt4AaABAg,https://www.youtube.com/watch?v=WVWjACQ11-Y&lc=Ugz0iRa4kjZHriXzpGt4AaABAg,"Congratulations Mirra on your first Grand Slam, you played really well against a difficult opponent who had a lot of crowd support. Maja, what a tournament, you’ve been amazing!!!",@ronanrogers4127,,149,
YT000345,Maja Chwalinska vs Mirra Andreeva (2026 Roland-Garros Women’s Final),Tennis,2026-06-06,Maja Chwalinska vs Mirra Andreeva | Women's Final Highlights by Emirates | Roland-Garros 2026,WVWjACQ11-Y,https://www.youtube.com/watch?v=WVWjACQ11-Y,Roland-Garros,UCF3K1Jf8hjFW8qliei8fQ3A,UgziDxKWVS7rEFqFYLF4AaABAg,https://www.youtube.com/watch?v=WVWjACQ11-Y&lc=UgziDxKWVS7rEFqFYLF4AaABAg,"Big congrats to both Mirra & Maja for a wonderful GS, so touching, refreshing. You are the inspiration.",@nguoibantotnhat,,154,1
YT000346,Maja Chwalinska vs Mirra Andreeva (2026 Roland-Garros Women’s Final),Tennis,2026-06-06,Maja Chwalinska vs Mirra Andreeva | Women's Final Highlights by Emirates | Roland-Garros 2026,WVWjACQ11-Y,https://www.youtube.com/watch?v=WVWjACQ11-Y,Roland-Garros,UCF3K1Jf8hjFW8qliei8fQ3A,UgxdIDFQIAcvpdn65v54AaABAg,https://www.youtube.com/watch?v=WVWjACQ11-Y&lc=UgxdIDFQIAcvpdn65v54AaABAg,What a screamless finale! Congratulations Mira on your maiden Grand Slam.You have been very wonderful throughout this tournament.,@anyanelemd3398,,340,10
YT000347,Maja Chwalinska vs Mirra Andreeva (2026 Roland-Garros Women’s Final),Tennis,2026-06-06,Maja Chwalinska vs Mirra Andreeva | Women's Final Highlights by Emirates | Roland-Garros 2026,WVWjACQ11-Y,https://www.youtube.com/watch?v=WVWjACQ11-Y,Roland-Garros,UCF3K1Jf8hjFW8qliei8fQ3A,UgxtH8RKjlcNnENUTNZ4AaABAg,https://www.youtube.com/watch?v=WVWjACQ11-Y&lc=UgxtH8RKjlcNnENUTNZ4AaABAg,"Mirra has really grown into an incredibly complete player. Power hitting on its own would not have been enough to beat a strategic finesse opponent like Chwalinska - but the combination of power with tactics, great footwork and all the other shots in her arsenal (and an impressive feat of patience) carried Andreeva through to victory. Congrats on the first of many Grand Slam titles! 💗",@CeleanaAstrid,,50,
YT000348,Maja Chwalinska vs Mirra Andreeva (2026 Roland-Garros Women’s Final),Tennis,2026-06-06,Maja Chwalinska vs Mirra Andreeva | Women's Final Highlights by Emirates | Roland-Garros 2026,WVWjACQ11-Y,https://www.youtube.com/watch?v=WVWjACQ11-Y,Roland-Garros,UCF3K1Jf8hjFW8qliei8fQ3A,UgxpudSgIFRAFafb-et4AaABAg,https://www.youtube.com/watch?v=WVWjACQ11-Y&lc=UgxpudSgIFRAFafb-et4AaABAg,Heartiest congratulations Mirra!! Many more...,@ajitgadre8413,,33,
YT000349,Maja Chwalinska vs Mirra Andreeva (2026 Roland-Garros Women’s Final),Tennis,2026-06-06,Maja Chwalinska vs Mirra Andreeva | Women's Final Highlights by Emirates | Roland-Garros 2026,WVWjACQ11-Y,https://www.youtube.com/watch?v=WVWjACQ11-Y,Roland-Garros,UCF3K1Jf8hjFW8qliei8fQ3A,Ugx6P0OQRaHxbGUuGMp4AaABAg,https://www.youtube.com/watch?v=WVWjACQ11-Y&lc=Ugx6P0OQRaHxbGUuGMp4AaABAg,Играли в старый добрый теннис 🎾 😊👏👏👏 Молодцы!,@КондорТрейдинг,,23,
YT000350,Maja Chwalinska vs Mirra Andreeva (2026 Roland-Garros Women’s Final),Tennis,2026-06-06,Maja Chwalinska vs Mirra Andreeva | Women's Final Highlights by Emirates | Roland-Garros 2026,WVWjACQ11-Y,https://www.youtube.com/watch?v=WVWjACQ11-Y,Roland-Garros,UCF3K1Jf8hjFW8qliei8fQ3A,Ugwx-DLjkqSoIVq-LQN4AaABAg,https://www.youtube.com/watch?v=WVWjACQ11-Y&lc=Ugwx-DLjkqSoIVq-LQN4AaABAg,MIrra is really a very smart player.  She adapted more and more as the match wore on.  She deserves this slam.  Perfect length for highlights.  Maybe the tennis execs have realized pickleball has 30min match highlights.,@vinzanity68,,267,9
YT000351,Maja Chwalinska vs Mirra Andreeva (2026 Roland-Garros Women’s Final),Tennis,2026-06-06,Maja Chwalinska vs Mirra Andreeva | Women's Final Highlights by Emirates | Roland-Garros 2026,WVWjACQ11-Y,https://www.youtube.com/watch?v=WVWjACQ11-Y,Roland-Garros,UCF3K1Jf8hjFW8qliei8fQ3A,UgyrAq2WW2rGz8kbtrh4AaABAg,https://www.youtube.com/watch?v=WVWjACQ11-Y&lc=UgyrAq2WW2rGz8kbtrh4AaABAg,"Sweet Mirra,congrats for your first GS,and many,many more...",@TrungAnhNguyen-o9l,,205,
YT000352,Maja Chwalinska vs Mirra Andreeva (2026 Roland-Garros Women’s Final),Tennis,2026-06-06,Maja Chwalinska vs Mirra Andreeva | Women's Final Highlights by Emirates | Roland-Garros 2026,WVWjACQ11-Y,https://www.youtube.com/watch?v=WVWjACQ11-Y,Roland-Garros,UCF3K1Jf8hjFW8qliei8fQ3A,Ugzq-6Su9EhY42MCe5V4AaABAg,https://www.youtube.com/watch?v=WVWjACQ11-Y&lc=Ugzq-6Su9EhY42MCe5V4AaABAg,"Συγχαρητήρια Μίρρα, εύχομαι πολλά ακόμα!  'Oμορφος άνθρωπος και μεγάλη αθλήτρια. Mirracle Mirra! With love from Greece.",@1233.-6,,90,
YT000353,2026 Spanish Grand Prix,Formula 1,2026-09-13,Race Highlights | 2026 Spanish Grand Prix,NK7AfP_wi8M,https://www.youtube.com/watch?v=NK7AfP_wi8M,FORMULA 1,UCB_qr75-ydFVKSF9Dmo6izg,Ugw-XFK8ugSCRFxSJV14AaABAg,https://www.youtube.com/watch?v=NK7AfP_wi8M&lc=Ugw-XFK8ugSCRFxSJV14AaABAg,Driver of the day- editor for stretching the highlights to 8 minutes,@theovip5254,,20K,47
YT000354,2026 Spanish Grand Prix,Formula 1,2026-09-13,Race Highlights | 2026 Spanish Grand Prix,NK7AfP_wi8M,https://www.youtube.com/watch?v=NK7AfP_wi8M,FORMULA 1,UCB_qr75-ydFVKSF9Dmo6izg,UgyqbsNWffmO4eqzlhR4AaABAg,https://www.youtube.com/watch?v=NK7AfP_wi8M&lc=UgyqbsNWffmO4eqzlhR4AaABAg,Can't believe they gave up Spa for this.,@TotallyEpicMaster,,6.6K,61
YT000355,2026 Spanish Grand Prix,Formula 1,2026-09-13,Race Highlights | 2026 Spanish Grand Prix,NK7AfP_wi8M,https://www.youtube.com/watch?v=NK7AfP_wi8M,FORMULA 1,UCB_qr75-ydFVKSF9Dmo6izg,Ugxd3nbf8Cx2fOYbNut4AaABAg,https://www.youtube.com/watch?v=NK7AfP_wi8M&lc=Ugxd3nbf8Cx2fOYbNut4AaABAg,"Well, this race will be a lovely scheduled nap for each of the next 9 years",@rebz,,10K,47
YT000356,2026 Spanish Grand Prix,Formula 1,2026-09-13,Race Highlights | 2026 Spanish Grand Prix,NK7AfP_wi8M,https://www.youtube.com/watch?v=NK7AfP_wi8M,FORMULA 1,UCB_qr75-ydFVKSF9Dmo6izg,UgxCr-tlMsrYLBqGx-d4AaABAg,https://www.youtube.com/watch?v=NK7AfP_wi8M&lc=UgxCr-tlMsrYLBqGx-d4AaABAg,"A track with no overtakes and tires that don’t degrade.

Super cool, F1.",@cecilcharlesofficial,,1.2K,5
YT000357,2026 Spanish Grand Prix,Formula 1,2026-09-13,Race Highlights | 2026 Spanish Grand Prix,NK7AfP_wi8M,https://www.youtube.com/watch?v=NK7AfP_wi8M,FORMULA 1,UCB_qr75-ydFVKSF9Dmo6izg,UgykUENuyiubReqkFZ14AaABAg,https://www.youtube.com/watch?v=NK7AfP_wi8M&lc=UgykUENuyiubReqkFZ14AaABAg,I saw a car doing an overtake on the highway bridge near the track.  I cant believe that never made this highlight reel.,@silencedogood7856,,8.5K,16
YT000358,2026 Spanish Grand Prix,Formula 1,2026-09-13,Race Highlights | 2026 Spanish Grand Prix,NK7AfP_wi8M,https://www.youtube.com/watch?v=NK7AfP_wi8M,FORMULA 1,UCB_qr75-ydFVKSF9Dmo6izg,UgyE5N5YTL4j0gaPNg54AaABAg,https://www.youtube.com/watch?v=NK7AfP_wi8M&lc=UgyE5N5YTL4j0gaPNg54AaABAg,"Madring: ❌
MadBoring: ✅✅✅",@ArmoredSpork,,4.9K,12
YT000359,2026 Spanish Grand Prix,Formula 1,2026-09-13,Race Highlights | 2026 Spanish Grand Prix,NK7AfP_wi8M,https://www.youtube.com/watch?v=NK7AfP_wi8M,FORMULA 1,UCB_qr75-ydFVKSF9Dmo6izg,Ugzd1MmPhal7lEm_3-d4AaABAg,https://www.youtube.com/watch?v=NK7AfP_wi8M&lc=Ugzd1MmPhal7lEm_3-d4AaABAg,"Instead of Spa, Nürburgring, Hockenheim, Barcelona we are getting this full-time. Well done.",@f1content2048,,4.5K,39
YT000360,2026 Spanish Grand Prix,Formula 1,2026-09-13,Race Highlights | 2026 Spanish Grand Prix,NK7AfP_wi8M,https://www.youtube.com/watch?v=NK7AfP_wi8M,FORMULA 1,UCB_qr75-ydFVKSF9Dmo6izg,Ugx-hTPgyCqYjXAGWs94AaABAg,https://www.youtube.com/watch?v=NK7AfP_wi8M&lc=Ugx-hTPgyCqYjXAGWs94AaABAg,The fact that the highlights went from lap 29 to lap 43 tells you everything you need to know about this race lol,@frankimpa,,203,2
YT000361,2026 Spanish Grand Prix,Formula 1,2026-09-13,Race Highlights | 2026 Spanish Grand Prix,NK7AfP_wi8M,https://www.youtube.com/watch?v=NK7AfP_wi8M,FORMULA 1,UCB_qr75-ydFVKSF9Dmo6izg,UgyPRjDslkwRhJMN6mh4AaABAg,https://www.youtube.com/watch?v=NK7AfP_wi8M&lc=UgyPRjDslkwRhJMN6mh4AaABAg,Track designed with no passing allowed and nothing but a wall of ads to look at. Really makes you think.,@scotiabushcraft9570,,4.7K,31
YT000362,2026 Spanish Grand Prix,Formula 1,2026-09-13,Race Highlights | 2026 Spanish Grand Prix,NK7AfP_wi8M,https://www.youtube.com/watch?v=NK7AfP_wi8M,FORMULA 1,UCB_qr75-ydFVKSF9Dmo6izg,UgwKL0VKQZPdoFo2Lpd4AaABAg,https://www.youtube.com/watch?v=NK7AfP_wi8M&lc=UgwKL0VKQZPdoFo2Lpd4AaABAg,JUSTICE FOR SPA FRANCORCHAMPS,@DoorTechnicianRick,,2.3K,5
YT000363,2026 Spanish Grand Prix,Formula 1,2026-09-13,Race Highlights | 2026 Spanish Grand Prix,NK7AfP_wi8M,https://www.youtube.com/watch?v=NK7AfP_wi8M,FORMULA 1,UCB_qr75-ydFVKSF9Dmo6izg,UgzjGwoUOvc8KApoIiN4AaABAg,https://www.youtube.com/watch?v=NK7AfP_wi8M&lc=UgzjGwoUOvc8KApoIiN4AaABAg,"Peak useless fact:

Monaco 2026 gp highlights is longer than this",@lucasbritto7099,,3.4K,12
YT000364,2026 Spanish Grand Prix,Formula 1,2026-09-13,Race Highlights | 2026 Spanish Grand Prix,NK7AfP_wi8M,https://www.youtube.com/watch?v=NK7AfP_wi8M,FORMULA 1,UCB_qr75-ydFVKSF9Dmo6izg,UgyhAD8LmRwoGp4v-X54AaABAg,https://www.youtube.com/watch?v=NK7AfP_wi8M&lc=UgyhAD8LmRwoGp4v-X54AaABAg,"Commentator = 105%
Battle & overtakes = 2%
Stress =280%
Entertainment = error 404",@gayansampath5580,,69,
YT000365,2026 Spanish Grand Prix,Formula 1,2026-09-13,Race Highlights | 2026 Spanish Grand Prix,NK7AfP_wi8M,https://www.youtube.com/watch?v=NK7AfP_wi8M,FORMULA 1,UCB_qr75-ydFVKSF9Dmo6izg,UgwCGzyvXwmwBodJCg54AaABAg,https://www.youtube.com/watch?v=NK7AfP_wi8M&lc=UgwCGzyvXwmwBodJCg54AaABAg,"Yeah, just cancel that 10 year contract",@thegoldencaulk2742,,5.8K,29
YT000366,2026 Spanish Grand Prix,Formula 1,2026-09-13,Race Highlights | 2026 Spanish Grand Prix,NK7AfP_wi8M,https://www.youtube.com/watch?v=NK7AfP_wi8M,FORMULA 1,UCB_qr75-ydFVKSF9Dmo6izg,UgxOT6s0b8oYpRDQunh4AaABAg,https://www.youtube.com/watch?v=NK7AfP_wi8M&lc=UgxOT6s0b8oYpRDQunh4AaABAg,The highlight of the race is leclerc on hards for near 50 laps,@mohaiscool8182,,3.1K,15
YT000367,2026 Spanish Grand Prix,Formula 1,2026-09-13,Race Highlights | 2026 Spanish Grand Prix,NK7AfP_wi8M,https://www.youtube.com/watch?v=NK7AfP_wi8M,FORMULA 1,UCB_qr75-ydFVKSF9Dmo6izg,UgyiEZyQExQ1mW-oKhZ4AaABAg,https://www.youtube.com/watch?v=NK7AfP_wi8M&lc=UgyiEZyQExQ1mW-oKhZ4AaABAg,"This race should've been an email

NEVER expected myself to say this to MADring lol. It made us MAD if anything",@jamesthename8967,,2.4K,10
YT000368,2026 Spanish Grand Prix,Formula 1,2026-09-13,Race Highlights | 2026 Spanish Grand Prix,NK7AfP_wi8M,https://www.youtube.com/watch?v=NK7AfP_wi8M,FORMULA 1,UCB_qr75-ydFVKSF9Dmo6izg,UgzwZ2pFNWxVdllD4uF4AaABAg,https://www.youtube.com/watch?v=NK7AfP_wi8M&lc=UgzwZ2pFNWxVdllD4uF4AaABAg,10 year contract of snooze. What a failure,@peigen7151,,242,1
YT000369,2026 Italian Grand Prix,Formula 1,2026-09-06,Race Highlights | 2026 Italian Grand Prix,uptj3to1l7o,https://www.youtube.com/watch?v=uptj3to1l7o,FORMULA 1,UCB_qr75-ydFVKSF9Dmo6izg,Ugzx2Noadwj2YLxeI_d4AaABAg,https://www.youtube.com/watch?v=uptj3to1l7o&lc=Ugzx2Noadwj2YLxeI_d4AaABAg,19th to 1st in home Grand Prix is CRAZY,@thevegfeast,,22K,264
YT000370,2026 Italian Grand Prix,Formula 1,2026-09-06,Race Highlights | 2026 Italian Grand Prix,uptj3to1l7o,https://www.youtube.com/watch?v=uptj3to1l7o,FORMULA 1,UCB_qr75-ydFVKSF9Dmo6izg,UgztZi9NjTk7c67JweR4AaABAg,https://www.youtube.com/watch?v=uptj3to1l7o&lc=UgztZi9NjTk7c67JweR4AaABAg,Leclerc's therapist is living the life of his dreams right now,@jamesthename8967,,18K,65
YT000371,2026 Italian Grand Prix,Formula 1,2026-09-06,Race Highlights | 2026 Italian Grand Prix,uptj3to1l7o,https://www.youtube.com/watch?v=uptj3to1l7o,FORMULA 1,UCB_qr75-ydFVKSF9Dmo6izg,UgwERrz8mt-jxoMIezR4AaABAg,https://www.youtube.com/watch?v=uptj3to1l7o&lc=UgwERrz8mt-jxoMIezR4AaABAg,Ferrari is just a social experiment to see how much pain a human can endure,@joshthebukko4581,,14K,57
YT000372,2026 Italian Grand Prix,Formula 1,2026-09-06,Race Highlights | 2026 Italian Grand Prix,uptj3to1l7o,https://www.youtube.com/watch?v=uptj3to1l7o,FORMULA 1,UCB_qr75-ydFVKSF9Dmo6izg,UgzqTOhCviYMEPm9Uc94AaABAg,https://www.youtube.com/watch?v=uptj3to1l7o&lc=UgzqTOhCviYMEPm9Uc94AaABAg,"Leclerc is that type of guy capable to lose at paper, scissors and rocks playing against a mirror",@sebymurabito9643,,709,7
YT000373,2026 Italian Grand Prix,Formula 1,2026-09-06,Race Highlights | 2026 Italian Grand Prix,uptj3to1l7o,https://www.youtube.com/watch?v=uptj3to1l7o,FORMULA 1,UCB_qr75-ydFVKSF9Dmo6izg,UgydhVt6DQsEs03wunV4AaABAg,https://www.youtube.com/watch?v=uptj3to1l7o&lc=UgydhVt6DQsEs03wunV4AaABAg,Ferrari spent the whole week aura farming honouring Schumacher just for this to happen 😂,@phenomenal-46,,4.9K,13
YT000374,2026 Italian Grand Prix,Formula 1,2026-09-06,Race Highlights | 2026 Italian Grand Prix,uptj3to1l7o,https://www.youtube.com/watch?v=uptj3to1l7o,FORMULA 1,UCB_qr75-ydFVKSF9Dmo6izg,UgwEDbNwFSqKUT6goM94AaABAg,https://www.youtube.com/watch?v=uptj3to1l7o&lc=UgwEDbNwFSqKUT6goM94AaABAg,A retired Vettel did more laps in Schumi Ferrari than Leclerc 😭😭,@bishalray2188,,8.2K,31
YT000375,2026 Italian Grand Prix,Formula 1,2026-09-06,Race Highlights | 2026 Italian Grand Prix,uptj3to1l7o,https://www.youtube.com/watch?v=uptj3to1l7o,FORMULA 1,UCB_qr75-ydFVKSF9Dmo6izg,UgxnKDfFFmn3VLXWI3J4AaABAg,https://www.youtube.com/watch?v=uptj3to1l7o&lc=UgxnKDfFFmn3VLXWI3J4AaABAg,Vettel drove more Ferrari today than Leclerc 😂,@Sexion18,,7.2K,32
YT000376,2026 Italian Grand Prix,Formula 1,2026-09-06,Race Highlights | 2026 Italian Grand Prix,uptj3to1l7o,https://www.youtube.com/watch?v=uptj3to1l7o,FORMULA 1,UCB_qr75-ydFVKSF9Dmo6izg,Ugw03dSdJvPlU0GQRQ14AaABAg,https://www.youtube.com/watch?v=uptj3to1l7o&lc=Ugw03dSdJvPlU0GQRQ14AaABAg,"Gasly, Colapinto, Max and Kimi were just masterpieces this race",@jfvnvnmmjcx,,385,4
YT000377,2026 Italian Grand Prix,Formula 1,2026-09-06,Race Highlights | 2026 Italian Grand Prix,uptj3to1l7o,https://www.youtube.com/watch?v=uptj3to1l7o,FORMULA 1,UCB_qr75-ydFVKSF9Dmo6izg,UgxE8BAiDFyrsnlNizt4AaABAg,https://www.youtube.com/watch?v=uptj3to1l7o&lc=UgxE8BAiDFyrsnlNizt4AaABAg,"Step 1: Push off your team mate.
Step 2: Crash by yourself.

Classic.",@thedarkside13,,3K,45
YT000378,2026 Italian Grand Prix,Formula 1,2026-09-06,Race Highlights | 2026 Italian Grand Prix,uptj3to1l7o,https://www.youtube.com/watch?v=uptj3to1l7o,FORMULA 1,UCB_qr75-ydFVKSF9Dmo6izg,UgwfPtEstjmxtqMzkGd4AaABAg,https://www.youtube.com/watch?v=uptj3to1l7o&lc=UgwfPtEstjmxtqMzkGd4AaABAg,Leclerc listening to Lightning Mqueen by turning left to go right😂😂😂😂,@curledone79,,1.4K,4
YT000379,2026 Italian Grand Prix,Formula 1,2026-09-06,Race Highlights | 2026 Italian Grand Prix,uptj3to1l7o,https://www.youtube.com/watch?v=uptj3to1l7o,FORMULA 1,UCB_qr75-ydFVKSF9Dmo6izg,UgxcE0ouZ5Iz1rdLaQx4AaABAg,https://www.youtube.com/watch?v=uptj3to1l7o&lc=UgxcE0ouZ5Iz1rdLaQx4AaABAg,"This race deserves extended highlights, BEST race of 2026 so far",@aceofhearts015,,1.9K,16
YT000380,2026 Italian Grand Prix,Formula 1,2026-09-06,Race Highlights | 2026 Italian Grand Prix,uptj3to1l7o,https://www.youtube.com/watch?v=uptj3to1l7o,FORMULA 1,UCB_qr75-ydFVKSF9Dmo6izg,UgydoTh2XdvYvzJ0gzB4AaABAg,https://www.youtube.com/watch?v=uptj3to1l7o&lc=UgydoTh2XdvYvzJ0gzB4AaABAg,Kimi`s scream after the checkquered flag is the sign of misery he has endured because of the engine penalty,@TheRealJoPe,,47,1
YT000381,2026 Italian Grand Prix,Formula 1,2026-09-06,Race Highlights | 2026 Italian Grand Prix,uptj3to1l7o,https://www.youtube.com/watch?v=uptj3to1l7o,FORMULA 1,UCB_qr75-ydFVKSF9Dmo6izg,UgwUScg8wIq25VlP2714AaABAg,https://www.youtube.com/watch?v=uptj3to1l7o&lc=UgwUScg8wIq25VlP2714AaABAg,Going from P19 to P1 is absolute cinema,@ArmA-3-Reforger,,4.7K,95
YT000382,2026 Italian Grand Prix,Formula 1,2026-09-06,Race Highlights | 2026 Italian Grand Prix,uptj3to1l7o,https://www.youtube.com/watch?v=uptj3to1l7o,FORMULA 1,UCB_qr75-ydFVKSF9Dmo6izg,UgwgVOUVXKo0-lT9yUZ4AaABAg,https://www.youtube.com/watch?v=uptj3to1l7o&lc=UgwgVOUVXKo0-lT9yUZ4AaABAg,"""Money doesnt buy happiness, but I'd rather cry in a Ferrari""  - Charles Leclerc.  probably.",@SmokerFace12,,1.9K,7
YT000383,2026 Italian Grand Prix,Formula 1,2026-09-06,Race Highlights | 2026 Italian Grand Prix,uptj3to1l7o,https://www.youtube.com/watch?v=uptj3to1l7o,FORMULA 1,UCB_qr75-ydFVKSF9Dmo6izg,UgytwoSClzIelwscTYl4AaABAg,https://www.youtube.com/watch?v=uptj3to1l7o&lc=UgytwoSClzIelwscTYl4AaABAg,Yuki Tsunoda now has more championship points for this season than Lance Stroll,@digitaldeathsquid3448,,3.1K,20
YT000384,2026 Italian Grand Prix,Formula 1,2026-09-06,Race Highlights | 2026 Italian Grand Prix,uptj3to1l7o,https://www.youtube.com/watch?v=uptj3to1l7o,FORMULA 1,UCB_qr75-ydFVKSF9Dmo6izg,Ugzw0y7PvW1z0nJ4IRh4AaABAg,https://www.youtube.com/watch?v=uptj3to1l7o&lc=Ugzw0y7PvW1z0nJ4IRh4AaABAg,Everybody talks about Kimi but what a recovery from Colapinto.,@aninonarefa1,,17,3
YT000385,2026 Spanish Grand Prix Qualifying,Formula 1,2026-09-12,Qualifying Highlights | 2026 Spanish Grand Prix,C99UPegyFsM,https://www.youtube.com/watch?v=C99UPegyFsM,FORMULA 1,UCB_qr75-ydFVKSF9Dmo6izg,UgyplKoR7xXV6pWMG-Z4AaABAg,https://www.youtube.com/watch?v=C99UPegyFsM&lc=UgyplKoR7xXV6pWMG-Z4AaABAg,Having no red flags in this qualifying session is my canon event.,@RowanVr1,,9.6K,35
YT000386,2026 Spanish Grand Prix Qualifying,Formula 1,2026-09-12,Qualifying Highlights | 2026 Spanish Grand Prix,C99UPegyFsM,https://www.youtube.com/watch?v=C99UPegyFsM,FORMULA 1,UCB_qr75-ydFVKSF9Dmo6izg,UgxxDkz3eA76iG7m2XN4AaABAg,https://www.youtube.com/watch?v=C99UPegyFsM&lc=UgxxDkz3eA76iG7m2XN4AaABAg,"I’m very impressed with Lawson. It might be a short window with Red Bull, but he gets to prove himself this time.",@Onward1969,,801,9
YT000387,2026 Spanish Grand Prix Qualifying,Formula 1,2026-09-12,Qualifying Highlights | 2026 Spanish Grand Prix,C99UPegyFsM,https://www.youtube.com/watch?v=C99UPegyFsM,FORMULA 1,UCB_qr75-ydFVKSF9Dmo6izg,Ugzp7IOqavyP_oMbVz14AaABAg,https://www.youtube.com/watch?v=C99UPegyFsM&lc=Ugzp7IOqavyP_oMbVz14AaABAg,"That quali was crazy.
I'm shocked nobody binned it",@LA_Thorne_Tha_Martian,,6.2K,28
YT000388,2026 Spanish Grand Prix Qualifying,Formula 1,2026-09-12,Qualifying Highlights | 2026 Spanish Grand Prix,C99UPegyFsM,https://www.youtube.com/watch?v=C99UPegyFsM,FORMULA 1,UCB_qr75-ydFVKSF9Dmo6izg,UgyOe1JBdy1nBINIEJ94AaABAg,https://www.youtube.com/watch?v=C99UPegyFsM&lc=UgyOe1JBdy1nBINIEJ94AaABAg,"Give Lando his flowers, he's super quick in quali when it matters most",@DB_________,,317,2
YT000389,2026 Spanish Grand Prix Qualifying,Formula 1,2026-09-12,Qualifying Highlights | 2026 Spanish Grand Prix,C99UPegyFsM,https://www.youtube.com/watch?v=C99UPegyFsM,FORMULA 1,UCB_qr75-ydFVKSF9Dmo6izg,Ugxas2C0fPLqUhU9bst4AaABAg,https://www.youtube.com/watch?v=C99UPegyFsM&lc=Ugxas2C0fPLqUhU9bst4AaABAg,Props to all drivers for not crashing this session 🔥,@jamesthename8967,,2.7K,6
YT000390,2026 Spanish Grand Prix Qualifying,Formula 1,2026-09-12,Qualifying Highlights | 2026 Spanish Grand Prix,C99UPegyFsM,https://www.youtube.com/watch?v=C99UPegyFsM,FORMULA 1,UCB_qr75-ydFVKSF9Dmo6izg,Ugwu1h3Ayyp1VY3-DyN4AaABAg,https://www.youtube.com/watch?v=C99UPegyFsM&lc=Ugwu1h3Ayyp1VY3-DyN4AaABAg,Great to see Liam Lawson getting into form. Go Liam!,@vitman2409,,317,6
YT000391,2026 Spanish Grand Prix Qualifying,Formula 1,2026-09-12,Qualifying Highlights | 2026 Spanish Grand Prix,C99UPegyFsM,https://www.youtube.com/watch?v=C99UPegyFsM,FORMULA 1,UCB_qr75-ydFVKSF9Dmo6izg,Ugw-2eIVhJQGLX3CfBZ4AaABAg,https://www.youtube.com/watch?v=C99UPegyFsM&lc=Ugw-2eIVhJQGLX3CfBZ4AaABAg,Kimi not getting track limits in his Q3 lap is wild,@Kimi_Raikkonen2005,,4.3K,106
YT000392,2026 Spanish Grand Prix Qualifying,Formula 1,2026-09-12,Qualifying Highlights | 2026 Spanish Grand Prix,C99UPegyFsM,https://www.youtube.com/watch?v=C99UPegyFsM,FORMULA 1,UCB_qr75-ydFVKSF9Dmo6izg,Ugx1IV52BRoZrw3ik9t4AaABAg,https://www.youtube.com/watch?v=C99UPegyFsM&lc=Ugx1IV52BRoZrw3ik9t4AaABAg,Lando's final lap was cherry on top in this Qualifying 🍰🎉,@MrFlatOut,,140,
YT000393,2026 Spanish Grand Prix Qualifying,Formula 1,2026-09-12,Qualifying Highlights | 2026 Spanish Grand Prix,C99UPegyFsM,https://www.youtube.com/watch?v=C99UPegyFsM,FORMULA 1,UCB_qr75-ydFVKSF9Dmo6izg,Ugy5lqmlR1srwUINlBF4AaABAg,https://www.youtube.com/watch?v=C99UPegyFsM&lc=Ugy5lqmlR1srwUINlBF4AaABAg,that one guy who skips classes but still aces the test,@1x_SH43,,1.7K,10
YT000394,2026 Spanish Grand Prix Qualifying,Formula 1,2026-09-12,Qualifying Highlights | 2026 Spanish Grand Prix,C99UPegyFsM,https://www.youtube.com/watch?v=C99UPegyFsM,FORMULA 1,UCB_qr75-ydFVKSF9Dmo6izg,UgxdTrV4dsZMyzGCm5d4AaABAg,https://www.youtube.com/watch?v=C99UPegyFsM&lc=UgxdTrV4dsZMyzGCm5d4AaABAg,Franco doing a mega job in that Alpine. Very impressive.,@theunknown21329,,97,
YT000395,2026 Spanish Grand Prix Qualifying,Formula 1,2026-09-12,Qualifying Highlights | 2026 Spanish Grand Prix,C99UPegyFsM,https://www.youtube.com/watch?v=C99UPegyFsM,FORMULA 1,UCB_qr75-ydFVKSF9Dmo6izg,Ugw6l5XUhSVL3XwEQLl4AaABAg,https://www.youtube.com/watch?v=C99UPegyFsM&lc=Ugw6l5XUhSVL3XwEQLl4AaABAg,Lando getting one of his best poles after missing fp2 on new track was a world champion drive,@MisterU2245,,713,4
YT000396,2026 Spanish Grand Prix Qualifying,Formula 1,2026-09-12,Qualifying Highlights | 2026 Spanish Grand Prix,C99UPegyFsM,https://www.youtube.com/watch?v=C99UPegyFsM,FORMULA 1,UCB_qr75-ydFVKSF9Dmo6izg,UgyRA-7Fot6JORfPsyV4AaABAg,https://www.youtube.com/watch?v=C99UPegyFsM&lc=UgyRA-7Fot6JORfPsyV4AaABAg,Lando on an equal car since the beginning of the season would absolutely stomping,@brandonmims1799,,236,10
YT000397,2026 Spanish Grand Prix Qualifying,Formula 1,2026-09-12,Qualifying Highlights | 2026 Spanish Grand Prix,C99UPegyFsM,https://www.youtube.com/watch?v=C99UPegyFsM,FORMULA 1,UCB_qr75-ydFVKSF9Dmo6izg,UgznvFIwtuHNTPGJiBt4AaABAg,https://www.youtube.com/watch?v=C99UPegyFsM&lc=UgznvFIwtuHNTPGJiBt4AaABAg,The lap from Norris was unbelievable,@TapsExpressタップスエクスプレス,,2.3K,70
YT000398,2026 Spanish Grand Prix Qualifying,Formula 1,2026-09-12,Qualifying Highlights | 2026 Spanish Grand Prix,C99UPegyFsM,https://www.youtube.com/watch?v=C99UPegyFsM,FORMULA 1,UCB_qr75-ydFVKSF9Dmo6izg,Ugy9MT7Z7IYM485IqcN4AaABAg,https://www.youtube.com/watch?v=C99UPegyFsM&lc=Ugy9MT7Z7IYM485IqcN4AaABAg,"ever since canada 2025 Lando is a different man, dude now has the champ performance and mentality doing stuff like this",@czcore,,39,2
YT000399,2026 Spanish Grand Prix Qualifying,Formula 1,2026-09-12,Qualifying Highlights | 2026 Spanish Grand Prix,C99UPegyFsM,https://www.youtube.com/watch?v=C99UPegyFsM,FORMULA 1,UCB_qr75-ydFVKSF9Dmo6izg,UgxJREGYzAWq1hKqf7V4AaABAg,https://www.youtube.com/watch?v=C99UPegyFsM&lc=UgxJREGYzAWq1hKqf7V4AaABAg,Lindblad having a goated rookie season!,@Mike_demiurge,,1.8K,21
YT000400,2026 Spanish Grand Prix Qualifying,Formula 1,2026-09-12,Qualifying Highlights | 2026 Spanish Grand Prix,C99UPegyFsM,https://www.youtube.com/watch?v=C99UPegyFsM,FORMULA 1,UCB_qr75-ydFVKSF9Dmo6izg,Ugxqd2H5dHc4YVNkooF4AaABAg,https://www.youtube.com/watch?v=C99UPegyFsM&lc=Ugxqd2H5dHc4YVNkooF4AaABAg,That Q3 final run from Lando was sublime! Go Liam!!,@grantjohns,,6,
YT000401,2026 Canadian Grand Prix,Formula 1,2026-05-24,Race Highlights | 2026 Canadian Grand Prix,QrRh2vOJQbw,https://www.youtube.com/watch?v=QrRh2vOJQbw,FORMULA 1,UCB_qr75-ydFVKSF9Dmo6izg,Ugy2hRFev9ELx3Yky_B4AaABAg,https://www.youtube.com/watch?v=QrRh2vOJQbw&lc=Ugy2hRFev9ELx3Yky_B4AaABAg,Verstappen and hamilton remembered who TF they are and give us something to enjoy.,@BLACKRAINW11,,25K,97
YT000402,2026 Canadian Grand Prix,Formula 1,2026-05-24,Race Highlights | 2026 Canadian Grand Prix,QrRh2vOJQbw,https://www.youtube.com/watch?v=QrRh2vOJQbw,FORMULA 1,UCB_qr75-ydFVKSF9Dmo6izg,Ugw3kjdkzYPDWFlfd894AaABAg,https://www.youtube.com/watch?v=QrRh2vOJQbw&lc=Ugw3kjdkzYPDWFlfd894AaABAg,"Max and lewis on the podium, feels like coming home",@perrygorissen7564,,20K,63
YT000403,2026 Canadian Grand Prix,Formula 1,2026-05-24,Race Highlights | 2026 Canadian Grand Prix,QrRh2vOJQbw,https://www.youtube.com/watch?v=QrRh2vOJQbw,FORMULA 1,UCB_qr75-ydFVKSF9Dmo6izg,UgyWC-H3OuMdCyxroFt4AaABAg,https://www.youtube.com/watch?v=QrRh2vOJQbw&lc=UgyWC-H3OuMdCyxroFt4AaABAg,McLaren hired the Ferrari strategy team for this race.,@Drait_,,8.3K,33
YT000404,2026 Canadian Grand Prix,Formula 1,2026-05-24,Race Highlights | 2026 Canadian Grand Prix,QrRh2vOJQbw,https://www.youtube.com/watch?v=QrRh2vOJQbw,FORMULA 1,UCB_qr75-ydFVKSF9Dmo6izg,UgwtskUAGGsWnkf-ird4AaABAg,https://www.youtube.com/watch?v=QrRh2vOJQbw&lc=UgwtskUAGGsWnkf-ird4AaABAg,"Antonelli to Russel: ""You can't park there, mate""",@MoritzGPunkt,,491,5
YT000405,2026 Canadian Grand Prix,Formula 1,2026-05-24,Race Highlights | 2026 Canadian Grand Prix,QrRh2vOJQbw,https://www.youtube.com/watch?v=QrRh2vOJQbw,FORMULA 1,UCB_qr75-ydFVKSF9Dmo6izg,Ugxv0B4jN2EOYhnjK-t4AaABAg,https://www.youtube.com/watch?v=QrRh2vOJQbw&lc=Ugxv0B4jN2EOYhnjK-t4AaABAg,Kimi standing in 1st between Lewis and Max has to feel incredible!,@Dud3itsj3ff,,10K,56
YT000406,2026 Canadian Grand Prix,Formula 1,2026-05-24,Race Highlights | 2026 Canadian Grand Prix,QrRh2vOJQbw,https://www.youtube.com/watch?v=QrRh2vOJQbw,FORMULA 1,UCB_qr75-ydFVKSF9Dmo6izg,UgyhaOI-ngAf75jMbH94AaABAg,https://www.youtube.com/watch?v=QrRh2vOJQbw&lc=UgyhaOI-ngAf75jMbH94AaABAg,"""Toto, they are gonna crash, what can we do?"" ""Activate self-destruct in George's car"".",@MoritzGPunkt,,4K,35
YT000407,2026 Canadian Grand Prix,Formula 1,2026-05-24,Race Highlights | 2026 Canadian Grand Prix,QrRh2vOJQbw,https://www.youtube.com/watch?v=QrRh2vOJQbw,FORMULA 1,UCB_qr75-ydFVKSF9Dmo6izg,UgzhHdzwFFU6mJMMaLl4AaABAg,https://www.youtube.com/watch?v=QrRh2vOJQbw&lc=UgzhHdzwFFU6mJMMaLl4AaABAg,Toto pressed the self destruct button on George’s car.,@WinstonAlvinPintor,,7.6K,59
YT000408,2026 Canadian Grand Prix,Formula 1,2026-05-24,Race Highlights | 2026 Canadian Grand Prix,QrRh2vOJQbw,https://www.youtube.com/watch?v=QrRh2vOJQbw,FORMULA 1,UCB_qr75-ydFVKSF9Dmo6izg,Ugx6vccykZlXe5men4x4AaABAg,https://www.youtube.com/watch?v=QrRh2vOJQbw&lc=Ugx6vccykZlXe5men4x4AaABAg,Kimi standing between 11 titles!,@jaclotabo,,125,
YT000409,2026 Canadian Grand Prix,Formula 1,2026-05-24,Race Highlights | 2026 Canadian Grand Prix,QrRh2vOJQbw,https://www.youtube.com/watch?v=QrRh2vOJQbw,FORMULA 1,UCB_qr75-ydFVKSF9Dmo6izg,UgyupRDUjeUc6vAkTCp4AaABAg,https://www.youtube.com/watch?v=QrRh2vOJQbw&lc=UgyupRDUjeUc6vAkTCp4AaABAg,That picture of Antonelli in the podium surrounded by Hamilton and Verstappen is priceless for the rest of his life! A one to print and hang in his hall....,@nestorlarez336,,4.4K,26
YT000410,2026 Canadian Grand Prix,Formula 1,2026-05-24,Race Highlights | 2026 Canadian Grand Prix,QrRh2vOJQbw,https://www.youtube.com/watch?v=QrRh2vOJQbw,FORMULA 1,UCB_qr75-ydFVKSF9Dmo6izg,UgwTMJ2Cn-2atimdaet4AaABAg,https://www.youtube.com/watch?v=QrRh2vOJQbw&lc=UgwTMJ2Cn-2atimdaet4AaABAg,This race definitely deserves extended highlights,@apx.italia1,,9.8K,27
YT000411,2026 Canadian Grand Prix,Formula 1,2026-05-24,Race Highlights | 2026 Canadian Grand Prix,QrRh2vOJQbw,https://www.youtube.com/watch?v=QrRh2vOJQbw,FORMULA 1,UCB_qr75-ydFVKSF9Dmo6izg,UgypcH8mY8pBpGgIERl4AaABAg,https://www.youtube.com/watch?v=QrRh2vOJQbw&lc=UgypcH8mY8pBpGgIERl4AaABAg,"That podium is iconic, three generations of F1 on one stage the past, present and the future 🔥🔥🔥🔥🙌🏾",@VicMr.Exquisite,,6.9K,28
YT000412,2026 Canadian Grand Prix,Formula 1,2026-05-24,Race Highlights | 2026 Canadian Grand Prix,QrRh2vOJQbw,https://www.youtube.com/watch?v=QrRh2vOJQbw,FORMULA 1,UCB_qr75-ydFVKSF9Dmo6izg,UgzIuOtz1n46EXztAMd4AaABAg,https://www.youtube.com/watch?v=QrRh2vOJQbw&lc=UgzIuOtz1n46EXztAMd4AaABAg,McLaren doing spygate again on Ferraris strategy was not on the 2026 bingo card,@wutupis,,63,
YT000413,2026 Canadian Grand Prix,Formula 1,2026-05-24,Race Highlights | 2026 Canadian Grand Prix,QrRh2vOJQbw,https://www.youtube.com/watch?v=QrRh2vOJQbw,FORMULA 1,UCB_qr75-ydFVKSF9Dmo6izg,UgyPKw3m1cVn5LTSUTF4AaABAg,https://www.youtube.com/watch?v=QrRh2vOJQbw&lc=UgyPKw3m1cVn5LTSUTF4AaABAg,"50 percent of the race =Russel vs antonelli
Other 50 percent = hamilton vs verstappen",@Srivatsan-w7w5b,,589,3
YT000414,2026 Canadian Grand Prix,Formula 1,2026-05-24,Race Highlights | 2026 Canadian Grand Prix,QrRh2vOJQbw,https://www.youtube.com/watch?v=QrRh2vOJQbw,FORMULA 1,UCB_qr75-ydFVKSF9Dmo6izg,Ugw6i2qK2EPGozOIqK14AaABAg,https://www.youtube.com/watch?v=QrRh2vOJQbw&lc=Ugw6i2qK2EPGozOIqK14AaABAg,"Colapinto in P6,  HAM/VER podium, Kimi leading by 43 points? What a race.",@AareevAnand-x9x,,1.7K,10
YT000415,2026 Canadian Grand Prix,Formula 1,2026-05-24,Race Highlights | 2026 Canadian Grand Prix,QrRh2vOJQbw,https://www.youtube.com/watch?v=QrRh2vOJQbw,FORMULA 1,UCB_qr75-ydFVKSF9Dmo6izg,UgzoUTd3ffwZt49Lt0Z4AaABAg,https://www.youtube.com/watch?v=QrRh2vOJQbw&lc=UgzoUTd3ffwZt49Lt0Z4AaABAg,To be standing on the podium with Max and Lewis is a historic moment for young Kimi.,@winstonprovost9574,,1.4K,7
YT000416,2026 Canadian Grand Prix,Formula 1,2026-05-24,Race Highlights | 2026 Canadian Grand Prix,QrRh2vOJQbw,https://www.youtube.com/watch?v=QrRh2vOJQbw,FORMULA 1,UCB_qr75-ydFVKSF9Dmo6izg,UgzwtSwaSt6NQb3zahl4AaABAg,https://www.youtube.com/watch?v=QrRh2vOJQbw&lc=UgzwtSwaSt6NQb3zahl4AaABAg,Merc taking the remembering 2016 trend too seriously,@wutupis,,73,1
YT000417,2026 Japanese Grand Prix,Formula 1,2026-03-29,Race Highlights | 2026 Japanese Grand Prix,oAtYfF0_4-I,https://www.youtube.com/watch?v=oAtYfF0_4-I,FORMULA 1,UCB_qr75-ydFVKSF9Dmo6izg,Ugz5FMU6nNscPb4ux8B4AaABAg,https://www.youtube.com/watch?v=oAtYfF0_4-I&lc=Ugz5FMU6nNscPb4ux8B4AaABAg,Oscar's two weeks of rage was enough to boost his battery,@NotSafakat005,,22K,41
YT000418,2026 Japanese Grand Prix,Formula 1,2026-03-29,Race Highlights | 2026 Japanese Grand Prix,oAtYfF0_4-I,https://www.youtube.com/watch?v=oAtYfF0_4-I,FORMULA 1,UCB_qr75-ydFVKSF9Dmo6izg,UgyYaG6shJBfRmIDWC14AaABAg,https://www.youtube.com/watch?v=oAtYfF0_4-I&lc=UgyYaG6shJBfRmIDWC14AaABAg,"Overtaking because of skill ❌️
Overtaking because run out of battery ✅️",@novapixel16,,12K,149
YT000419,2026 Japanese Grand Prix,Formula 1,2026-03-29,Race Highlights | 2026 Japanese Grand Prix,oAtYfF0_4-I,https://www.youtube.com/watch?v=oAtYfF0_4-I,FORMULA 1,UCB_qr75-ydFVKSF9Dmo6izg,UgyS6m6WGOb72_SkCS94AaABAg,https://www.youtube.com/watch?v=oAtYfF0_4-I&lc=UgyS6m6WGOb72_SkCS94AaABAg,Congrats to Aston Martin for finishing the race,@HeisenbergFam,,20K,66
YT000420,2026 Japanese Grand Prix,Formula 1,2026-03-29,Race Highlights | 2026 Japanese Grand Prix,oAtYfF0_4-I,https://www.youtube.com/watch?v=oAtYfF0_4-I,FORMULA 1,UCB_qr75-ydFVKSF9Dmo6izg,UgyJ9KrrwCfbmm4e5w14AaABAg,https://www.youtube.com/watch?v=oAtYfF0_4-I&lc=UgyJ9KrrwCfbmm4e5w14AaABAg,"When people said we wanted more overtakes, this is NOT what we meant 😂",@polaristars,,835,2
YT000421,2026 Japanese Grand Prix,Formula 1,2026-03-29,Race Highlights | 2026 Japanese Grand Prix,oAtYfF0_4-I,https://www.youtube.com/watch?v=oAtYfF0_4-I,FORMULA 1,UCB_qr75-ydFVKSF9Dmo6izg,UgwIu3o9NwccLu4Rmxp4AaABAg,https://www.youtube.com/watch?v=oAtYfF0_4-I&lc=UgwIu3o9NwccLu4Rmxp4AaABAg,F1 turned into Battery Management Simulator.,@JerremyvdH,,5.8K,19
YT000422,2026 Japanese Grand Prix,Formula 1,2026-03-29,Race Highlights | 2026 Japanese Grand Prix,oAtYfF0_4-I,https://www.youtube.com/watch?v=oAtYfF0_4-I,FORMULA 1,UCB_qr75-ydFVKSF9Dmo6izg,UgySs8YsCFE0CSGIUr94AaABAg,https://www.youtube.com/watch?v=oAtYfF0_4-I&lc=UgySs8YsCFE0CSGIUr94AaABAg,"F1 in 2026:
""Wait a sec, I'll re-charge my battery and I'll show you""",@aimLeSSik,,6K,28
YT000423,2026 Japanese Grand Prix,Formula 1,2026-03-29,Race Highlights | 2026 Japanese Grand Prix,oAtYfF0_4-I,https://www.youtube.com/watch?v=oAtYfF0_4-I,FORMULA 1,UCB_qr75-ydFVKSF9Dmo6izg,UgzrQ_vHmQSWJWikeZ54AaABAg,https://www.youtube.com/watch?v=oAtYfF0_4-I&lc=UgzrQ_vHmQSWJWikeZ54AaABAg,The commentator has more energy than F1 car,@Ricotran,,18K,89
YT000424,2026 Japanese Grand Prix,Formula 1,2026-03-29,Race Highlights | 2026 Japanese Grand Prix,oAtYfF0_4-I,https://www.youtube.com/watch?v=oAtYfF0_4-I,FORMULA 1,UCB_qr75-ydFVKSF9Dmo6izg,Ugx7kYFZBwuUTOBk_-d4AaABAg,https://www.youtube.com/watch?v=oAtYfF0_4-I&lc=Ugx7kYFZBwuUTOBk_-d4AaABAg,This new season of Formula E is really something.,@DamnYankee8,,438,4
YT000425,2026 Japanese Grand Prix,Formula 1,2026-03-29,Race Highlights | 2026 Japanese Grand Prix,oAtYfF0_4-I,https://www.youtube.com/watch?v=oAtYfF0_4-I,FORMULA 1,UCB_qr75-ydFVKSF9Dmo6izg,UgyiZXcpVvqVq20baBh4AaABAg,https://www.youtube.com/watch?v=oAtYfF0_4-I&lc=UgyiZXcpVvqVq20baBh4AaABAg,Stop censoring onboard cameras!!! Don't try to hide the lack of battery from the public!!,@bernardorajao590,,4K,20
YT000426,2026 Japanese Grand Prix,Formula 1,2026-03-29,Race Highlights | 2026 Japanese Grand Prix,oAtYfF0_4-I,https://www.youtube.com/watch?v=oAtYfF0_4-I,FORMULA 1,UCB_qr75-ydFVKSF9Dmo6izg,UgyWIWYWl9aekW__ii94AaABAg,https://www.youtube.com/watch?v=oAtYfF0_4-I&lc=UgyWIWYWl9aekW__ii94AaABAg,Glad I dont wake up early for these anymore,@prime3482,,8K,81
YT000427,2026 Japanese Grand Prix,Formula 1,2026-03-29,Race Highlights | 2026 Japanese Grand Prix,oAtYfF0_4-I,https://www.youtube.com/watch?v=oAtYfF0_4-I,FORMULA 1,UCB_qr75-ydFVKSF9Dmo6izg,UgwVpOj97PqIbSwxzXp4AaABAg,https://www.youtube.com/watch?v=oAtYfF0_4-I&lc=UgwVpOj97PqIbSwxzXp4AaABAg,Netflix is making an update to the title of the next season: Formula 1: Harvest to Drive,@MesutOzil95,,2K,14
YT000428,2026 Japanese Grand Prix,Formula 1,2026-03-29,Race Highlights | 2026 Japanese Grand Prix,oAtYfF0_4-I,https://www.youtube.com/watch?v=oAtYfF0_4-I,FORMULA 1,UCB_qr75-ydFVKSF9Dmo6izg,UgxP2Mk_k54uzIlJgit4AaABAg,https://www.youtube.com/watch?v=oAtYfF0_4-I&lc=UgxP2Mk_k54uzIlJgit4AaABAg,Love how all the speed telemetry is stripped from the highlights.,@SalSpaceKhan,,128,
YT000429,2026 Japanese Grand Prix,Formula 1,2026-03-29,Race Highlights | 2026 Japanese Grand Prix,oAtYfF0_4-I,https://www.youtube.com/watch?v=oAtYfF0_4-I,FORMULA 1,UCB_qr75-ydFVKSF9Dmo6izg,UgwJ_1jz6CATxmT3YIh4AaABAg,https://www.youtube.com/watch?v=oAtYfF0_4-I&lc=UgwJ_1jz6CATxmT3YIh4AaABAg,If I hear the word battery one more time....,@livelongd,,9.9K,84
YT000430,2026 Japanese Grand Prix,Formula 1,2026-03-29,Race Highlights | 2026 Japanese Grand Prix,oAtYfF0_4-I,https://www.youtube.com/watch?v=oAtYfF0_4-I,FORMULA 1,UCB_qr75-ydFVKSF9Dmo6izg,UgzXJbqAVGcyAhBiyeR4AaABAg,https://www.youtube.com/watch?v=oAtYfF0_4-I&lc=UgzXJbqAVGcyAhBiyeR4AaABAg,"Bearman crashing cause the car in front has no battery to pull anymore so it’s traveling at like 30kph less in the apex…. Well done F1 great racing, safe racing",@hankbluebullr4661,,3.1K,39
YT000431,2026 Japanese Grand Prix,Formula 1,2026-03-29,Race Highlights | 2026 Japanese Grand Prix,oAtYfF0_4-I,https://www.youtube.com/watch?v=oAtYfF0_4-I,FORMULA 1,UCB_qr75-ydFVKSF9Dmo6izg,UgwRiXmm_zbiSGskh_14AaABAg,https://www.youtube.com/watch?v=oAtYfF0_4-I&lc=UgwRiXmm_zbiSGskh_14AaABAg,That Oscar come back was insane. Zak finally figured out how to read the engine manual,@awesomeamaya,,7.4K,28
YT000432,2026 Japanese Grand Prix,Formula 1,2026-03-29,Race Highlights | 2026 Japanese Grand Prix,oAtYfF0_4-I,https://www.youtube.com/watch?v=oAtYfF0_4-I,FORMULA 1,UCB_qr75-ydFVKSF9Dmo6izg,UgwcNpYzR2UPbhq3qDt4AaABAg,https://www.youtube.com/watch?v=oAtYfF0_4-I&lc=UgwcNpYzR2UPbhq3qDt4AaABAg,I'll come back to watch F1 when we can get our high-speed corners back.,@Nzoth_13,,37,2
YT000433,2026 Italian Grand Prix,Formula 1,2026-09-06,Kimi Antonelli's Incredible Charge From P19 To P1 | 2026 Italian Grand Prix,FxOsiO6o4Wg,https://www.youtube.com/watch?v=FxOsiO6o4Wg,FORMULA 1,UCB_qr75-ydFVKSF9Dmo6izg,UgyXubULam5fc0nQ-lB4AaABAg,https://www.youtube.com/watch?v=FxOsiO6o4Wg&lc=UgyXubULam5fc0nQ-lB4AaABAg,From crashing in practice to doing this is Monza is acc insane progression bro.,@Df1Editss,,3.5K,20
YT000434,2026 Italian Grand Prix,Formula 1,2026-09-06,Kimi Antonelli's Incredible Charge From P19 To P1 | 2026 Italian Grand Prix,FxOsiO6o4Wg,https://www.youtube.com/watch?v=FxOsiO6o4Wg,FORMULA 1,UCB_qr75-ydFVKSF9Dmo6izg,Ugzs-NMwkhfp5MzsmTR4AaABAg,https://www.youtube.com/watch?v=FxOsiO6o4Wg&lc=Ugzs-NMwkhfp5MzsmTR4AaABAg,This will make for a killer episode on Drive to survive,@el-him6201,,210,2
YT000435,2026 Italian Grand Prix,Formula 1,2026-09-06,Kimi Antonelli's Incredible Charge From P19 To P1 | 2026 Italian Grand Prix,FxOsiO6o4Wg,https://www.youtube.com/watch?v=FxOsiO6o4Wg,FORMULA 1,UCB_qr75-ydFVKSF9Dmo6izg,UgyT6L6U3mgrbW0GSPl4AaABAg,https://www.youtube.com/watch?v=FxOsiO6o4Wg&lc=UgyT6L6U3mgrbW0GSPl4AaABAg,2 minutes of comeback and 8 minutes of battle with Russell.,@Alessandro_Martlns,,2.3K,30
YT000436,2026 Italian Grand Prix,Formula 1,2026-09-06,Kimi Antonelli's Incredible Charge From P19 To P1 | 2026 Italian Grand Prix,FxOsiO6o4Wg,https://www.youtube.com/watch?v=FxOsiO6o4Wg,FORMULA 1,UCB_qr75-ydFVKSF9Dmo6izg,UgyG7ECgZ3MyAZjwtZF4AaABAg,https://www.youtube.com/watch?v=FxOsiO6o4Wg&lc=UgyG7ECgZ3MyAZjwtZF4AaABAg,Even the way this kid is leaving the pitstop is class,@rinleez,,523,6
YT000437,2026 Italian Grand Prix,Formula 1,2026-09-06,Kimi Antonelli's Incredible Charge From P19 To P1 | 2026 Italian Grand Prix,FxOsiO6o4Wg,https://www.youtube.com/watch?v=FxOsiO6o4Wg,FORMULA 1,UCB_qr75-ydFVKSF9Dmo6izg,UgzuM4aeHjZl_9KlBYN4AaABAg,https://www.youtube.com/watch?v=FxOsiO6o4Wg&lc=UgzuM4aeHjZl_9KlBYN4AaABAg,Imagine winning your HOME race from p 19. Absolute masterclass from kimi👏👏👏,@bijisivakumar8225,,1.4K,14
YT000438,2026 Italian Grand Prix,Formula 1,2026-09-06,Kimi Antonelli's Incredible Charge From P19 To P1 | 2026 Italian Grand Prix,FxOsiO6o4Wg,https://www.youtube.com/watch?v=FxOsiO6o4Wg,FORMULA 1,UCB_qr75-ydFVKSF9Dmo6izg,UgyW9UmCcLxiGKb_Bgd4AaABAg,https://www.youtube.com/watch?v=FxOsiO6o4Wg&lc=UgyW9UmCcLxiGKb_Bgd4AaABAg,"The car played an important role in this, but no one can deny he has the skills. Especially when it came to the podium showdown",@vivieanx,,1.4K,37
YT000439,2026 Italian Grand Prix,Formula 1,2026-09-06,Kimi Antonelli's Incredible Charge From P19 To P1 | 2026 Italian Grand Prix,FxOsiO6o4Wg,https://www.youtube.com/watch?v=FxOsiO6o4Wg,FORMULA 1,UCB_qr75-ydFVKSF9Dmo6izg,UgyfEuo4ZctCRACTl7Z4AaABAg,https://www.youtube.com/watch?v=FxOsiO6o4Wg&lc=UgyfEuo4ZctCRACTl7Z4AaABAg,That pit exit though...what a car control!,@keramikabl,,1.1K,11
YT000440,2026 Italian Grand Prix,Formula 1,2026-09-06,Kimi Antonelli's Incredible Charge From P19 To P1 | 2026 Italian Grand Prix,FxOsiO6o4Wg,https://www.youtube.com/watch?v=FxOsiO6o4Wg,FORMULA 1,UCB_qr75-ydFVKSF9Dmo6izg,UgzNN8BuwAuFDNJpwEF4AaABAg,https://www.youtube.com/watch?v=FxOsiO6o4Wg&lc=UgzNN8BuwAuFDNJpwEF4AaABAg,The skill. The way he went through those 3 corners after passing George Russell shows that Antonelli is just on another level. He passed some of those experienced not slow drivers like they were in mobility wheelchairs. Just amazing to watch.,@kingaroykid,,132,6
YT000441,2026 Italian Grand Prix,Formula 1,2026-09-06,Kimi Antonelli's Incredible Charge From P19 To P1 | 2026 Italian Grand Prix,FxOsiO6o4Wg,https://www.youtube.com/watch?v=FxOsiO6o4Wg,FORMULA 1,UCB_qr75-ydFVKSF9Dmo6izg,UgygN5TOtutL-Q4Hg-94AaABAg,https://www.youtube.com/watch?v=FxOsiO6o4Wg&lc=UgygN5TOtutL-Q4Hg-94AaABAg,"You know you are goat when after the highlights, the radio rewind you still get an special highlight focused on you🗿",@SebastianCaceres-ct2cw,,664,4
YT000442,2026 Italian Grand Prix,Formula 1,2026-09-06,Kimi Antonelli's Incredible Charge From P19 To P1 | 2026 Italian Grand Prix,FxOsiO6o4Wg,https://www.youtube.com/watch?v=FxOsiO6o4Wg,FORMULA 1,UCB_qr75-ydFVKSF9Dmo6izg,UgzQpUzyG2_BHFnfkDJ4AaABAg,https://www.youtube.com/watch?v=FxOsiO6o4Wg&lc=UgzQpUzyG2_BHFnfkDJ4AaABAg,This was absolutely insane. Crashing in practice and starting off P19 on top of that his age and experience. You have talented drivers but this is just magical. What a talent.,@theatikinniki,,39,
YT000443,2026 Italian Grand Prix,Formula 1,2026-09-06,Kimi Antonelli's Incredible Charge From P19 To P1 | 2026 Italian Grand Prix,FxOsiO6o4Wg,https://www.youtube.com/watch?v=FxOsiO6o4Wg,FORMULA 1,UCB_qr75-ydFVKSF9Dmo6izg,UgwLysUt94ScYLaopDZ4AaABAg,https://www.youtube.com/watch?v=FxOsiO6o4Wg&lc=UgwLysUt94ScYLaopDZ4AaABAg,I think it's obvious who's the #1 driver at Merc by now,@Rutgerman95,,571,31
YT000444,2026 Italian Grand Prix,Formula 1,2026-09-06,Kimi Antonelli's Incredible Charge From P19 To P1 | 2026 Italian Grand Prix,FxOsiO6o4Wg,https://www.youtube.com/watch?v=FxOsiO6o4Wg,FORMULA 1,UCB_qr75-ydFVKSF9Dmo6izg,UgyNffao7WDCmqYvF6l4AaABAg,https://www.youtube.com/watch?v=FxOsiO6o4Wg&lc=UgyNffao7WDCmqYvF6l4AaABAg,Antonelli drove like a possessed man yesterday - it was brilliant drive,@aslikahraman,,16,1
YT000445,2026 Italian Grand Prix,Formula 1,2026-09-06,Kimi Antonelli's Incredible Charge From P19 To P1 | 2026 Italian Grand Prix,FxOsiO6o4Wg,https://www.youtube.com/watch?v=FxOsiO6o4Wg,FORMULA 1,UCB_qr75-ydFVKSF9Dmo6izg,UgwjTFA5cvklH5Yk78J4AaABAg,https://www.youtube.com/watch?v=FxOsiO6o4Wg&lc=UgwjTFA5cvklH5Yk78J4AaABAg,"After like 15 years, people will look back at this exact race seeing Kimi in same shoes as Schumacher! An absolute beast of a driver at this young age! WWWW",@aravindsuresh6828,,136,3
YT000446,2026 Italian Grand Prix,Formula 1,2026-09-06,Kimi Antonelli's Incredible Charge From P19 To P1 | 2026 Italian Grand Prix,FxOsiO6o4Wg,https://www.youtube.com/watch?v=FxOsiO6o4Wg,FORMULA 1,UCB_qr75-ydFVKSF9Dmo6izg,Ugxm4SfEpckVEDjtrbl4AaABAg,https://www.youtube.com/watch?v=FxOsiO6o4Wg&lc=Ugxm4SfEpckVEDjtrbl4AaABAg,"That move at 4:30 showed us all we need to know. He literally ran as close as you can flat out and pulled a move off around the outside risking it all. Only the greats do stuff like that. Max, Lewis, Vettel ,Schumacher, Senna etc.. this guy has the same hunger and aggression",@ben.g.414,,12,
YT000447,2026 Italian Grand Prix,Formula 1,2026-09-06,Kimi Antonelli's Incredible Charge From P19 To P1 | 2026 Italian Grand Prix,FxOsiO6o4Wg,https://www.youtube.com/watch?v=FxOsiO6o4Wg,FORMULA 1,UCB_qr75-ydFVKSF9Dmo6izg,Ugw7P5NDMHqQx0A4VPJ4AaABAg,https://www.youtube.com/watch?v=FxOsiO6o4Wg&lc=Ugw7P5NDMHqQx0A4VPJ4AaABAg,"From Schumacher edits, to Hamilton edits and verstappen edits, now to ANTONELLI EDITS",@DrmoonlightME,,263,5
YT000448,2026 Italian Grand Prix,Formula 1,2026-09-06,Kimi Antonelli's Incredible Charge From P19 To P1 | 2026 Italian Grand Prix,FxOsiO6o4Wg,https://www.youtube.com/watch?v=FxOsiO6o4Wg,FORMULA 1,UCB_qr75-ydFVKSF9Dmo6izg,UgxeORMzJu73gKegXCh4AaABAg,https://www.youtube.com/watch?v=FxOsiO6o4Wg&lc=UgxeORMzJu73gKegXCh4AaABAg,A drive for the ages and he is barely 20 years old..well done Kimi Antonelli🎉,@simbamach4371,,17,
YT000449,2026 Miami Grand Prix,Formula 1,2026-05-03,Race Highlights | 2026 Miami Grand Prix,5gYys4GL7S0,https://www.youtube.com/watch?v=5gYys4GL7S0,FORMULA 1,UCB_qr75-ydFVKSF9Dmo6izg,UgxR76mJ0gtUOaB3Ecx4AaABAg,https://www.youtube.com/watch?v=5gYys4GL7S0&lc=UgxR76mJ0gtUOaB3Ecx4AaABAg,"slight contact ""OHH CONTACT! ABSOLUTELY INSANE RACE TODAY!!""

car flips ""🤷 unusual position to be in"" 😂",@ignorantcommentary,,2.5K,6
YT000450,2026 Miami Grand Prix,Formula 1,2026-05-03,Race Highlights | 2026 Miami Grand Prix,5gYys4GL7S0,https://www.youtube.com/watch?v=5gYys4GL7S0,FORMULA 1,UCB_qr75-ydFVKSF9Dmo6izg,UgwK_XGGgyYyHFqLhmB4AaABAg,https://www.youtube.com/watch?v=5gYys4GL7S0&lc=UgwK_XGGgyYyHFqLhmB4AaABAg,"If I had a nickel for every time Charles Leclerc broke my heart on a final lap, I’d have enough money to buy him a team that actually functions",@imreallyshrek,,17K,86
YT000451,2026 Miami Grand Prix,Formula 1,2026-05-03,Race Highlights | 2026 Miami Grand Prix,5gYys4GL7S0,https://www.youtube.com/watch?v=5gYys4GL7S0,FORMULA 1,UCB_qr75-ydFVKSF9Dmo6izg,UgyMAtq1j0TtQk2zzXB4AaABAg,https://www.youtube.com/watch?v=5gYys4GL7S0&lc=UgyMAtq1j0TtQk2zzXB4AaABAg,We are really close to George lashing out with anger and borderline violence now,@askeladden7930,,18K,106
YT000452,2026 Miami Grand Prix,Formula 1,2026-05-03,Race Highlights | 2026 Miami Grand Prix,5gYys4GL7S0,https://www.youtube.com/watch?v=5gYys4GL7S0,FORMULA 1,UCB_qr75-ydFVKSF9Dmo6izg,UgwgvWcgF9axSyHdzhp4AaABAg,https://www.youtube.com/watch?v=5gYys4GL7S0&lc=UgwgvWcgF9axSyHdzhp4AaABAg,"Hardly any sound from the cars anymore, just hear all the loud commentary.",@Yamaharider1190,,62,1
YT000453,2026 Miami Grand Prix,Formula 1,2026-05-03,Race Highlights | 2026 Miami Grand Prix,5gYys4GL7S0,https://www.youtube.com/watch?v=5gYys4GL7S0,FORMULA 1,UCB_qr75-ydFVKSF9Dmo6izg,UgzmTWkiKcuofEd3q6F4AaABAg,https://www.youtube.com/watch?v=5gYys4GL7S0&lc=UgzmTWkiKcuofEd3q6F4AaABAg,I've watched every race so far and I'm still waiting to see what the Cadillac livery looks like.,@Zoras-14,,11K,77
YT000454,2026 Miami Grand Prix,Formula 1,2026-05-03,Race Highlights | 2026 Miami Grand Prix,5gYys4GL7S0,https://www.youtube.com/watch?v=5gYys4GL7S0,FORMULA 1,UCB_qr75-ydFVKSF9Dmo6izg,Ugy-nDKuO6I4-0WSSZp4AaABAg,https://www.youtube.com/watch?v=5gYys4GL7S0&lc=Ugy-nDKuO6I4-0WSSZp4AaABAg,"Leclerc, Verstappen bromance is real. One spins the first round the other one the last",@LaviosRS,,3.7K,30
YT000455,2026 Miami Grand Prix,Formula 1,2026-05-03,Race Highlights | 2026 Miami Grand Prix,5gYys4GL7S0,https://www.youtube.com/watch?v=5gYys4GL7S0,FORMULA 1,UCB_qr75-ydFVKSF9Dmo6izg,UgyafFOOv1eizZcx-iF4AaABAg,https://www.youtube.com/watch?v=5gYys4GL7S0&lc=UgyafFOOv1eizZcx-iF4AaABAg,"Max does a 360 on first lap, leclerc does on the last lap. Bros fr 🥀😭",@hibye-fn6sm,,885,6
YT000456,2026 Miami Grand Prix,Formula 1,2026-05-03,Race Highlights | 2026 Miami Grand Prix,5gYys4GL7S0,https://www.youtube.com/watch?v=5gYys4GL7S0,FORMULA 1,UCB_qr75-ydFVKSF9Dmo6izg,Ugy_PnR1ljRXg1OayOd4AaABAg,https://www.youtube.com/watch?v=5gYys4GL7S0&lc=Ugy_PnR1ljRXg1OayOd4AaABAg,Man put a V10 back in them and just let them race.,@pendulum682,,39,2
YT000457,2026 Miami Grand Prix,Formula 1,2026-05-03,Race Highlights | 2026 Miami Grand Prix,5gYys4GL7S0,https://www.youtube.com/watch?v=5gYys4GL7S0,FORMULA 1,UCB_qr75-ydFVKSF9Dmo6izg,Ugy8Sc1UyXO2nyirLXp4AaABAg,https://www.youtube.com/watch?v=5gYys4GL7S0&lc=Ugy8Sc1UyXO2nyirLXp4AaABAg,"Ferrari really sacrificed a podium for a 67 meme 💀

*Update: Leclerc was given a 20 sec time penalty so hes drop down to 8th, Hamilton up to 6th.",@itsSviatoslav,,4.5K,25
YT000458,2026 Miami Grand Prix,Formula 1,2026-05-03,Race Highlights | 2026 Miami Grand Prix,5gYys4GL7S0,https://www.youtube.com/watch?v=5gYys4GL7S0,FORMULA 1,UCB_qr75-ydFVKSF9Dmo6izg,UgwX4Qtf8HMD86FVVsd4AaABAg,https://www.youtube.com/watch?v=5gYys4GL7S0&lc=UgwX4Qtf8HMD86FVVsd4AaABAg,"Start: absolute cinema
Mid: absolute trash
End: absolute cinema",@cheatinglion,,2.9K,29
YT000459,2026 Miami Grand Prix,Formula 1,2026-05-03,Race Highlights | 2026 Miami Grand Prix,5gYys4GL7S0,https://www.youtube.com/watch?v=5gYys4GL7S0,FORMULA 1,UCB_qr75-ydFVKSF9Dmo6izg,UgyZDUSnf9T-fz2IMrB4AaABAg,https://www.youtube.com/watch?v=5gYys4GL7S0&lc=UgyZDUSnf9T-fz2IMrB4AaABAg,Max and Charles channeling their inner Nikita Mazespin! 😂,@ConnorPenfold,,5.5K,22
YT000460,2026 Miami Grand Prix,Formula 1,2026-05-03,Race Highlights | 2026 Miami Grand Prix,5gYys4GL7S0,https://www.youtube.com/watch?v=5gYys4GL7S0,FORMULA 1,UCB_qr75-ydFVKSF9Dmo6izg,UgxDj81bKrCMCXwP5p54AaABAg,https://www.youtube.com/watch?v=5gYys4GL7S0&lc=UgxDj81bKrCMCXwP5p54AaABAg,You can’t even hear the cars man. What happened to this sport,@adamvanderkooy6288,,221,6
YT000461,2026 Miami Grand Prix,Formula 1,2026-05-03,Race Highlights | 2026 Miami Grand Prix,5gYys4GL7S0,https://www.youtube.com/watch?v=5gYys4GL7S0,FORMULA 1,UCB_qr75-ydFVKSF9Dmo6izg,UgwjFzrewAEBnmvuVN14AaABAg,https://www.youtube.com/watch?v=5gYys4GL7S0&lc=UgwjFzrewAEBnmvuVN14AaABAg,Ferrari Depression Era came faster than I thought it would have....🙂,@Nish_04.04,,2K,12
YT000462,2026 Miami Grand Prix,Formula 1,2026-05-03,Race Highlights | 2026 Miami Grand Prix,5gYys4GL7S0,https://www.youtube.com/watch?v=5gYys4GL7S0,FORMULA 1,UCB_qr75-ydFVKSF9Dmo6izg,UgxnpjVLSD0JnjRfd_V4AaABAg,https://www.youtube.com/watch?v=5gYys4GL7S0&lc=UgxnpjVLSD0JnjRfd_V4AaABAg,Both Aston Martins actually finished the race!,@ConnorPenfold,,6.2K,30
YT000463,2026 Miami Grand Prix,Formula 1,2026-05-03,Race Highlights | 2026 Miami Grand Prix,5gYys4GL7S0,https://www.youtube.com/watch?v=5gYys4GL7S0,FORMULA 1,UCB_qr75-ydFVKSF9Dmo6izg,UgwraZxIe3gXz2ELE714AaABAg,https://www.youtube.com/watch?v=5gYys4GL7S0&lc=UgwraZxIe3gXz2ELE714AaABAg,"Announcer audio: 🔊🔊🔊
Car audio: 🔇🔇🔇",@TheJensenisawesome,,4.7K,51
YT000464,2026 Miami Grand Prix,Formula 1,2026-05-03,Race Highlights | 2026 Miami Grand Prix,5gYys4GL7S0,https://www.youtube.com/watch?v=5gYys4GL7S0,FORMULA 1,UCB_qr75-ydFVKSF9Dmo6izg,UgyhDzJZUyMzeNyYHSR4AaABAg,https://www.youtube.com/watch?v=5gYys4GL7S0&lc=UgyhDzJZUyMzeNyYHSR4AaABAg,What a race after the five weeks break. Nobody can stop Kimi Antonelli,@stanley1433,,10,
YT000465,2026 Monaco Grand Prix,Formula 1,2026-06-07,Race Highlights | 2026 Monaco Grand Prix,ipOT9ruRobc,https://www.youtube.com/watch?v=ipOT9ruRobc,FORMULA 1,UCB_qr75-ydFVKSF9Dmo6izg,Ugxgic_EddfdPukeavN4AaABAg,https://www.youtube.com/watch?v=ipOT9ruRobc&lc=Ugxgic_EddfdPukeavN4AaABAg,Charles Leclerc’s Monaco therapist just bought a second yacht thanks to today's race.,@Atzee,,26K,58
YT000466,2026 Monaco Grand Prix,Formula 1,2026-06-07,Race Highlights | 2026 Monaco Grand Prix,ipOT9ruRobc,https://www.youtube.com/watch?v=ipOT9ruRobc,FORMULA 1,UCB_qr75-ydFVKSF9Dmo6izg,Ugy53EcKyR2vb-QARMp4AaABAg,https://www.youtube.com/watch?v=ipOT9ruRobc&lc=Ugy53EcKyR2vb-QARMp4AaABAg,Driver: breathes... FIA: drive-through penalty for existing,@Atzee,,6.5K,11
YT000467,2026 Monaco Grand Prix,Formula 1,2026-06-07,Race Highlights | 2026 Monaco Grand Prix,ipOT9ruRobc,https://www.youtube.com/watch?v=ipOT9ruRobc,FORMULA 1,UCB_qr75-ydFVKSF9Dmo6izg,Ugz-fTAid6mjGPkYiYR4AaABAg,https://www.youtube.com/watch?v=ipOT9ruRobc&lc=Ugz-fTAid6mjGPkYiYR4AaABAg,The big 4 teams had one driver living in pure bliss while the other driver suffered an absolute nightmare,@Bennyzzz...,,3.6K,22
YT000468,2026 Monaco Grand Prix,Formula 1,2026-06-07,Race Highlights | 2026 Monaco Grand Prix,ipOT9ruRobc,https://www.youtube.com/watch?v=ipOT9ruRobc,FORMULA 1,UCB_qr75-ydFVKSF9Dmo6izg,Ugy4bdMGKWxOnX8PTOp4AaABAg,https://www.youtube.com/watch?v=ipOT9ruRobc&lc=Ugy4bdMGKWxOnX8PTOp4AaABAg,I’m so glad I only watch highlights these days,@michaeljex8091,,407,4
YT000469,2026 Monaco Grand Prix,Formula 1,2026-06-07,Race Highlights | 2026 Monaco Grand Prix,ipOT9ruRobc,https://www.youtube.com/watch?v=ipOT9ruRobc,FORMULA 1,UCB_qr75-ydFVKSF9Dmo6izg,Ugw_aPT6AEkOAVPC41x4AaABAg,https://www.youtube.com/watch?v=ipOT9ruRobc&lc=Ugw_aPT6AEkOAVPC41x4AaABAg,I like how they found the singular Lance Stroll fan in the stands for a reaction.,@autotalon,,13K,69
YT000470,2026 Monaco Grand Prix,Formula 1,2026-06-07,Race Highlights | 2026 Monaco Grand Prix,ipOT9ruRobc,https://www.youtube.com/watch?v=ipOT9ruRobc,FORMULA 1,UCB_qr75-ydFVKSF9Dmo6izg,UgxYU9sgEVseEsya0_h4AaABAg,https://www.youtube.com/watch?v=ipOT9ruRobc&lc=UgxYU9sgEVseEsya0_h4AaABAg,"Lindblad really took the Monaco Casino gamble: zero pit-stops, free tyre change and best finish ever in F1",@FabJK4,,3.4K,13
YT000471,2026 Monaco Grand Prix,Formula 1,2026-06-07,Race Highlights | 2026 Monaco Grand Prix,ipOT9ruRobc,https://www.youtube.com/watch?v=ipOT9ruRobc,FORMULA 1,UCB_qr75-ydFVKSF9Dmo6izg,UgyUEryuftwYbia4PMN4AaABAg,https://www.youtube.com/watch?v=ipOT9ruRobc&lc=UgyUEryuftwYbia4PMN4AaABAg,“The Speeding in the Pit Lane Grand Prix”,@starryts_YT,,1.5K,3
YT000472,2026 Monaco Grand Prix,Formula 1,2026-06-07,Race Highlights | 2026 Monaco Grand Prix,ipOT9ruRobc,https://www.youtube.com/watch?v=ipOT9ruRobc,FORMULA 1,UCB_qr75-ydFVKSF9Dmo6izg,Ugy1FQ_k8eBkXng1_4N4AaABAg,https://www.youtube.com/watch?v=ipOT9ruRobc&lc=Ugy1FQ_k8eBkXng1_4N4AaABAg,Love how stroll and leclerc had the exact same crash but stroll they say is driver error and leclerc is the car/tracks fault,@Jack_5657,,114,2
YT000473,2026 Monaco Grand Prix,Formula 1,2026-06-07,Race Highlights | 2026 Monaco Grand Prix,ipOT9ruRobc,https://www.youtube.com/watch?v=ipOT9ruRobc,FORMULA 1,UCB_qr75-ydFVKSF9Dmo6izg,Ugw9ascuUusjzAG0vZB4AaABAg,https://www.youtube.com/watch?v=ipOT9ruRobc&lc=Ugw9ascuUusjzAG0vZB4AaABAg,Crazy how Ocon somehow managed to go the whole race without a 5 sec penalty 😅,@werty1500,,9.9K,29
YT000474,2026 Monaco Grand Prix,Formula 1,2026-06-07,Race Highlights | 2026 Monaco Grand Prix,ipOT9ruRobc,https://www.youtube.com/watch?v=ipOT9ruRobc,FORMULA 1,UCB_qr75-ydFVKSF9Dmo6izg,UgyaDg7o88CD2oFMMd14AaABAg,https://www.youtube.com/watch?v=ipOT9ruRobc&lc=UgyaDg7o88CD2oFMMd14AaABAg,Biggest penaltyfest i’ve ever seen in F1,@imreallyshrek,,23K,74
YT000475,2026 Monaco Grand Prix,Formula 1,2026-06-07,Race Highlights | 2026 Monaco Grand Prix,ipOT9ruRobc,https://www.youtube.com/watch?v=ipOT9ruRobc,FORMULA 1,UCB_qr75-ydFVKSF9Dmo6izg,Ugy4ZOghl66p-r4vVwp4AaABAg,https://www.youtube.com/watch?v=ipOT9ruRobc&lc=Ugy4ZOghl66p-r4vVwp4AaABAg,"F1: ""how many penalties do you want?""
Mónaco: "" yes""",@Mavs8,,622,2
YT000476,2026 Monaco Grand Prix,Formula 1,2026-06-07,Race Highlights | 2026 Monaco Grand Prix,ipOT9ruRobc,https://www.youtube.com/watch?v=ipOT9ruRobc,FORMULA 1,UCB_qr75-ydFVKSF9Dmo6izg,Ugy0HBeRm3Mi6UCtHDR4AaABAg,https://www.youtube.com/watch?v=ipOT9ruRobc&lc=Ugy0HBeRm3Mi6UCtHDR4AaABAg,I had to come back to this to remember everything that happened.,@AbandonedRaven,,5,
YT000477,2026 Monaco Grand Prix,Formula 1,2026-06-07,Race Highlights | 2026 Monaco Grand Prix,ipOT9ruRobc,https://www.youtube.com/watch?v=ipOT9ruRobc,FORMULA 1,UCB_qr75-ydFVKSF9Dmo6izg,Ugx6bm30-1q8uxqiLDJ4AaABAg,https://www.youtube.com/watch?v=ipOT9ruRobc&lc=Ugx6bm30-1q8uxqiLDJ4AaABAg,"Everybody - 5sec penalty 
Ocon - ""Not this time""",@notthor,,2.3K,12
YT000478,2026 Monaco Grand Prix,Formula 1,2026-06-07,Race Highlights | 2026 Monaco Grand Prix,ipOT9ruRobc,https://www.youtube.com/watch?v=ipOT9ruRobc,FORMULA 1,UCB_qr75-ydFVKSF9Dmo6izg,UgyB5Cjok1qmP3NQhDF4AaABAg,https://www.youtube.com/watch?v=ipOT9ruRobc&lc=UgyB5Cjok1qmP3NQhDF4AaABAg,the only monaco gp where editors can find enough footage for 8 minute highlights,@jakejohnson9827,,4.5K,27
YT000479,2026 Monaco Grand Prix,Formula 1,2026-06-07,Race Highlights | 2026 Monaco Grand Prix,ipOT9ruRobc,https://www.youtube.com/watch?v=ipOT9ruRobc,FORMULA 1,UCB_qr75-ydFVKSF9Dmo6izg,UgwCyJChBkVMrRHitPt4AaABAg,https://www.youtube.com/watch?v=ipOT9ruRobc&lc=UgwCyJChBkVMrRHitPt4AaABAg,A race that had everything. Except racing.,@59N3W,,12K,82
YT000480,2026 Monaco Grand Prix,Formula 1,2026-06-07,Race Highlights | 2026 Monaco Grand Prix,ipOT9ruRobc,https://www.youtube.com/watch?v=ipOT9ruRobc,FORMULA 1,UCB_qr75-ydFVKSF9Dmo6izg,UgweBEMSKh-zimWgUMl4AaABAg,https://www.youtube.com/watch?v=ipOT9ruRobc&lc=UgweBEMSKh-zimWgUMl4AaABAg,"Amazing how Lawsons car was in pieces one hour before the start , yet he finished fifth.",@tonymunford5804,,198,5
YT000481,Australia vs Pakistan (2026 ICC Women’s T20 World Cup),Cricket,2026-06-21,Australia v Pakistan | Match Highlights | Women's #T20WorldCup 2026,2Ee9v1-V7Ko,https://www.youtube.com/watch?v=2Ee9v1-V7Ko,ICC,UCt2JXOLNxqry7B_4rRZME3Q,UgyPX3vusp-6rIQDSqZ4AaABAg,https://www.youtube.com/watch?v=2Ee9v1-V7Ko&lc=UgyPX3vusp-6rIQDSqZ4AaABAg,Next time we need 2 sec highlights,@AanishSheikh-sl9pu,,270,4
YT000482,Australia vs Pakistan (2026 ICC Women’s T20 World Cup),Cricket,2026-06-21,Australia v Pakistan | Match Highlights | Women's #T20WorldCup 2026,2Ee9v1-V7Ko,https://www.youtube.com/watch?v=2Ee9v1-V7Ko,ICC,UCt2JXOLNxqry7B_4rRZME3Q,UgxYucWq7kyCsfJHVDF4AaABAg,https://www.youtube.com/watch?v=2Ee9v1-V7Ko&lc=UgxYucWq7kyCsfJHVDF4AaABAg,Next time post only toss highlights 😂😂,@gajenkumar4991,,162,2
YT000483,Australia vs Pakistan (2026 ICC Women’s T20 World Cup),Cricket,2026-06-21,Australia v Pakistan | Match Highlights | Women's #T20WorldCup 2026,2Ee9v1-V7Ko,https://www.youtube.com/watch?v=2Ee9v1-V7Ko,ICC,UCt2JXOLNxqry7B_4rRZME3Q,UgxtLpA8dZEausE6Hqp4AaABAg,https://www.youtube.com/watch?v=2Ee9v1-V7Ko&lc=UgxtLpA8dZEausE6Hqp4AaABAg,"Highlights ❎
Lowlights✅",@JoelShaik,,36,
YT000484,Australia vs Pakistan (2026 ICC Women’s T20 World Cup),Cricket,2026-06-21,Australia v Pakistan | Match Highlights | Women's #T20WorldCup 2026,2Ee9v1-V7Ko,https://www.youtube.com/watch?v=2Ee9v1-V7Ko,ICC,UCt2JXOLNxqry7B_4rRZME3Q,UgyAJYFwEPg-qZVqGGR4AaABAg,https://www.youtube.com/watch?v=2Ee9v1-V7Ko&lc=UgyAJYFwEPg-qZVqGGR4AaABAg,Once I just skipped 10 sec and pakistan batting started 😂😅😅,@Only_Vayzen,,58,1
YT000485,Australia vs Pakistan (2026 ICC Women’s T20 World Cup),Cricket,2026-06-21,Australia v Pakistan | Match Highlights | Women's #T20WorldCup 2026,2Ee9v1-V7Ko,https://www.youtube.com/watch?v=2Ee9v1-V7Ko,ICC,UCt2JXOLNxqry7B_4rRZME3Q,UgywJbOkPJV7BJ0lvEJ4AaABAg,https://www.youtube.com/watch?v=2Ee9v1-V7Ko&lc=UgywJbOkPJV7BJ0lvEJ4AaABAg,Australia's consistency across generations is simply unbelievable 🏏🔥,@wittyaahna,,10,
YT000486,Australia vs Pakistan (2026 ICC Women’s T20 World Cup),Cricket,2026-06-21,Australia v Pakistan | Match Highlights | Women's #T20WorldCup 2026,2Ee9v1-V7Ko,https://www.youtube.com/watch?v=2Ee9v1-V7Ko,ICC,UCt2JXOLNxqry7B_4rRZME3Q,UgzNX-3phuLaT6XXllB4AaABAg,https://www.youtube.com/watch?v=2Ee9v1-V7Ko&lc=UgzNX-3phuLaT6XXllB4AaABAg,Bhai ye to suru hote hi khtam ho gya 😂😂,@S.H.I.E.L.Dshort,,22,
YT000487,Australia vs Pakistan (2026 ICC Women’s T20 World Cup),Cricket,2026-06-21,Australia v Pakistan | Match Highlights | Women's #T20WorldCup 2026,2Ee9v1-V7Ko,https://www.youtube.com/watch?v=2Ee9v1-V7Ko,ICC,UCt2JXOLNxqry7B_4rRZME3Q,UgwXwhjif-XEgYTRuWV4AaABAg,https://www.youtube.com/watch?v=2Ee9v1-V7Ko&lc=UgwXwhjif-XEgYTRuWV4AaABAg,Well Played Well Done 👏 ✔️ 👍 👌 Australia 🇦🇺 Women's Team,@BibekDas-x4o,,9,
YT000488,Australia vs Pakistan (2026 ICC Women’s T20 World Cup),Cricket,2026-06-21,Australia v Pakistan | Match Highlights | Women's #T20WorldCup 2026,2Ee9v1-V7Ko,https://www.youtube.com/watch?v=2Ee9v1-V7Ko,ICC,UCt2JXOLNxqry7B_4rRZME3Q,UgzPdLU3DEY0sVWt0bN4AaABAg,https://www.youtube.com/watch?v=2Ee9v1-V7Ko&lc=UgzPdLU3DEY0sVWt0bN4AaABAg,Guys don't blame the editor he had put the full highlights link in the description and didn't inform us,@YxshPrasad-u3p,,16,2
YT000489,Australia vs Pakistan (2026 ICC Women’s T20 World Cup),Cricket,2026-06-21,Australia v Pakistan | Match Highlights | Women's #T20WorldCup 2026,2Ee9v1-V7Ko,https://www.youtube.com/watch?v=2Ee9v1-V7Ko,ICC,UCt2JXOLNxqry7B_4rRZME3Q,UgxPFkcr4_Ppx3knBA14AaABAg,https://www.youtube.com/watch?v=2Ee9v1-V7Ko&lc=UgxPFkcr4_Ppx3knBA14AaABAg,Phir se lurn mil gaya 😂,@aashutoshmishra20,,49,1
YT000490,Australia vs Pakistan (2026 ICC Women’s T20 World Cup),Cricket,2026-06-21,Australia v Pakistan | Match Highlights | Women's #T20WorldCup 2026,2Ee9v1-V7Ko,https://www.youtube.com/watch?v=2Ee9v1-V7Ko,ICC,UCt2JXOLNxqry7B_4rRZME3Q,UgyUZMFgiv43UEiMLgx4AaABAg,https://www.youtube.com/watch?v=2Ee9v1-V7Ko&lc=UgyUZMFgiv43UEiMLgx4AaABAg,"pakistan is playing so dumb , its a joke. good i watch this 2 min highlight,thanks for saving my time.",@soumyabhuyan1580,,15,
YT000491,Australia vs Pakistan (2026 ICC Women’s T20 World Cup),Cricket,2026-06-21,Australia v Pakistan | Match Highlights | Women's #T20WorldCup 2026,2Ee9v1-V7Ko,https://www.youtube.com/watch?v=2Ee9v1-V7Ko,ICC,UCt2JXOLNxqry7B_4rRZME3Q,UgyLmuh7OJiph9U2mkt4AaABAg,https://www.youtube.com/watch?v=2Ee9v1-V7Ko&lc=UgyLmuh7OJiph9U2mkt4AaABAg,the highlights was over even before my instant noodles prepared,@ayushhh018,,4,
YT000492,Australia vs Pakistan (2026 ICC Women’s T20 World Cup),Cricket,2026-06-21,Australia v Pakistan | Match Highlights | Women's #T20WorldCup 2026,2Ee9v1-V7Ko,https://www.youtube.com/watch?v=2Ee9v1-V7Ko,ICC,UCt2JXOLNxqry7B_4rRZME3Q,UgyTgzvUGRKkgNBxv4p4AaABAg,https://www.youtube.com/watch?v=2Ee9v1-V7Ko&lc=UgyTgzvUGRKkgNBxv4p4AaABAg,Australia is on another level in this tournament not even letting most teams cross 100 😂,@Beardo-d4v,,6,
YT000493,Australia vs Pakistan (2026 ICC Women’s T20 World Cup),Cricket,2026-06-21,Australia v Pakistan | Match Highlights | Women's #T20WorldCup 2026,2Ee9v1-V7Ko,https://www.youtube.com/watch?v=2Ee9v1-V7Ko,ICC,UCt2JXOLNxqry7B_4rRZME3Q,UgxIS1_AeZzQ6i7V_sN4AaABAg,https://www.youtube.com/watch?v=2Ee9v1-V7Ko&lc=UgxIS1_AeZzQ6i7V_sN4AaABAg,What kind of dumb highlight is this? 2 min seriously 😒,@BTboy21,,98,3
YT000494,Australia vs Pakistan (2026 ICC Women’s T20 World Cup),Cricket,2026-06-21,Australia v Pakistan | Match Highlights | Women's #T20WorldCup 2026,2Ee9v1-V7Ko,https://www.youtube.com/watch?v=2Ee9v1-V7Ko,ICC,UCt2JXOLNxqry7B_4rRZME3Q,UgzNl6gP3ELICfsMi7J4AaABAg,https://www.youtube.com/watch?v=2Ee9v1-V7Ko&lc=UgzNl6gP3ELICfsMi7J4AaABAg,Highlight❌ Instagram reel✅,@prathameshgawand2706,,5,
YT000495,Australia vs Pakistan (2026 ICC Women’s T20 World Cup),Cricket,2026-06-21,Australia v Pakistan | Match Highlights | Women's #T20WorldCup 2026,2Ee9v1-V7Ko,https://www.youtube.com/watch?v=2Ee9v1-V7Ko,ICC,UCt2JXOLNxqry7B_4rRZME3Q,UgwvUgax8psRCGvWfG14AaABAg,https://www.youtube.com/watch?v=2Ee9v1-V7Ko&lc=UgwvUgax8psRCGvWfG14AaABAg,Highlights ❌ highestlights ✅,@User765-f6f,,5,
YT000496,Australia vs Pakistan (2026 ICC Women’s T20 World Cup),Cricket,2026-06-21,Australia v Pakistan | Match Highlights | Women's #T20WorldCup 2026,2Ee9v1-V7Ko,https://www.youtube.com/watch?v=2Ee9v1-V7Ko,ICC,UCt2JXOLNxqry7B_4rRZME3Q,Ugw8sMUuDNON6bvRpPN4AaABAg,https://www.youtube.com/watch?v=2Ee9v1-V7Ko&lc=Ugw8sMUuDNON6bvRpPN4AaABAg,Completely domination by australia,@unlimited_Zindgi,,5,
YT000497,Sri Lanka vs Ireland (2026 ICC Women’s T20 World Cup),Cricket,,Sri Lanka v Ireland | Match Highlights | Women's #T20WorldCup 2026,IdchmuJOrRM,https://www.youtube.com/watch?v=IdchmuJOrRM,ICC,UCt2JXOLNxqry7B_4rRZME3Q,UgyUoZYWBDiRomRRdAx4AaABAg,https://www.youtube.com/watch?v=IdchmuJOrRM&lc=UgyUoZYWBDiRomRRdAx4AaABAg,What a win for sri lanka,@RaviduPrabashwara-x2g,,7,
YT000498,Sri Lanka vs Ireland (2026 ICC Women’s T20 World Cup),Cricket,,Sri Lanka v Ireland | Match Highlights | Women's #T20WorldCup 2026,IdchmuJOrRM,https://www.youtube.com/watch?v=IdchmuJOrRM,ICC,UCt2JXOLNxqry7B_4rRZME3Q,Ugz8t5S-d86OPRlqiwZ4AaABAg,https://www.youtube.com/watch?v=IdchmuJOrRM&lc=Ugz8t5S-d86OPRlqiwZ4AaABAg,Best women  batter in the world..classic knoeck from chamari ❤,@nmrmotivation,,6,
YT000499,Sri Lanka vs Ireland (2026 ICC Women’s T20 World Cup),Cricket,,Sri Lanka v Ireland | Match Highlights | Women's #T20WorldCup 2026,IdchmuJOrRM,https://www.youtube.com/watch?v=IdchmuJOrRM,ICC,UCt2JXOLNxqry7B_4rRZME3Q,UgwUEIj5qlCJV3DZzgJ4AaABAg,https://www.youtube.com/watch?v=IdchmuJOrRM&lc=UgwUEIj5qlCJV3DZzgJ4AaABAg,Vell played Shri Lanka 🇱🇰💪  superb 💙💙💙🇱🇰,@chethilasashmika9045,,10,1
YT000500,Sri Lanka vs Ireland (2026 ICC Women’s T20 World Cup),Cricket,,Sri Lanka v Ireland | Match Highlights | Women's #T20WorldCup 2026,IdchmuJOrRM,https://www.youtube.com/watch?v=IdchmuJOrRM,ICC,UCt2JXOLNxqry7B_4rRZME3Q,Ugw8uUgAz_EnDc_IjPx4AaABAg,https://www.youtube.com/watch?v=IdchmuJOrRM&lc=Ugw8uUgAz_EnDc_IjPx4AaABAg,ماشاءاللہ بہت خوب میں بھی اس طرح کی وڈیو بناتا ہوں,@CricketUpdatesPK,,2,
YT000501,Sri Lanka vs Ireland (2026 ICC Women’s T20 World Cup),Cricket,,Sri Lanka v Ireland | Match Highlights | Women's #T20WorldCup 2026,IdchmuJOrRM,https://www.youtube.com/watch?v=IdchmuJOrRM,ICC,UCt2JXOLNxqry7B_4rRZME3Q,UgxzdiyNIULbrOzNHd14AaABAg,https://www.youtube.com/watch?v=IdchmuJOrRM&lc=UgxzdiyNIULbrOzNHd14AaABAg,Chmari athapaththu ❤,@Mihagamanthila,,4,
YT000502,Sri Lanka vs Ireland (2026 ICC Women’s T20 World Cup),Cricket,,Sri Lanka v Ireland | Match Highlights | Women's #T20WorldCup 2026,IdchmuJOrRM,https://www.youtube.com/watch?v=IdchmuJOrRM,ICC,UCt2JXOLNxqry7B_4rRZME3Q,UgxiZnxFANX0CSq-_-p4AaABAg,https://www.youtube.com/watch?v=IdchmuJOrRM&lc=UgxiZnxFANX0CSq-_-p4AaABAg,Congratulations chamari akka,@UpaliSenarathna-hb2fq,,6,1
YT000503,Sri Lanka vs Ireland (2026 ICC Women’s T20 World Cup),Cricket,,Sri Lanka v Ireland | Match Highlights | Women's #T20WorldCup 2026,IdchmuJOrRM,https://www.youtube.com/watch?v=IdchmuJOrRM,ICC,UCt2JXOLNxqry7B_4rRZME3Q,UgxqGYX7fTUMr0s1Q594AaABAg,https://www.youtube.com/watch?v=IdchmuJOrRM&lc=UgxqGYX7fTUMr0s1Q594AaABAg,Wow🔥🔥🔥,@padminijayarathne30,, ,
YT000504,Sri Lanka vs Ireland (2026 ICC Women’s T20 World Cup),Cricket,,Sri Lanka v Ireland | Match Highlights | Women's #T20WorldCup 2026,IdchmuJOrRM,https://www.youtube.com/watch?v=IdchmuJOrRM,ICC,UCt2JXOLNxqry7B_4rRZME3Q,UgwHNgWY18Vgl0L_Ye54AaABAg,https://www.youtube.com/watch?v=IdchmuJOrRM&lc=UgwHNgWY18Vgl0L_Ye54AaABAg,Irish❤,@Jaikumar-b4i,,2,
YT000505,Sri Lanka vs Ireland (2026 ICC Women’s T20 World Cup),Cricket,,Sri Lanka v Ireland | Match Highlights | Women's #T20WorldCup 2026,IdchmuJOrRM,https://www.youtube.com/watch?v=IdchmuJOrRM,ICC,UCt2JXOLNxqry7B_4rRZME3Q,UgwG21Y_Zc2vT0bua4B4AaABAg,https://www.youtube.com/watch?v=IdchmuJOrRM&lc=UgwG21Y_Zc2vT0bua4B4AaABAg,Ye world cup ki highlights hai,@faizanulhaque9610,,3,
YT000506,Sri Lanka vs Ireland (2026 ICC Women’s T20 World Cup),Cricket,,Sri Lanka v Ireland | Match Highlights | Women's #T20WorldCup 2026,IdchmuJOrRM,https://www.youtube.com/watch?v=IdchmuJOrRM,ICC,UCt2JXOLNxqry7B_4rRZME3Q,UgxXsRxNTTaU743NdQl4AaABAg,https://www.youtube.com/watch?v=IdchmuJOrRM&lc=UgxXsRxNTTaU743NdQl4AaABAg,❤❤❤,@MaduHansi-vs5zb,, ,
YT000507,Sri Lanka vs Ireland (2026 ICC Women’s T20 World Cup),Cricket,,Sri Lanka v Ireland | Match Highlights | Women's #T20WorldCup 2026,IdchmuJOrRM,https://www.youtube.com/watch?v=IdchmuJOrRM,ICC,UCt2JXOLNxqry7B_4rRZME3Q,UgxJLNAHvGB1kYxPAqB4AaABAg,https://www.youtube.com/watch?v=IdchmuJOrRM&lc=UgxJLNAHvGB1kYxPAqB4AaABAg,Did sanath Jayasuriya train her 😮😂,@parmeshwarg-s8t,,2,
YT000508,Sri Lanka vs Ireland (2026 ICC Women’s T20 World Cup),Cricket,,Sri Lanka v Ireland | Match Highlights | Women's #T20WorldCup 2026,IdchmuJOrRM,https://www.youtube.com/watch?v=IdchmuJOrRM,ICC,UCt2JXOLNxqry7B_4rRZME3Q,UgzcBADGLy2b3Innfzp4AaABAg,https://www.youtube.com/watch?v=IdchmuJOrRM&lc=UgzcBADGLy2b3Innfzp4AaABAg,wow,@bathiyabro2011,, ,
YT000509,Sri Lanka vs Ireland (2026 ICC Women’s T20 World Cup),Cricket,,Sri Lanka v Ireland | Match Highlights | Women's #T20WorldCup 2026,IdchmuJOrRM,https://www.youtube.com/watch?v=IdchmuJOrRM,ICC,UCt2JXOLNxqry7B_4rRZME3Q,UgzN3aq_zdiHMggFWt14AaABAg,https://www.youtube.com/watch?v=IdchmuJOrRM&lc=UgzN3aq_zdiHMggFWt14AaABAg,🇱🇰💪🏻,@mohamedsimas2005,, ,
YT000510,Sri Lanka vs Ireland (2026 ICC Women’s T20 World Cup),Cricket,,Sri Lanka v Ireland | Match Highlights | Women's #T20WorldCup 2026,IdchmuJOrRM,https://www.youtube.com/watch?v=IdchmuJOrRM,ICC,UCt2JXOLNxqry7B_4rRZME3Q,Ugw16SOPZg9zc641nJR4AaABAg,https://www.youtube.com/watch?v=IdchmuJOrRM&lc=Ugw16SOPZg9zc641nJR4AaABAg,1 min ki highlight daal diya karo... ICC.... Kya h ye,@GautamJaiswal-r8k,,1,
YT000511,Sri Lanka vs Ireland (2026 ICC Women’s T20 World Cup),Cricket,,Sri Lanka v Ireland | Match Highlights | Women's #T20WorldCup 2026,IdchmuJOrRM,https://www.youtube.com/watch?v=IdchmuJOrRM,ICC,UCt2JXOLNxqry7B_4rRZME3Q,UgzlUkRSFkJ0jwMmVu54AaABAg,https://www.youtube.com/watch?v=IdchmuJOrRM&lc=UgzlUkRSFkJ0jwMmVu54AaABAg,Please five minutes highlight give,@ShamimSami-l4s8l,, ,
YT000512,Sri Lanka vs Ireland (2026 ICC Women’s T20 World Cup),Cricket,,Sri Lanka v Ireland | Match Highlights | Women's #T20WorldCup 2026,IdchmuJOrRM,https://www.youtube.com/watch?v=IdchmuJOrRM,ICC,UCt2JXOLNxqry7B_4rRZME3Q,UgwxUwmXAv9NEaPjduN4AaABAg,https://www.youtube.com/watch?v=IdchmuJOrRM&lc=UgwxUwmXAv9NEaPjduN4AaABAg,Nice,@MihiranLakshitha-n7y,, ,
YT000513,England vs South Africa (2026 ICC Women’s T20 World Cup Semifinal),Cricket,2026-07-02,England v South Africa | Match Highlights Semi Final 2 | Women's T20 World Cup 2026,AQsj5tveK7w,https://www.youtube.com/watch?v=AQsj5tveK7w,ICC,UCt2JXOLNxqry7B_4rRZME3Q,UgxYBrDDUszV5BFi1LN4AaABAg,https://www.youtube.com/watch?v=AQsj5tveK7w&lc=UgxYBrDDUszV5BFi1LN4AaABAg,Dear Icc we want 1 second highlight,@FaseehUddin-c6v,,143,7
YT000514,England vs South Africa (2026 ICC Women’s T20 World Cup Semifinal),Cricket,2026-07-02,England v South Africa | Match Highlights Semi Final 2 | Women's T20 World Cup 2026,AQsj5tveK7w,https://www.youtube.com/watch?v=AQsj5tveK7w,ICC,UCt2JXOLNxqry7B_4rRZME3Q,Ugx_8fxpU3bvdKZuEjB4AaABAg,https://www.youtube.com/watch?v=AQsj5tveK7w&lc=Ugx_8fxpU3bvdKZuEjB4AaABAg,I bet ICC can never made 10 seconds highlight.,@AntaryamiPanda2001,,33,
YT000515,England vs South Africa (2026 ICC Women’s T20 World Cup Semifinal),Cricket,2026-07-02,England v South Africa | Match Highlights Semi Final 2 | Women's T20 World Cup 2026,AQsj5tveK7w,https://www.youtube.com/watch?v=AQsj5tveK7w,ICC,UCt2JXOLNxqry7B_4rRZME3Q,Ugy-yRXjwIuAOCjgg2x4AaABAg,https://www.youtube.com/watch?v=AQsj5tveK7w&lc=Ugy-yRXjwIuAOCjgg2x4AaABAg,Can't believe I got to see two whole wickets of a world cup semi final innings. Great job on the highlights.,@dayno9049,,3,
YT000516,England vs South Africa (2026 ICC Women’s T20 World Cup Semifinal),Cricket,2026-07-02,England v South Africa | Match Highlights Semi Final 2 | Women's T20 World Cup 2026,AQsj5tveK7w,https://www.youtube.com/watch?v=AQsj5tveK7w,ICC,UCt2JXOLNxqry7B_4rRZME3Q,Ugzf5upPxbHGyyuBi594AaABAg,https://www.youtube.com/watch?v=AQsj5tveK7w&lc=Ugzf5upPxbHGyyuBi594AaABAg,England has a chance against the Aussies on Sunday..if they can somehow get 185+ their bowling has the potential to restrict Aus..obviously they have to field very well and with some luck and crowd support they could defy Australia..but on paper Aus clear favorites..one of dani wyatt and capsey needs to fire..,@aggplvc,,14,2
YT000517,England vs South Africa (2026 ICC Women’s T20 World Cup Semifinal),Cricket,2026-07-02,England v South Africa | Match Highlights Semi Final 2 | Women's T20 World Cup 2026,AQsj5tveK7w,https://www.youtube.com/watch?v=AQsj5tveK7w,ICC,UCt2JXOLNxqry7B_4rRZME3Q,Ugx4dsfBEqRoQvZqGY94AaABAg,https://www.youtube.com/watch?v=AQsj5tveK7w&lc=Ugx4dsfBEqRoQvZqGY94AaABAg,what a brilliant highlight !! thats how every highlight should be,@mrrout1825,,1,
YT000518,England vs South Africa (2026 ICC Women’s T20 World Cup Semifinal),Cricket,2026-07-02,England v South Africa | Match Highlights Semi Final 2 | Women's T20 World Cup 2026,AQsj5tveK7w,https://www.youtube.com/watch?v=AQsj5tveK7w,ICC,UCt2JXOLNxqry7B_4rRZME3Q,UgwdnnD-Yubk1MZ5Agh4AaABAg,https://www.youtube.com/watch?v=AQsj5tveK7w&lc=UgwdnnD-Yubk1MZ5Agh4AaABAg,Who else is watching this with a smile,@munikumari4806,,2,
YT000519,England vs South Africa (2026 ICC Women’s T20 World Cup Semifinal),Cricket,2026-07-02,England v South Africa | Match Highlights Semi Final 2 | Women's T20 World Cup 2026,AQsj5tveK7w,https://www.youtube.com/watch?v=AQsj5tveK7w,ICC,UCt2JXOLNxqry7B_4rRZME3Q,Ugxzvlpapjz8WCaYdT94AaABAg,https://www.youtube.com/watch?v=AQsj5tveK7w&lc=Ugxzvlpapjz8WCaYdT94AaABAg,"If the lionesses want to end the 9 year wait then they have to rely on the middle order scoring well not Wyatt Hodge's job along with Dunkley then the bowling attack of Bell, Ecclestone and Dean will finish it off.",@MBYEET,,3,
YT000520,England vs South Africa (2026 ICC Women’s T20 World Cup Semifinal),Cricket,2026-07-02,England v South Africa | Match Highlights Semi Final 2 | Women's T20 World Cup 2026,AQsj5tveK7w,https://www.youtube.com/watch?v=AQsj5tveK7w,ICC,UCt2JXOLNxqry7B_4rRZME3Q,UgxfImv2aUwSaBwPJ0x4AaABAg,https://www.youtube.com/watch?v=AQsj5tveK7w&lc=UgxfImv2aUwSaBwPJ0x4AaABAg,Nat Sciver-Brunt--OG player---she is women virat kohli....when required most..she stand tall,@trk1693-k6v,,3,
YT000521,England vs South Africa (2026 ICC Women’s T20 World Cup Semifinal),Cricket,2026-07-02,England v South Africa | Match Highlights Semi Final 2 | Women's T20 World Cup 2026,AQsj5tveK7w,https://www.youtube.com/watch?v=AQsj5tveK7w,ICC,UCt2JXOLNxqry7B_4rRZME3Q,UgyaYkYIgnjH53FQwe94AaABAg,https://www.youtube.com/watch?v=AQsj5tveK7w&lc=UgyaYkYIgnjH53FQwe94AaABAg,"Excellent video—well explained, engaging, and packed with useful insights.",@mokshcentral,,1,
YT000522,England vs South Africa (2026 ICC Women’s T20 World Cup Semifinal),Cricket,2026-07-02,England v South Africa | Match Highlights Semi Final 2 | Women's T20 World Cup 2026,AQsj5tveK7w,https://www.youtube.com/watch?v=AQsj5tveK7w,ICC,UCt2JXOLNxqry7B_4rRZME3Q,Ugwgu34vSxt5a9dabLR4AaABAg,https://www.youtube.com/watch?v=AQsj5tveK7w&lc=Ugwgu34vSxt5a9dabLR4AaABAg,The shortest highlights clip ever produced! Slightly better than the person who only uploads half a game but come on.....,@bobbonner1314,,20,1
YT000523,England vs South Africa (2026 ICC Women’s T20 World Cup Semifinal),Cricket,2026-07-02,England v South Africa | Match Highlights Semi Final 2 | Women's T20 World Cup 2026,AQsj5tveK7w,https://www.youtube.com/watch?v=AQsj5tveK7w,ICC,UCt2JXOLNxqry7B_4rRZME3Q,UgyHBb3bxTzdzrw3t-N4AaABAg,https://www.youtube.com/watch?v=AQsj5tveK7w&lc=UgyHBb3bxTzdzrw3t-N4AaABAg,2 minute video...what the actual??,@nicolawibbz7182,,2,
YT000524,England vs South Africa (2026 ICC Women’s T20 World Cup Semifinal),Cricket,2026-07-02,England v South Africa | Match Highlights Semi Final 2 | Women's T20 World Cup 2026,AQsj5tveK7w,https://www.youtube.com/watch?v=AQsj5tveK7w,ICC,UCt2JXOLNxqry7B_4rRZME3Q,UgytuEFM8Nno0MUa8YF4AaABAg,https://www.youtube.com/watch?v=AQsj5tveK7w&lc=UgytuEFM8Nno0MUa8YF4AaABAg,we need only posters😮,@ghulamabbas7431,,1,
YT000525,England vs South Africa (2026 ICC Women’s T20 World Cup Semifinal),Cricket,2026-07-02,England v South Africa | Match Highlights Semi Final 2 | Women's T20 World Cup 2026,AQsj5tveK7w,https://www.youtube.com/watch?v=AQsj5tveK7w,ICC,UCt2JXOLNxqry7B_4rRZME3Q,Ugx8lEN5iBqG5PLHdft4AaABAg,https://www.youtube.com/watch?v=AQsj5tveK7w&lc=Ugx8lEN5iBqG5PLHdft4AaABAg,Where was the highlights?,@deepitsharma231,,1,
YT000526,England vs South Africa (2026 ICC Women’s T20 World Cup Semifinal),Cricket,2026-07-02,England v South Africa | Match Highlights Semi Final 2 | Women's T20 World Cup 2026,AQsj5tveK7w,https://www.youtube.com/watch?v=AQsj5tveK7w,ICC,UCt2JXOLNxqry7B_4rRZME3Q,UgwVDoyrneKYaLuE3GR4AaABAg,https://www.youtube.com/watch?v=AQsj5tveK7w&lc=UgwVDoyrneKYaLuE3GR4AaABAg,Congratulations i love England women's cricket team from Ahiyapur Muzaffarpur Bihar India,@SatyamKumarChandraq4,, ,
YT000527,England vs South Africa (2026 ICC Women’s T20 World Cup Semifinal),Cricket,2026-07-02,England v South Africa | Match Highlights Semi Final 2 | Women's T20 World Cup 2026,AQsj5tveK7w,https://www.youtube.com/watch?v=AQsj5tveK7w,ICC,UCt2JXOLNxqry7B_4rRZME3Q,UgxwLzIX2i2fb7rOmfF4AaABAg,https://www.youtube.com/watch?v=AQsj5tveK7w&lc=UgxwLzIX2i2fb7rOmfF4AaABAg,❤❤,@NasrulKhann,,1,
YT000528,England vs South Africa (2026 ICC Women’s T20 World Cup Semifinal),Cricket,2026-07-02,England v South Africa | Match Highlights Semi Final 2 | Women's T20 World Cup 2026,AQsj5tveK7w,https://www.youtube.com/watch?v=AQsj5tveK7w,ICC,UCt2JXOLNxqry7B_4rRZME3Q,Ugwx05_0c4OLYuMVXj94AaABAg,https://www.youtube.com/watch?v=AQsj5tveK7w&lc=Ugwx05_0c4OLYuMVXj94AaABAg,It could have a reel.,@TruthSeeker10250,, ,
YT000529,India vs Sri Lanka (2026 DP World Women’s Asia Cup Final),Cricket,,Match Highlights | Final | India (W) v Sri Lanka (W) | DP World Women's Asia Cup 2026,a7-BqsjJYCw,https://www.youtube.com/watch?v=a7-BqsjJYCw,Asian Cricket Council,UC7ITT3ooYWDYY_ehIUbt6eg,UgwVpgDuPPJyf_uTsx14AaABAg,https://www.youtube.com/watch?v=a7-BqsjJYCw&lc=UgwVpgDuPPJyf_uTsx14AaABAg,Congratulations India from Sri Lanka 🇱🇰🇮🇳,@VisulqJayathissa,,1K,28
YT000530,India vs Sri Lanka (2026 DP World Women’s Asia Cup Final),Cricket,,Match Highlights | Final | India (W) v Sri Lanka (W) | DP World Women's Asia Cup 2026,a7-BqsjJYCw,https://www.youtube.com/watch?v=a7-BqsjJYCw,Asian Cricket Council,UC7ITT3ooYWDYY_ehIUbt6eg,UgwPLyk8IhJZh9Q4Yu54AaABAg,https://www.youtube.com/watch?v=a7-BqsjJYCw&lc=UgwPLyk8IhJZh9Q4Yu54AaABAg,As a sri lankan we'r not in sad❤ we love our women team. Best of luck . You guys are 2nd place  of asian women teams,@Akashpansilu23,,86,5
YT000531,India vs Sri Lanka (2026 DP World Women’s Asia Cup Final),Cricket,,Match Highlights | Final | India (W) v Sri Lanka (W) | DP World Women's Asia Cup 2026,a7-BqsjJYCw,https://www.youtube.com/watch?v=a7-BqsjJYCw,Asian Cricket Council,UC7ITT3ooYWDYY_ehIUbt6eg,UgzVQWbyZ9P-_Q5Wf_l4AaABAg,https://www.youtube.com/watch?v=a7-BqsjJYCw&lc=UgzVQWbyZ9P-_Q5Wf_l4AaABAg,Congrats India & Sri Lanka for such a great Finals from the Republic of Balochistan🇩🇯❤️,@AronYadev,,966,53
YT000532,India vs Sri Lanka (2026 DP World Women’s Asia Cup Final),Cricket,,Match Highlights | Final | India (W) v Sri Lanka (W) | DP World Women's Asia Cup 2026,a7-BqsjJYCw,https://www.youtube.com/watch?v=a7-BqsjJYCw,Asian Cricket Council,UC7ITT3ooYWDYY_ehIUbt6eg,UgxYHA7b1Jp9xFNy1Zd4AaABAg,https://www.youtube.com/watch?v=a7-BqsjJYCw&lc=UgxYHA7b1Jp9xFNy1Zd4AaABAg,"India jitne ke baad bhi kitni ,shant, hai no ego,no attitude, 🎉🎉 congratulations 🎉 Indian women's team❤ proud of you 🎉",@parksuvin21z,,60,
YT000533,India vs Sri Lanka (2026 DP World Women’s Asia Cup Final),Cricket,,Match Highlights | Final | India (W) v Sri Lanka (W) | DP World Women's Asia Cup 2026,a7-BqsjJYCw,https://www.youtube.com/watch?v=a7-BqsjJYCw,Asian Cricket Council,UC7ITT3ooYWDYY_ehIUbt6eg,UgyIGXFYwt-JlYROx1N4AaABAg,https://www.youtube.com/watch?v=a7-BqsjJYCw&lc=UgyIGXFYwt-JlYROx1N4AaABAg,Today india wins 2 junior hockey asia cup man and women and in cricket win asia cup ❤,@Umaeduca12,,631,6
YT000534,India vs Sri Lanka (2026 DP World Women’s Asia Cup Final),Cricket,,Match Highlights | Final | India (W) v Sri Lanka (W) | DP World Women's Asia Cup 2026,a7-BqsjJYCw,https://www.youtube.com/watch?v=a7-BqsjJYCw,Asian Cricket Council,UC7ITT3ooYWDYY_ehIUbt6eg,UgxLgMv32PQxy93tgZR4AaABAg,https://www.youtube.com/watch?v=a7-BqsjJYCw&lc=UgxLgMv32PQxy93tgZR4AaABAg,Shefali reminds me of Viru Sehwag. I think both om should  maybe get together sometime. Viru should guide her about the mindset while playing bigger teams & bigger bowlers.,@GDS_Khera,,236,13
YT000535,India vs Sri Lanka (2026 DP World Women’s Asia Cup Final),Cricket,,Match Highlights | Final | India (W) v Sri Lanka (W) | DP World Women's Asia Cup 2026,a7-BqsjJYCw,https://www.youtube.com/watch?v=a7-BqsjJYCw,Asian Cricket Council,UC7ITT3ooYWDYY_ehIUbt6eg,UgySgRzoTH67RPLdD4B4AaABAg,https://www.youtube.com/watch?v=a7-BqsjJYCw&lc=UgySgRzoTH67RPLdD4B4AaABAg,But Mohsin Naqvi Stole The Trophy yet once again.  😅😅😅,@Punisher_19,,2.3K,73
YT000536,India vs Sri Lanka (2026 DP World Women’s Asia Cup Final),Cricket,,Match Highlights | Final | India (W) v Sri Lanka (W) | DP World Women's Asia Cup 2026,a7-BqsjJYCw,https://www.youtube.com/watch?v=a7-BqsjJYCw,Asian Cricket Council,UC7ITT3ooYWDYY_ehIUbt6eg,UgwkrqoewHABV94o5Pp4AaABAg,https://www.youtube.com/watch?v=a7-BqsjJYCw&lc=UgwkrqoewHABV94o5Pp4AaABAg,"Congratulations India, well played Sri Lanka. Love from Balochistan! ❤",@ragnar2721,,22,1
YT000537,India vs Sri Lanka (2026 DP World Women’s Asia Cup Final),Cricket,,Match Highlights | Final | India (W) v Sri Lanka (W) | DP World Women's Asia Cup 2026,a7-BqsjJYCw,https://www.youtube.com/watch?v=a7-BqsjJYCw,Asian Cricket Council,UC7ITT3ooYWDYY_ehIUbt6eg,UgxsPzI8jXpWFcXLxmJ4AaABAg,https://www.youtube.com/watch?v=a7-BqsjJYCw&lc=UgxsPzI8jXpWFcXLxmJ4AaABAg,"Trophy reached Karachi airport, Pakistanis think they won asia cup then Afridi victory parade started 😅😅😅",@PiratesofKerala,,1.2K,22
YT000538,India vs Sri Lanka (2026 DP World Women’s Asia Cup Final),Cricket,,Match Highlights | Final | India (W) v Sri Lanka (W) | DP World Women's Asia Cup 2026,a7-BqsjJYCw,https://www.youtube.com/watch?v=a7-BqsjJYCw,Asian Cricket Council,UC7ITT3ooYWDYY_ehIUbt6eg,Ugwb5xDBNzayweFG6il4AaABAg,https://www.youtube.com/watch?v=a7-BqsjJYCw&lc=Ugwb5xDBNzayweFG6il4AaABAg,Congratulations India love from Sri Lanka ❤🎉😊,@devilking8527,,19,2
YT000539,India vs Sri Lanka (2026 DP World Women’s Asia Cup Final),Cricket,,Match Highlights | Final | India (W) v Sri Lanka (W) | DP World Women's Asia Cup 2026,a7-BqsjJYCw,https://www.youtube.com/watch?v=a7-BqsjJYCw,Asian Cricket Council,UC7ITT3ooYWDYY_ehIUbt6eg,UgzBYzSRRJsulfQKOAN4AaABAg,https://www.youtube.com/watch?v=a7-BqsjJYCw&lc=UgzBYzSRRJsulfQKOAN4AaABAg,Shefali varma the dhurandhar of Indian women team ❤ such a brilliant player she is.,@unlimited_Zindgi,,205,1
YT000540,India vs Sri Lanka (2026 DP World Women’s Asia Cup Final),Cricket,,Match Highlights | Final | India (W) v Sri Lanka (W) | DP World Women's Asia Cup 2026,a7-BqsjJYCw,https://www.youtube.com/watch?v=a7-BqsjJYCw,Asian Cricket Council,UC7ITT3ooYWDYY_ehIUbt6eg,Ugy_AxKLjKHpq2mcKVR4AaABAg,https://www.youtube.com/watch?v=a7-BqsjJYCw&lc=Ugy_AxKLjKHpq2mcKVR4AaABAg,Congratulations 🎉👏 india🇮🇳 from sri lanka India and Sri Lanka best friend country ❤❤❤,@MaliduNimsara-s2p,,10,
YT000541,India vs Sri Lanka (2026 DP World Women’s Asia Cup Final),Cricket,,Match Highlights | Final | India (W) v Sri Lanka (W) | DP World Women's Asia Cup 2026,a7-BqsjJYCw,https://www.youtube.com/watch?v=a7-BqsjJYCw,Asian Cricket Council,UC7ITT3ooYWDYY_ehIUbt6eg,UgygiZYwHfisW2v_pjB4AaABAg,https://www.youtube.com/watch?v=a7-BqsjJYCw&lc=UgygiZYwHfisW2v_pjB4AaABAg,Hamari chhoriya chhoro se kam hai k .....proud moment for india🎉🎉🎉,@fatehjeetskater,,337,2
YT000542,India vs Sri Lanka (2026 DP World Women’s Asia Cup Final),Cricket,,Match Highlights | Final | India (W) v Sri Lanka (W) | DP World Women's Asia Cup 2026,a7-BqsjJYCw,https://www.youtube.com/watch?v=a7-BqsjJYCw,Asian Cricket Council,UC7ITT3ooYWDYY_ehIUbt6eg,UgwyE-KptBFRAq7a7Vt4AaABAg,https://www.youtube.com/watch?v=a7-BqsjJYCw&lc=UgwyE-KptBFRAq7a7Vt4AaABAg,"felt like witnessing 90s era and batting of Sachin, Saurav and Jayasuriya in this match. Smriti, Shafali and Attapattu are absolutely brilliant",@BabaAndBaby11,,30,
YT000543,India vs Sri Lanka (2026 DP World Women’s Asia Cup Final),Cricket,,Match Highlights | Final | India (W) v Sri Lanka (W) | DP World Women's Asia Cup 2026,a7-BqsjJYCw,https://www.youtube.com/watch?v=a7-BqsjJYCw,Asian Cricket Council,UC7ITT3ooYWDYY_ehIUbt6eg,Ugy-DOezZ4TO6WzSuZB4AaABAg,https://www.youtube.com/watch?v=a7-BqsjJYCw&lc=Ugy-DOezZ4TO6WzSuZB4AaABAg,Full support India good Decision not to take trophy ❤,@MamataMod-g7p,,287,4
YT000544,India vs Sri Lanka (2026 DP World Women’s Asia Cup Final),Cricket,,Match Highlights | Final | India (W) v Sri Lanka (W) | DP World Women's Asia Cup 2026,a7-BqsjJYCw,https://www.youtube.com/watch?v=a7-BqsjJYCw,Asian Cricket Council,UC7ITT3ooYWDYY_ehIUbt6eg,Ugz4eugVeMFpjlKbEVh4AaABAg,https://www.youtube.com/watch?v=a7-BqsjJYCw&lc=Ugz4eugVeMFpjlKbEVh4AaABAg,Congrats India....🇱🇰❤️🇮🇳😊,@kelumNeranda,,28,1
YT000545,Sri Lanka vs Pakistan (2026 DP World Women’s Asia Cup Semifinal),Cricket,,Match Highlights | Semi Final 2 | Sri Lanka (W) v Pakistan (W) | DP World Women's Asia Cup 2026,B3P7S_xbozM,https://www.youtube.com/watch?v=B3P7S_xbozM,Asian Cricket Council,UC7ITT3ooYWDYY_ehIUbt6eg,Ugw7AzaOUP4fzYLJIwJ4AaABAg,https://www.youtube.com/watch?v=B3P7S_xbozM&lc=Ugw7AzaOUP4fzYLJIwJ4AaABAg,Congratulations 🇱🇰  Srilanka  from India 🇮🇳 👏,@frontier77,,466,
YT000546,Sri Lanka vs Pakistan (2026 DP World Women’s Asia Cup Semifinal),Cricket,,Match Highlights | Semi Final 2 | Sri Lanka (W) v Pakistan (W) | DP World Women's Asia Cup 2026,B3P7S_xbozM,https://www.youtube.com/watch?v=B3P7S_xbozM,Asian Cricket Council,UC7ITT3ooYWDYY_ehIUbt6eg,Ugy2Uy9-dNm2HwK6YOV4AaABAg,https://www.youtube.com/watch?v=B3P7S_xbozM&lc=Ugy2Uy9-dNm2HwK6YOV4AaABAg,Congratulations to my Sri Lankan 🇱🇰 brothers and sisters with love ❤️ from 🇮🇳,@AtmaNirbhar1947,,215,7
YT000547,Sri Lanka vs Pakistan (2026 DP World Women’s Asia Cup Semifinal),Cricket,,Match Highlights | Semi Final 2 | Sri Lanka (W) v Pakistan (W) | DP World Women's Asia Cup 2026,B3P7S_xbozM,https://www.youtube.com/watch?v=B3P7S_xbozM,Asian Cricket Council,UC7ITT3ooYWDYY_ehIUbt6eg,Ugz82TpwTE0nMdHOkLZ4AaABAg,https://www.youtube.com/watch?v=B3P7S_xbozM&lc=Ugz82TpwTE0nMdHOkLZ4AaABAg,Congratulations to Sri Lanka 🇱🇰  from India 🇮🇳,@Dhar-z8l,,1.9K,70
YT000548,Sri Lanka vs Pakistan (2026 DP World Women’s Asia Cup Semifinal),Cricket,,Match Highlights | Semi Final 2 | Sri Lanka (W) v Pakistan (W) | DP World Women's Asia Cup 2026,B3P7S_xbozM,https://www.youtube.com/watch?v=B3P7S_xbozM,Asian Cricket Council,UC7ITT3ooYWDYY_ehIUbt6eg,UgzhS3-Xhc94ybrcF5t4AaABAg,https://www.youtube.com/watch?v=B3P7S_xbozM&lc=UgzhS3-Xhc94ybrcF5t4AaABAg,Sri Lankan wicket-keeper did really good job behind the wickets. She deserves some appreciation too!,@inmypointofview99,,64,
YT000549,Sri Lanka vs Pakistan (2026 DP World Women’s Asia Cup Semifinal),Cricket,,Match Highlights | Semi Final 2 | Sri Lanka (W) v Pakistan (W) | DP World Women's Asia Cup 2026,B3P7S_xbozM,https://www.youtube.com/watch?v=B3P7S_xbozM,Asian Cricket Council,UC7ITT3ooYWDYY_ehIUbt6eg,UgxKV5LlV61zB3ZReVh4AaABAg,https://www.youtube.com/watch?v=B3P7S_xbozM&lc=UgxKV5LlV61zB3ZReVh4AaABAg,"the difference between players who don't believe in their own abilities and are arrogant... and players who play with sincerity and honesty... Heartly congratulations Sri Lankan team, you deserve a win 🎉🎉🎉",@sreejithvaleryil9593,,18,
YT000550,Sri Lanka vs Pakistan (2026 DP World Women’s Asia Cup Semifinal),Cricket,,Match Highlights | Semi Final 2 | Sri Lanka (W) v Pakistan (W) | DP World Women's Asia Cup 2026,B3P7S_xbozM,https://www.youtube.com/watch?v=B3P7S_xbozM,Asian Cricket Council,UC7ITT3ooYWDYY_ehIUbt6eg,UgztmQyBLkIn1nFQh3d4AaABAg,https://www.youtube.com/watch?v=B3P7S_xbozM&lc=UgztmQyBLkIn1nFQh3d4AaABAg,Shahid afridi will start a victory prade today between lahore to islamabad 😂,@mr.vkayji,,792,27
YT000551,Sri Lanka vs Pakistan (2026 DP World Women’s Asia Cup Semifinal),Cricket,,Match Highlights | Semi Final 2 | Sri Lanka (W) v Pakistan (W) | DP World Women's Asia Cup 2026,B3P7S_xbozM,https://www.youtube.com/watch?v=B3P7S_xbozM,Asian Cricket Council,UC7ITT3ooYWDYY_ehIUbt6eg,UgxWdgIg2y60JdGuoJ94AaABAg,https://www.youtube.com/watch?v=B3P7S_xbozM&lc=UgxWdgIg2y60JdGuoJ94AaABAg,"Love to Sri Lanka from the nation of  Balochistan, Quetta. ❤️✨",@ragnar2721,,701,34
YT000552,Sri Lanka vs Pakistan (2026 DP World Women’s Asia Cup Semifinal),Cricket,,Match Highlights | Semi Final 2 | Sri Lanka (W) v Pakistan (W) | DP World Women's Asia Cup 2026,B3P7S_xbozM,https://www.youtube.com/watch?v=B3P7S_xbozM,Asian Cricket Council,UC7ITT3ooYWDYY_ehIUbt6eg,UgyGMrmCpFXth4IGOUp4AaABAg,https://www.youtube.com/watch?v=B3P7S_xbozM&lc=UgyGMrmCpFXth4IGOUp4AaABAg,"Congratulations Srilanka ❤️❤️
Final එකත් ඔය ගැම්මෙන්ම ගහමු අපේ කෙල්ලො සෙට් එක❤ කප් එක එකෙන්ම ගේමු ලංකාවට ❤🇱🇰🇱🇰",@Japanහන්දිය,,24,1
YT000553,Sri Lanka vs Pakistan (2026 DP World Women’s Asia Cup Semifinal),Cricket,,Match Highlights | Semi Final 2 | Sri Lanka (W) v Pakistan (W) | DP World Women's Asia Cup 2026,B3P7S_xbozM,https://www.youtube.com/watch?v=B3P7S_xbozM,Asian Cricket Council,UC7ITT3ooYWDYY_ehIUbt6eg,UgxNjiG8FWLjQSt6ARp4AaABAg,https://www.youtube.com/watch?v=B3P7S_xbozM&lc=UgxNjiG8FWLjQSt6ARp4AaABAg,Congratulations Sri Lanka from the Republic of Balochistan🇩🇯❤️,@AronYadev,,53,4
YT000554,Sri Lanka vs Pakistan (2026 DP World Women’s Asia Cup Semifinal),Cricket,,Match Highlights | Semi Final 2 | Sri Lanka (W) v Pakistan (W) | DP World Women's Asia Cup 2026,B3P7S_xbozM,https://www.youtube.com/watch?v=B3P7S_xbozM,Asian Cricket Council,UC7ITT3ooYWDYY_ehIUbt6eg,UgxP2AA_5OxrlrY8xCV4AaABAg,https://www.youtube.com/watch?v=B3P7S_xbozM&lc=UgxP2AA_5OxrlrY8xCV4AaABAg,Congratulations Sri Lanka 🇱🇰 Love From Hamza Ali 🇮🇳,@shnta6129,,15,
YT000555,Sri Lanka vs Pakistan (2026 DP World Women’s Asia Cup Semifinal),Cricket,,Match Highlights | Semi Final 2 | Sri Lanka (W) v Pakistan (W) | DP World Women's Asia Cup 2026,B3P7S_xbozM,https://www.youtube.com/watch?v=B3P7S_xbozM,Asian Cricket Council,UC7ITT3ooYWDYY_ehIUbt6eg,UgwcJCTqz4W4QIuaIlR4AaABAg,https://www.youtube.com/watch?v=B3P7S_xbozM&lc=UgwcJCTqz4W4QIuaIlR4AaABAg,Congratulations SRI LANKA 🇱🇰 for the final...love from INDIA🇮🇳,@subhadipdatta3613,,54,1
YT000556,Sri Lanka vs Pakistan (2026 DP World Women’s Asia Cup Semifinal),Cricket,,Match Highlights | Semi Final 2 | Sri Lanka (W) v Pakistan (W) | DP World Women's Asia Cup 2026,B3P7S_xbozM,https://www.youtube.com/watch?v=B3P7S_xbozM,Asian Cricket Council,UC7ITT3ooYWDYY_ehIUbt6eg,UgyEfRx2nFm5LB00T7t4AaABAg,https://www.youtube.com/watch?v=B3P7S_xbozM&lc=UgyEfRx2nFm5LB00T7t4AaABAg,Love you srilanka 🇱🇰 from india 🇮🇳❤️🙏🇮🇳,@FentuMoviez,,142,1
YT000557,Sri Lanka vs Pakistan (2026 DP World Women’s Asia Cup Semifinal),Cricket,,Match Highlights | Semi Final 2 | Sri Lanka (W) v Pakistan (W) | DP World Women's Asia Cup 2026,B3P7S_xbozM,https://www.youtube.com/watch?v=B3P7S_xbozM,Asian Cricket Council,UC7ITT3ooYWDYY_ehIUbt6eg,UgxJdzkrh_mZYbLAvmp4AaABAg,https://www.youtube.com/watch?v=B3P7S_xbozM&lc=UgxJdzkrh_mZYbLAvmp4AaABAg,"Sri Lanka is incredible  a small country and talented cricket team, congratulations from India",@WinterWolf-h6q,,249,9
YT000558,Sri Lanka vs Pakistan (2026 DP World Women’s Asia Cup Semifinal),Cricket,,Match Highlights | Semi Final 2 | Sri Lanka (W) v Pakistan (W) | DP World Women's Asia Cup 2026,B3P7S_xbozM,https://www.youtube.com/watch?v=B3P7S_xbozM,Asian Cricket Council,UC7ITT3ooYWDYY_ehIUbt6eg,UgzWW3kqVjDnIpSt5BN4AaABAg,https://www.youtube.com/watch?v=B3P7S_xbozM&lc=UgzWW3kqVjDnIpSt5BN4AaABAg,Love for srilanka from India ❤❤,@VibhavPanditt,,11,
YT000559,Sri Lanka vs Pakistan (2026 DP World Women’s Asia Cup Semifinal),Cricket,,Match Highlights | Semi Final 2 | Sri Lanka (W) v Pakistan (W) | DP World Women's Asia Cup 2026,B3P7S_xbozM,https://www.youtube.com/watch?v=B3P7S_xbozM,Asian Cricket Council,UC7ITT3ooYWDYY_ehIUbt6eg,UgxhzdssmsADGk1iXjh4AaABAg,https://www.youtube.com/watch?v=B3P7S_xbozM&lc=UgxhzdssmsADGk1iXjh4AaABAg,It was basically Fatima Sana Khan vs Sri Lanka...well played Fatima and a deserving victory for the lankans,@kiran11101,,15,
YT000560,Sri Lanka vs Pakistan (2026 DP World Women’s Asia Cup Semifinal),Cricket,,Match Highlights | Semi Final 2 | Sri Lanka (W) v Pakistan (W) | DP World Women's Asia Cup 2026,B3P7S_xbozM,https://www.youtube.com/watch?v=B3P7S_xbozM,Asian Cricket Council,UC7ITT3ooYWDYY_ehIUbt6eg,Ugx4fBNySd6lFF-V4UR4AaABAg,https://www.youtube.com/watch?v=B3P7S_xbozM&lc=Ugx4fBNySd6lFF-V4UR4AaABAg,"Fatima! What a player. Single handedly won the match almost. Cheer up, Queen. Congratulations SL.",@akshayalal1950,,21,1
YT000561,India vs Pakistan (2026 DP World Women’s Asia Cup),Cricket,,India W vs Pakistan W | English | Highlights | DP World Women’s Asia Cup 2026,URiCueaV3hQ,https://www.youtube.com/watch?v=URiCueaV3hQ,Sony LIV,UCOQNJjhXwvAScuELTT_i7cQ,UgwoDTND980rqFIzEFN4AaABAg,https://www.youtube.com/watch?v=URiCueaV3hQ&lc=UgwoDTND980rqFIzEFN4AaABAg,Shahid afridi is going for a victory parade tomorrow in pakistan 😂😂😂😂😂,@SiddharthKamath-io1ph,,1.4K,55
YT000562,India vs Pakistan (2026 DP World Women’s Asia Cup),Cricket,,India W vs Pakistan W | English | Highlights | DP World Women’s Asia Cup 2026,URiCueaV3hQ,https://www.youtube.com/watch?v=URiCueaV3hQ,Sony LIV,UCOQNJjhXwvAScuELTT_i7cQ,UgxKY63QHKRZfb7DcyJ4AaABAg,https://www.youtube.com/watch?v=URiCueaV3hQ&lc=UgxKY63QHKRZfb7DcyJ4AaABAg,"""In the highlights of Pakistani TV shows, India has lost this match by 28 runs 😂😂😂",@RahulKumar-q5v6k,,603,13
YT000563,India vs Pakistan (2026 DP World Women’s Asia Cup),Cricket,,India W vs Pakistan W | English | Highlights | DP World Women’s Asia Cup 2026,URiCueaV3hQ,https://www.youtube.com/watch?v=URiCueaV3hQ,Sony LIV,UCOQNJjhXwvAScuELTT_i7cQ,Ugy9Rd6OSy2Kf8FcRwl4AaABAg,https://www.youtube.com/watch?v=URiCueaV3hQ&lc=Ugy9Rd6OSy2Kf8FcRwl4AaABAg,reason for pakistan's loss : Match was telecasted live,@ishan.18,,250,2
YT000564,India vs Pakistan (2026 DP World Women’s Asia Cup),Cricket,,India W vs Pakistan W | English | Highlights | DP World Women’s Asia Cup 2026,URiCueaV3hQ,https://www.youtube.com/watch?v=URiCueaV3hQ,Sony LIV,UCOQNJjhXwvAScuELTT_i7cQ,UgyJQU_rimCurh_t1oR4AaABAg,https://www.youtube.com/watch?v=URiCueaV3hQ&lc=UgyJQU_rimCurh_t1oR4AaABAg,"India should address fielding issues, if we need to win tournaments.",@avidfanofcricket5029,,303,12
YT000565,India vs Pakistan (2026 DP World Women’s Asia Cup),Cricket,,India W vs Pakistan W | English | Highlights | DP World Women’s Asia Cup 2026,URiCueaV3hQ,https://www.youtube.com/watch?v=URiCueaV3hQ,Sony LIV,UCOQNJjhXwvAScuELTT_i7cQ,UgwFh_VjA2nnlhXng1V4AaABAg,https://www.youtube.com/watch?v=URiCueaV3hQ&lc=UgwFh_VjA2nnlhXng1V4AaABAg,How did they even create 17 minutes of highlights 😂,@l_o_k_e_s_h__111,,895,41
YT000566,India vs Pakistan (2026 DP World Women’s Asia Cup),Cricket,,India W vs Pakistan W | English | Highlights | DP World Women’s Asia Cup 2026,URiCueaV3hQ,https://www.youtube.com/watch?v=URiCueaV3hQ,Sony LIV,UCOQNJjhXwvAScuELTT_i7cQ,Ugyz6X_1mgI6qllNd5V4AaABAg,https://www.youtube.com/watch?v=URiCueaV3hQ&lc=Ugyz6X_1mgI6qllNd5V4AaABAg,Mohsin naqvi : Abh women's asia cup bhi chori karna padega🤡🤡,@ishan.18,,320,10
YT000567,India vs Pakistan (2026 DP World Women’s Asia Cup),Cricket,,India W vs Pakistan W | English | Highlights | DP World Women’s Asia Cup 2026,URiCueaV3hQ,https://www.youtube.com/watch?v=URiCueaV3hQ,Sony LIV,UCOQNJjhXwvAScuELTT_i7cQ,UgzEG098YEVaKxjP3ip4AaABAg,https://www.youtube.com/watch?v=URiCueaV3hQ&lc=UgzEG098YEVaKxjP3ip4AaABAg,"From India 1st ball six
finish with six .",@pravinmakwana2911,,83,
YT000568,India vs Pakistan (2026 DP World Women’s Asia Cup),Cricket,,India W vs Pakistan W | English | Highlights | DP World Women’s Asia Cup 2026,URiCueaV3hQ,https://www.youtube.com/watch?v=URiCueaV3hQ,Sony LIV,UCOQNJjhXwvAScuELTT_i7cQ,Ugxa_tVxeFlpjmwGR_F4AaABAg,https://www.youtube.com/watch?v=URiCueaV3hQ&lc=Ugxa_tVxeFlpjmwGR_F4AaABAg,Shefali is like Sehwag in disguise…. Unsettling the bowlers…Way to go girls 💪,@monjitbaruah,,78,3
YT000569,India vs Pakistan (2026 DP World Women’s Asia Cup),Cricket,,India W vs Pakistan W | English | Highlights | DP World Women’s Asia Cup 2026,URiCueaV3hQ,https://www.youtube.com/watch?v=URiCueaV3hQ,Sony LIV,UCOQNJjhXwvAScuELTT_i7cQ,UgzBH9Ws_fTvn7imFAN4AaABAg,https://www.youtube.com/watch?v=URiCueaV3hQ&lc=UgzBH9Ws_fTvn7imFAN4AaABAg,93000 for reason 😂😂,@Visibleboy111,,188,9
YT000570,India vs Pakistan (2026 DP World Women’s Asia Cup),Cricket,,India W vs Pakistan W | English | Highlights | DP World Women’s Asia Cup 2026,URiCueaV3hQ,https://www.youtube.com/watch?v=URiCueaV3hQ,Sony LIV,UCOQNJjhXwvAScuELTT_i7cQ,UgyAcXfFojvh7HyGxBB4AaABAg,https://www.youtube.com/watch?v=URiCueaV3hQ&lc=UgyAcXfFojvh7HyGxBB4AaABAg,How many watching morning attendance😅❤,@Shree_904,,76,7
YT000571,India vs Pakistan (2026 DP World Women’s Asia Cup),Cricket,,India W vs Pakistan W | English | Highlights | DP World Women’s Asia Cup 2026,URiCueaV3hQ,https://www.youtube.com/watch?v=URiCueaV3hQ,Sony LIV,UCOQNJjhXwvAScuELTT_i7cQ,Ugy_RsjpjVIbkFpNcq54AaABAg,https://www.youtube.com/watch?v=URiCueaV3hQ&lc=Ugy_RsjpjVIbkFpNcq54AaABAg,Pain Directly goes to Karachi nagma beauty parlour and Dhaka fish market😅,@Shree_904,,172,10
YT000572,India vs Pakistan (2026 DP World Women’s Asia Cup),Cricket,,India W vs Pakistan W | English | Highlights | DP World Women’s Asia Cup 2026,URiCueaV3hQ,https://www.youtube.com/watch?v=URiCueaV3hQ,Sony LIV,UCOQNJjhXwvAScuELTT_i7cQ,UgxMG4-CAckk5frYFeZ4AaABAg,https://www.youtube.com/watch?v=URiCueaV3hQ&lc=UgxMG4-CAckk5frYFeZ4AaABAg,"First 27 runs 0 wickets
Next 27 runs 10 wickets 😂",@Rahulshivram5,,83,5
YT000573,India vs Pakistan (2026 DP World Women’s Asia Cup),Cricket,,India W vs Pakistan W | English | Highlights | DP World Women’s Asia Cup 2026,URiCueaV3hQ,https://www.youtube.com/watch?v=URiCueaV3hQ,Sony LIV,UCOQNJjhXwvAScuELTT_i7cQ,UgySsAoesdg2PknFpQV4AaABAg,https://www.youtube.com/watch?v=URiCueaV3hQ&lc=UgySsAoesdg2PknFpQV4AaABAg,Bass Learn hi Learn hai 😂,@am_waghmare6005,,482,7
YT000574,India vs Pakistan (2026 DP World Women’s Asia Cup),Cricket,,India W vs Pakistan W | English | Highlights | DP World Women’s Asia Cup 2026,URiCueaV3hQ,https://www.youtube.com/watch?v=URiCueaV3hQ,Sony LIV,UCOQNJjhXwvAScuELTT_i7cQ,Ugwxlm7BOItoF2V41654AaABAg,https://www.youtube.com/watch?v=URiCueaV3hQ&lc=Ugwxlm7BOItoF2V41654AaABAg,Mohsin Naqvi be like: Ab Women wali Trophy 🏆 bhi churan padega 😂😂,@riteshkaushal5773,,50,1
YT000575,India vs Pakistan (2026 DP World Women’s Asia Cup),Cricket,,India W vs Pakistan W | English | Highlights | DP World Women’s Asia Cup 2026,URiCueaV3hQ,https://www.youtube.com/watch?v=URiCueaV3hQ,Sony LIV,UCOQNJjhXwvAScuELTT_i7cQ,UgwHYCNpxjif6ru6zy14AaABAg,https://www.youtube.com/watch?v=URiCueaV3hQ&lc=UgwHYCNpxjif6ru6zy14AaABAg,"Whether it SPORTS OR  OPERATION SINDOOR , INDIA IS VICTORIOUS AND HAS SHOWED THE PLACE TO pakistan ❤❤. Jai Hind 😊",@geographyby21,,40,
YT000576,India vs Pakistan (2026 DP World Women’s Asia Cup),Cricket,,India W vs Pakistan W | English | Highlights | DP World Women’s Asia Cup 2026,URiCueaV3hQ,https://www.youtube.com/watch?v=URiCueaV3hQ,Sony LIV,UCOQNJjhXwvAScuELTT_i7cQ,UgxemEs7f8xVi-j5RNV4AaABAg,https://www.youtube.com/watch?v=URiCueaV3hQ&lc=UgxemEs7f8xVi-j5RNV4AaABAg,"Thank god it was telecasted live, otherwise they would have claimed victory here also 😂",@soaabel8888,,301,30
YT000577,India vs Bangladesh (2026 DP World Women’s Asia Cup Semifinal),Cricket,,Match Highlights | Semi Final 1 | India (W) v Bangladesh (W) | DP World Women's Asia Cup 2026,GGDU-47Ols8,https://www.youtube.com/watch?v=GGDU-47Ols8,Asian Cricket Council,UC7ITT3ooYWDYY_ehIUbt6eg,Ugz1Wrv-sFdO8cIsCCJ4AaABAg,https://www.youtube.com/watch?v=GGDU-47Ols8&lc=Ugz1Wrv-sFdO8cIsCCJ4AaABAg,As a bangladeshi hindu our biggest mistake was born in Bangladesh as a bangladeshi hindu 😢😢 please save all bangladeshi minority people 😢😢🇧🇩🇧🇩,@hijibiji1947,,3.2K,343
YT000578,India vs Bangladesh (2026 DP World Women’s Asia Cup Semifinal),Cricket,,Match Highlights | Semi Final 1 | India (W) v Bangladesh (W) | DP World Women's Asia Cup 2026,GGDU-47Ols8,https://www.youtube.com/watch?v=GGDU-47Ols8,Asian Cricket Council,UC7ITT3ooYWDYY_ehIUbt6eg,UgxyESjdvGcKjtQbMpN4AaABAg,https://www.youtube.com/watch?v=GGDU-47Ols8&lc=UgxyESjdvGcKjtQbMpN4AaABAg,"Baap to baap hobe ❤😊
Always Respect your father twin daughter",@GLSUTHAR-w6m,,82,
YT000579,India vs Bangladesh (2026 DP World Women’s Asia Cup Semifinal),Cricket,,Match Highlights | Semi Final 1 | India (W) v Bangladesh (W) | DP World Women's Asia Cup 2026,GGDU-47Ols8,https://www.youtube.com/watch?v=GGDU-47Ols8,Asian Cricket Council,UC7ITT3ooYWDYY_ehIUbt6eg,UgyicQh2lxmfJV2eoXF4AaABAg,https://www.youtube.com/watch?v=GGDU-47Ols8&lc=UgyicQh2lxmfJV2eoXF4AaABAg,Shefali Saved The Day .. She Needs To Consolidate Her Game .. One Of My Fav Player .. 👍,@pr47ik,,235,7
YT000580,India vs Bangladesh (2026 DP World Women’s Asia Cup Semifinal),Cricket,,Match Highlights | Semi Final 1 | India (W) v Bangladesh (W) | DP World Women's Asia Cup 2026,GGDU-47Ols8,https://www.youtube.com/watch?v=GGDU-47Ols8,Asian Cricket Council,UC7ITT3ooYWDYY_ehIUbt6eg,UgyVZj-nTW0bpLpRcyh4AaABAg,https://www.youtube.com/watch?v=GGDU-47Ols8&lc=UgyVZj-nTW0bpLpRcyh4AaABAg,Go go india much love from sri lanka ❤️,@devilking8527,,26,
YT000581,India vs Bangladesh (2026 DP World Women’s Asia Cup Semifinal),Cricket,,Match Highlights | Semi Final 1 | India (W) v Bangladesh (W) | DP World Women's Asia Cup 2026,GGDU-47Ols8,https://www.youtube.com/watch?v=GGDU-47Ols8,Asian Cricket Council,UC7ITT3ooYWDYY_ehIUbt6eg,UgxRO1RMzd-8COVKMGV4AaABAg,https://www.youtube.com/watch?v=GGDU-47Ols8&lc=UgxRO1RMzd-8COVKMGV4AaABAg,"Amazed by so much hate for Bangladesh.
Please continue it.😂",@GeoNomad01,,44,2
YT000582,India vs Bangladesh (2026 DP World Women’s Asia Cup Semifinal),Cricket,,Match Highlights | Semi Final 1 | India (W) v Bangladesh (W) | DP World Women's Asia Cup 2026,GGDU-47Ols8,https://www.youtube.com/watch?v=GGDU-47Ols8,Asian Cricket Council,UC7ITT3ooYWDYY_ehIUbt6eg,UgzKbYctFiBtkDcjF8h4AaABAg,https://www.youtube.com/watch?v=GGDU-47Ols8&lc=UgzKbYctFiBtkDcjF8h4AaABAg,Nandini you steal the celebration🤟🤟👏😂😂😂😂,@shravangoud2744,,243,2
YT000583,India vs Bangladesh (2026 DP World Women’s Asia Cup Semifinal),Cricket,,Match Highlights | Semi Final 1 | India (W) v Bangladesh (W) | DP World Women's Asia Cup 2026,GGDU-47Ols8,https://www.youtube.com/watch?v=GGDU-47Ols8,Asian Cricket Council,UC7ITT3ooYWDYY_ehIUbt6eg,UgxHfy6vNXwYUIYDM_h4AaABAg,https://www.youtube.com/watch?v=GGDU-47Ols8&lc=UgxHfy6vNXwYUIYDM_h4AaABAg,"Congratulations team india..
Love from Nepal ♥️",@TarikAnsari-c8d,,69,1
YT000584,India vs Bangladesh (2026 DP World Women’s Asia Cup Semifinal),Cricket,,Match Highlights | Semi Final 1 | India (W) v Bangladesh (W) | DP World Women's Asia Cup 2026,GGDU-47Ols8,https://www.youtube.com/watch?v=GGDU-47Ols8,Asian Cricket Council,UC7ITT3ooYWDYY_ehIUbt6eg,UgwnomleaicralHToch4AaABAg,https://www.youtube.com/watch?v=GGDU-47Ols8&lc=UgwnomleaicralHToch4AaABAg,5:35 55 all out 😂😂,@nagesh5452,,31,1
YT000585,India vs Bangladesh (2026 DP World Women’s Asia Cup Semifinal),Cricket,,Match Highlights | Semi Final 1 | India (W) v Bangladesh (W) | DP World Women's Asia Cup 2026,GGDU-47Ols8,https://www.youtube.com/watch?v=GGDU-47Ols8,Asian Cricket Council,UC7ITT3ooYWDYY_ehIUbt6eg,UgzMDLuqzwl4oovrt_B4AaABAg,https://www.youtube.com/watch?v=GGDU-47Ols8&lc=UgzMDLuqzwl4oovrt_B4AaABAg,"India's competitors are majorly Australia,England and South Africa.They are too good and way ahead of all the Asian teams in cricket",@dent-z2s,,39,8
YT000586,India vs Bangladesh (2026 DP World Women’s Asia Cup Semifinal),Cricket,,Match Highlights | Semi Final 1 | India (W) v Bangladesh (W) | DP World Women's Asia Cup 2026,GGDU-47Ols8,https://www.youtube.com/watch?v=GGDU-47Ols8,Asian Cricket Council,UC7ITT3ooYWDYY_ehIUbt6eg,Ugzlu_WnLLxAWmIenh94AaABAg,https://www.youtube.com/watch?v=GGDU-47Ols8&lc=Ugzlu_WnLLxAWmIenh94AaABAg,10:53 what short by harmanpreet Kaur 🎉🎉🎉😊❤,@Hra-krsna,,17,
YT000587,India vs Bangladesh (2026 DP World Women’s Asia Cup Semifinal),Cricket,,Match Highlights | Semi Final 1 | India (W) v Bangladesh (W) | DP World Women's Asia Cup 2026,GGDU-47Ols8,https://www.youtube.com/watch?v=GGDU-47Ols8,Asian Cricket Council,UC7ITT3ooYWDYY_ehIUbt6eg,UgzsfN66znlp4GZlhCt4AaABAg,https://www.youtube.com/watch?v=GGDU-47Ols8&lc=UgzsfN66znlp4GZlhCt4AaABAg,Pain directly goes to chitagong fish market and Karachi fatima manzil 😂,@HirvaDhruvi,,1.2K,25
YT000588,India vs Bangladesh (2026 DP World Women’s Asia Cup Semifinal),Cricket,,Match Highlights | Semi Final 1 | India (W) v Bangladesh (W) | DP World Women's Asia Cup 2026,GGDU-47Ols8,https://www.youtube.com/watch?v=GGDU-47Ols8,Asian Cricket Council,UC7ITT3ooYWDYY_ehIUbt6eg,UgxW99-0faCO3AkYBHJ4AaABAg,https://www.youtube.com/watch?v=GGDU-47Ols8&lc=UgxW99-0faCO3AkYBHJ4AaABAg,Bangladesh is Monitoring the situation very closely,@Spectator-2809,,415,11
YT000589,India vs Bangladesh (2026 DP World Women’s Asia Cup Semifinal),Cricket,,Match Highlights | Semi Final 1 | India (W) v Bangladesh (W) | DP World Women's Asia Cup 2026,GGDU-47Ols8,https://www.youtube.com/watch?v=GGDU-47Ols8,Asian Cricket Council,UC7ITT3ooYWDYY_ehIUbt6eg,Ugx0UbNPIl1S8wnHDu94AaABAg,https://www.youtube.com/watch?v=GGDU-47Ols8&lc=Ugx0UbNPIl1S8wnHDu94AaABAg,"After football it’s cricket. India’s dominance on Bangus continues. Dhaka fish market is wet today. Not from the water from the fish, but from the crying of bangu fish vendors 😂😂",@RobotN527,,120,1
YT000590,India vs Bangladesh (2026 DP World Women’s Asia Cup Semifinal),Cricket,,Match Highlights | Semi Final 1 | India (W) v Bangladesh (W) | DP World Women's Asia Cup 2026,GGDU-47Ols8,https://www.youtube.com/watch?v=GGDU-47Ols8,Asian Cricket Council,UC7ITT3ooYWDYY_ehIUbt6eg,UgxQ21a0iLJJUkyhEcV4AaABAg,https://www.youtube.com/watch?v=GGDU-47Ols8&lc=UgxQ21a0iLJJUkyhEcV4AaABAg,Thats celebration by Nandani.... muahhh class act. Send em home girls. Jai Hind,@KarmaComes4U2,,30,
YT000591,India vs Bangladesh (2026 DP World Women’s Asia Cup Semifinal),Cricket,,Match Highlights | Semi Final 1 | India (W) v Bangladesh (W) | DP World Women's Asia Cup 2026,GGDU-47Ols8,https://www.youtube.com/watch?v=GGDU-47Ols8,Asian Cricket Council,UC7ITT3ooYWDYY_ehIUbt6eg,Ugw_k9qA6qnW1wDAe_d4AaABAg,https://www.youtube.com/watch?v=GGDU-47Ols8&lc=Ugw_k9qA6qnW1wDAe_d4AaABAg,Anyone notice pak fan support bngw kangalin in cricket stadium 🏟️😂😂😂😂😂😂,@ParikshitKumar-o8i,,624,29
YT000592,India vs Bangladesh (2026 DP World Women’s Asia Cup Semifinal),Cricket,,Match Highlights | Semi Final 1 | India (W) v Bangladesh (W) | DP World Women's Asia Cup 2026,GGDU-47Ols8,https://www.youtube.com/watch?v=GGDU-47Ols8,Asian Cricket Council,UC7ITT3ooYWDYY_ehIUbt6eg,UgxQCZ5ezpW7UzIul9V4AaABAg,https://www.youtube.com/watch?v=GGDU-47Ols8&lc=UgxQCZ5ezpW7UzIul9V4AaABAg,Nadani shrma ka celebrations mast tha guru 😂😂,@vibha.45,,467,8
YT000593,India vs Pakistan (2026 DP World Women’s Asia Cup),Cricket,,Match Highlights | Match 9 | India (W) v Pakistan (W) | DP World Women's Asia Cup 2026,VDFTDPz4KZ8,https://www.youtube.com/watch?v=VDFTDPz4KZ8,Asian Cricket Council,UC7ITT3ooYWDYY_ehIUbt6eg,UgxQ6wGh1nUQdhcph-R4AaABAg,https://www.youtube.com/watch?v=VDFTDPz4KZ8&lc=UgxQ6wGh1nUQdhcph-R4AaABAg,Congratulations India from Republic of Balochistan🇩🇯,@AronYadev,,7.8K,463
YT000594,India vs Pakistan (2026 DP World Women’s Asia Cup),Cricket,,Match Highlights | Match 9 | India (W) v Pakistan (W) | DP World Women's Asia Cup 2026,VDFTDPz4KZ8,https://www.youtube.com/watch?v=VDFTDPz4KZ8,Asian Cricket Council,UC7ITT3ooYWDYY_ehIUbt6eg,UgyTcm1B8R0F71YPdw14AaABAg,https://www.youtube.com/watch?v=VDFTDPz4KZ8&lc=UgyTcm1B8R0F71YPdw14AaABAg,Congratulations India from sri Lanka 🇱🇰🤝💙🇮🇳,@Ashennavod,,288,1
YT000595,India vs Pakistan (2026 DP World Women’s Asia Cup),Cricket,,Match Highlights | Match 9 | India (W) v Pakistan (W) | DP World Women's Asia Cup 2026,VDFTDPz4KZ8,https://www.youtube.com/watch?v=VDFTDPz4KZ8,Asian Cricket Council,UC7ITT3ooYWDYY_ehIUbt6eg,UgwWX7Ke6EExBT-U-KJ4AaABAg,https://www.youtube.com/watch?v=VDFTDPz4KZ8&lc=UgwWX7Ke6EExBT-U-KJ4AaABAg,Congratulations team India for republic of Balochistan ❤❤ Balochistan love india ❤️🇮🇳,@sajidkhan-yi2yr,,251,12
YT000596,India vs Pakistan (2026 DP World Women’s Asia Cup),Cricket,,Match Highlights | Match 9 | India (W) v Pakistan (W) | DP World Women's Asia Cup 2026,VDFTDPz4KZ8,https://www.youtube.com/watch?v=VDFTDPz4KZ8,Asian Cricket Council,UC7ITT3ooYWDYY_ehIUbt6eg,Ugx4OYkLioLF6FcspG94AaABAg,https://www.youtube.com/watch?v=VDFTDPz4KZ8&lc=Ugx4OYkLioLF6FcspG94AaABAg,Congratulations india from sri lanka 🇱🇰❤️,@VisulaJayathissa-p3j,,191,5
YT000597,India vs Pakistan (2026 DP World Women’s Asia Cup),Cricket,,Match Highlights | Match 9 | India (W) v Pakistan (W) | DP World Women's Asia Cup 2026,VDFTDPz4KZ8,https://www.youtube.com/watch?v=VDFTDPz4KZ8,Asian Cricket Council,UC7ITT3ooYWDYY_ehIUbt6eg,Ugyvw7qPaurLBCkwBm14AaABAg,https://www.youtube.com/watch?v=VDFTDPz4KZ8&lc=Ugyvw7qPaurLBCkwBm14AaABAg,Congratulations India from Republic of Balochistan 🇩🇯,@varunchoudhary8149,,1.6K,37
YT000598,India vs Pakistan (2026 DP World Women’s Asia Cup),Cricket,,Match Highlights | Match 9 | India (W) v Pakistan (W) | DP World Women's Asia Cup 2026,VDFTDPz4KZ8,https://www.youtube.com/watch?v=VDFTDPz4KZ8,Asian Cricket Council,UC7ITT3ooYWDYY_ehIUbt6eg,Ugza-3o0YTdeos4poqV4AaABAg,https://www.youtube.com/watch?v=VDFTDPz4KZ8&lc=Ugza-3o0YTdeos4poqV4AaABAg,Indian women starts off with a six.....finishes with a six.....Kudos ladies,@AltafShiekh-yj5dw,,338,8
YT000599,India vs Pakistan (2026 DP World Women’s Asia Cup),Cricket,,Match Highlights | Match 9 | India (W) v Pakistan (W) | DP World Women's Asia Cup 2026,VDFTDPz4KZ8,https://www.youtube.com/watch?v=VDFTDPz4KZ8,Asian Cricket Council,UC7ITT3ooYWDYY_ehIUbt6eg,UgzqoAFmXuGWMdVEWt14AaABAg,https://www.youtube.com/watch?v=VDFTDPz4KZ8&lc=UgzqoAFmXuGWMdVEWt14AaABAg,A day without humiliation is a day wasted for Pakistan,@ssks2288,,428,13
YT000600,India vs Pakistan (2026 DP World Women’s Asia Cup),Cricket,,Match Highlights | Match 9 | India (W) v Pakistan (W) | DP World Women's Asia Cup 2026,VDFTDPz4KZ8,https://www.youtube.com/watch?v=VDFTDPz4KZ8,Asian Cricket Council,UC7ITT3ooYWDYY_ehIUbt6eg,UgzCWY6E4BhWGfjfU_N4AaABAg,https://www.youtube.com/watch?v=VDFTDPz4KZ8&lc=UgzCWY6E4BhWGfjfU_N4AaABAg,Love to See Balochistan National cricket team playing international cricket matches in future soon.❤,@vishwajeetchaudhary3738,,42,2
YT000601,India vs Pakistan (2026 DP World Women’s Asia Cup),Cricket,,Match Highlights | Match 9 | India (W) v Pakistan (W) | DP World Women's Asia Cup 2026,VDFTDPz4KZ8,https://www.youtube.com/watch?v=VDFTDPz4KZ8,Asian Cricket Council,UC7ITT3ooYWDYY_ehIUbt6eg,UgwyS0Qovfk8Iq_Wxol4AaABAg,https://www.youtube.com/watch?v=VDFTDPz4KZ8&lc=UgwyS0Qovfk8Iq_Wxol4AaABAg,"Thank God the match was live, otherwise Pakistanis would claim they won it—just like they ""won"" all four wars on social media.😂",@HamzaAli099,,593,10
YT000602,India vs Pakistan (2026 DP World Women’s Asia Cup),Cricket,,Match Highlights | Match 9 | India (W) v Pakistan (W) | DP World Women's Asia Cup 2026,VDFTDPz4KZ8,https://www.youtube.com/watch?v=VDFTDPz4KZ8,Asian Cricket Council,UC7ITT3ooYWDYY_ehIUbt6eg,UgwUCqETQe5eSHmqzGx4AaABAg,https://www.youtube.com/watch?v=VDFTDPz4KZ8&lc=UgwUCqETQe5eSHmqzGx4AaABAg,But we are lumber 1 team paijaan 🗣️😂,@Mrshivshere,,1.3K,40
YT000603,India vs Pakistan (2026 DP World Women’s Asia Cup),Cricket,,Match Highlights | Match 9 | India (W) v Pakistan (W) | DP World Women's Asia Cup 2026,VDFTDPz4KZ8,https://www.youtube.com/watch?v=VDFTDPz4KZ8,Asian Cricket Council,UC7ITT3ooYWDYY_ehIUbt6eg,UgzNOc6kuaxk_95vndZ4AaABAg,https://www.youtube.com/watch?v=VDFTDPz4KZ8&lc=UgzNOc6kuaxk_95vndZ4AaABAg,I am Para SF commando in Indian army force and here i am coming from my duty and watching this match 😂😂😂Dil Khush ho gaya BC.Jai Hind,@MK13-p8h,,959,62
YT000604,India vs Pakistan (2026 DP World Women’s Asia Cup),Cricket,,Match Highlights | Match 9 | India (W) v Pakistan (W) | DP World Women's Asia Cup 2026,VDFTDPz4KZ8,https://www.youtube.com/watch?v=VDFTDPz4KZ8,Asian Cricket Council,UC7ITT3ooYWDYY_ehIUbt6eg,UgwCZUCo_Br-A56Q9hJ4AaABAg,https://www.youtube.com/watch?v=VDFTDPz4KZ8&lc=UgwCZUCo_Br-A56Q9hJ4AaABAg,"Har Har Mahadev ❤
Jai Shree Ram ❤
From bangladesh",@LTAS276L,,65,1
YT000605,India vs Pakistan (2026 DP World Women’s Asia Cup),Cricket,,Match Highlights | Match 9 | India (W) v Pakistan (W) | DP World Women's Asia Cup 2026,VDFTDPz4KZ8,https://www.youtube.com/watch?v=VDFTDPz4KZ8,Asian Cricket Council,UC7ITT3ooYWDYY_ehIUbt6eg,UgwB5h6cOKH4yVaQIWp4AaABAg,https://www.youtube.com/watch?v=VDFTDPz4KZ8&lc=UgwB5h6cOKH4yVaQIWp4AaABAg,This is probably the fastest highlight of a cricket match! Thanks to Pak W😂😂,@aman_ksh5249,,1.3K,17
YT000606,India vs Pakistan (2026 DP World Women’s Asia Cup),Cricket,,Match Highlights | Match 9 | India (W) v Pakistan (W) | DP World Women's Asia Cup 2026,VDFTDPz4KZ8,https://www.youtube.com/watch?v=VDFTDPz4KZ8,Asian Cricket Council,UC7ITT3ooYWDYY_ehIUbt6eg,UgzJ2bForH4_o0jqdjd4AaABAg,https://www.youtube.com/watch?v=VDFTDPz4KZ8&lc=UgzJ2bForH4_o0jqdjd4AaABAg,Match played: 10 minutes; Highlights: 20 minutes. 😅😅,@biswajitmahto8309,,2.7K,44
YT000607,India vs Pakistan (2026 DP World Women’s Asia Cup),Cricket,,Match Highlights | Match 9 | India (W) v Pakistan (W) | DP World Women's Asia Cup 2026,VDFTDPz4KZ8,https://www.youtube.com/watch?v=VDFTDPz4KZ8,Asian Cricket Council,UC7ITT3ooYWDYY_ehIUbt6eg,Ugx6CqVwdHfT4MM7Zrh4AaABAg,https://www.youtube.com/watch?v=VDFTDPz4KZ8&lc=Ugx6CqVwdHfT4MM7Zrh4AaABAg,"I can’t find a single Pakistani here saying MashAllah, “InshaAllah, or “SubhanAllah.”😂😂😂",@rex_cute,,235,11
YT000608,India vs Pakistan (2026 DP World Women’s Asia Cup),Cricket,,Match Highlights | Match 9 | India (W) v Pakistan (W) | DP World Women's Asia Cup 2026,VDFTDPz4KZ8,https://www.youtube.com/watch?v=VDFTDPz4KZ8,Asian Cricket Council,UC7ITT3ooYWDYY_ehIUbt6eg,UgyiI6yFkXI4B5EkOFd4AaABAg,https://www.youtube.com/watch?v=VDFTDPz4KZ8&lc=UgyiI6yFkXI4B5EkOFd4AaABAg,Started and ended with a Six..... Such grace and mindfulness display from team India ❤❤❤,@Intentional-Living-At-34,,14,
YT000609,England Women vs India Women (2026 IT20),Cricket,,Dramatic IT20 Ending! | Last Ball THRILLER | England Women v India,Kn53bYNW3bo,https://www.youtube.com/watch?v=Kn53bYNW3bo,England & Wales Cricket Board,UCz1D0n02BR3t51KuBOPmfTQ,UgzfAT_nqV4HddFgqEZ4AaABAg,https://www.youtube.com/watch?v=Kn53bYNW3bo&lc=UgzfAT_nqV4HddFgqEZ4AaABAg,What a catch under tremendous pressure,@pe4ce247,,341,2
YT000610,England Women vs India Women (2026 IT20),Cricket,,Dramatic IT20 Ending! | Last Ball THRILLER | England Women v India,Kn53bYNW3bo,https://www.youtube.com/watch?v=Kn53bYNW3bo,England & Wales Cricket Board,UCz1D0n02BR3t51KuBOPmfTQ,UgziZsBwDs77RNafU1B4AaABAg,https://www.youtube.com/watch?v=Kn53bYNW3bo&lc=UgziZsBwDs77RNafU1B4AaABAg,"The thr throw sums up her confidence of hitting the stumps, such kind of throw are thrown in gully cricket.",@souravkeshari2071,,139,2
YT000611,England Women vs India Women (2026 IT20),Cricket,,Dramatic IT20 Ending! | Last Ball THRILLER | England Women v India,Kn53bYNW3bo,https://www.youtube.com/watch?v=Kn53bYNW3bo,England & Wales Cricket Board,UCz1D0n02BR3t51KuBOPmfTQ,UgzO4TTGnzA3pM2xvuB4AaABAg,https://www.youtube.com/watch?v=Kn53bYNW3bo&lc=UgzO4TTGnzA3pM2xvuB4AaABAg,One greatest fielding effort with 4 wrost fielding efforts.. baller done her job fielders were the reason behind the lost,@thejknath6017,,167,1
YT000612,England Women vs India Women (2026 IT20),Cricket,,Dramatic IT20 Ending! | Last Ball THRILLER | England Women v India,Kn53bYNW3bo,https://www.youtube.com/watch?v=Kn53bYNW3bo,England & Wales Cricket Board,UCz1D0n02BR3t51KuBOPmfTQ,Ugx8VmLnAV2p_dr4eU54AaABAg,https://www.youtube.com/watch?v=Kn53bYNW3bo&lc=Ugx8VmLnAV2p_dr4eU54AaABAg,"They should have had a fielder close to the batsmen!
Brilliant catch by Radha Yadav.",@VNavale,,93,
YT000613,England Women vs India Women (2026 IT20),Cricket,,Dramatic IT20 Ending! | Last Ball THRILLER | England Women v India,Kn53bYNW3bo,https://www.youtube.com/watch?v=Kn53bYNW3bo,England & Wales Cricket Board,UCz1D0n02BR3t51KuBOPmfTQ,Ugzpvvd6fFYsbBvne694AaABAg,https://www.youtube.com/watch?v=Kn53bYNW3bo&lc=Ugzpvvd6fFYsbBvne694AaABAg,What a catch by Radha 😮😮,@dragodragonn,,113,
YT000614,England Women vs India Women (2026 IT20),Cricket,,Dramatic IT20 Ending! | Last Ball THRILLER | England Women v India,Kn53bYNW3bo,https://www.youtube.com/watch?v=Kn53bYNW3bo,England & Wales Cricket Board,UCz1D0n02BR3t51KuBOPmfTQ,UgzlF65VuJVb0QhAmzJ4AaABAg,https://www.youtube.com/watch?v=Kn53bYNW3bo&lc=UgzlF65VuJVb0QhAmzJ4AaABAg,What an athlete Radha. One of the best in women cricket,@jayaraamhp4676,,7,
YT000615,England Women vs India Women (2026 IT20),Cricket,,Dramatic IT20 Ending! | Last Ball THRILLER | England Women v India,Kn53bYNW3bo,https://www.youtube.com/watch?v=Kn53bYNW3bo,England & Wales Cricket Board,UCz1D0n02BR3t51KuBOPmfTQ,UgwKJDleGmULXAYJ8iB4AaABAg,https://www.youtube.com/watch?v=Kn53bYNW3bo&lc=UgwKJDleGmULXAYJ8iB4AaABAg,"6:40 What the commentator said was absolutely correct 💯...just basic things, should blame the bowler for that ✅✅✅...When you bowl a delivery, you have to be  near the stumps ,running towards them",@raviteja5992,,144,2
YT000616,England Women vs India Women (2026 IT20),Cricket,,Dramatic IT20 Ending! | Last Ball THRILLER | England Women v India,Kn53bYNW3bo,https://www.youtube.com/watch?v=Kn53bYNW3bo,England & Wales Cricket Board,UCz1D0n02BR3t51KuBOPmfTQ,UgxoqXP8uxGDsBwxrGd4AaABAg,https://www.youtube.com/watch?v=Kn53bYNW3bo&lc=UgxoqXP8uxGDsBwxrGd4AaABAg,Harman Preet should be behind the stumps to catch the throw.,@SunoMusicHits16,,52,
YT000617,England Women vs India Women (2026 IT20),Cricket,,Dramatic IT20 Ending! | Last Ball THRILLER | England Women v India,Kn53bYNW3bo,https://www.youtube.com/watch?v=Kn53bYNW3bo,England & Wales Cricket Board,UCz1D0n02BR3t51KuBOPmfTQ,UgzoMo3wi8Ct8FbS2F94AaABAg,https://www.youtube.com/watch?v=Kn53bYNW3bo&lc=UgzoMo3wi8Ct8FbS2F94AaABAg,"Well played indian women team..
We always support you..🫡🇮🇳🇮🇳",@SAURYA-k1b,,41,5
YT000618,England Women vs India Women (2026 IT20),Cricket,,Dramatic IT20 Ending! | Last Ball THRILLER | England Women v India,Kn53bYNW3bo,https://www.youtube.com/watch?v=Kn53bYNW3bo,England & Wales Cricket Board,UCz1D0n02BR3t51KuBOPmfTQ,Ugwmw7AyJ4cf551D31R4AaABAg,https://www.youtube.com/watch?v=Kn53bYNW3bo&lc=Ugwmw7AyJ4cf551D31R4AaABAg,Radha Yadav never miss the catches...Greatest fielder in womens cricket,@GowthamiBoutique,,27,
YT000619,England Women vs India Women (2026 IT20),Cricket,,Dramatic IT20 Ending! | Last Ball THRILLER | England Women v India,Kn53bYNW3bo,https://www.youtube.com/watch?v=Kn53bYNW3bo,England & Wales Cricket Board,UCz1D0n02BR3t51KuBOPmfTQ,Ugx_I4zJgf6idIb9yKR4AaABAg,https://www.youtube.com/watch?v=Kn53bYNW3bo&lc=Ugx_I4zJgf6idIb9yKR4AaABAg,Radha Yadav Catch 🔥🔥,@StudyTimesClass,,29,
YT000620,England Women vs India Women (2026 IT20),Cricket,,Dramatic IT20 Ending! | Last Ball THRILLER | England Women v India,Kn53bYNW3bo,https://www.youtube.com/watch?v=Kn53bYNW3bo,England & Wales Cricket Board,UCz1D0n02BR3t51KuBOPmfTQ,Ugw_IriLqiuX1lU4ncR4AaABAg,https://www.youtube.com/watch?v=Kn53bYNW3bo&lc=Ugw_IriLqiuX1lU4ncR4AaABAg,"Oh Radha !  What a catch  !  Simply unbelievable. Really a care of camera , a treat to watch .",@debashissengupta2396,,6,
YT000621,England Women vs India Women (2026 IT20),Cricket,,Dramatic IT20 Ending! | Last Ball THRILLER | England Women v India,Kn53bYNW3bo,https://www.youtube.com/watch?v=Kn53bYNW3bo,England & Wales Cricket Board,UCz1D0n02BR3t51KuBOPmfTQ,Ugy9r3kDTXsMvts-0sp4AaABAg,https://www.youtube.com/watch?v=Kn53bYNW3bo&lc=Ugy9r3kDTXsMvts-0sp4AaABAg,Very very proud moment for whole indian....❤❤❤❤❤when.....indian cricket rock....the...world...❤❤❤,@RitikBhullar-vv3tf,,5,
YT000622,England Women vs India Women (2026 IT20),Cricket,,Dramatic IT20 Ending! | Last Ball THRILLER | England Women v India,Kn53bYNW3bo,https://www.youtube.com/watch?v=Kn53bYNW3bo,England & Wales Cricket Board,UCz1D0n02BR3t51KuBOPmfTQ,UgzCDZ47I4_UJjjk1QR4AaABAg,https://www.youtube.com/watch?v=Kn53bYNW3bo&lc=UgzCDZ47I4_UJjjk1QR4AaABAg,Well played girls .... Keep your chin up ....  Well fought match,@lessradical,,19,
YT000623,England Women vs India Women (2026 IT20),Cricket,,Dramatic IT20 Ending! | Last Ball THRILLER | England Women v India,Kn53bYNW3bo,https://www.youtube.com/watch?v=Kn53bYNW3bo,England & Wales Cricket Board,UCz1D0n02BR3t51KuBOPmfTQ,UgwdtZkz0_ZkFcdfIsZ4AaABAg,https://www.youtube.com/watch?v=Kn53bYNW3bo&lc=UgwdtZkz0_ZkFcdfIsZ4AaABAg,"Nice play by both Cricket team.... Nice batting bowling, field efforts... That catch at mid on and also 3 runs near boundry shows the pressure handling capabilities of players.... Congratulations to  both team players...🎉",@AmarsinghPardeshi,, ,
YT000624,England Women vs India Women (2026 IT20),Cricket,,Dramatic IT20 Ending! | Last Ball THRILLER | England Women v India,Kn53bYNW3bo,https://www.youtube.com/watch?v=Kn53bYNW3bo,England & Wales Cricket Board,UCz1D0n02BR3t51KuBOPmfTQ,UgxTMcV2L6kyz7amWdN4AaABAg,https://www.youtube.com/watch?v=Kn53bYNW3bo&lc=UgxTMcV2L6kyz7amWdN4AaABAg,Indian Girls are Brave like anything ❤,@AnandGautam9901,,7,
YT000625,England Women vs Sri Lanka (2026 Vitality IT20),Cricket,,Buttler Leads The Way! | Highlights - England v Sri Lanka | 3rd Vitality IT20 2026,UhmSfJ5QfB0,https://www.youtube.com/watch?v=UhmSfJ5QfB0,England & Wales Cricket Board,UCz1D0n02BR3t51KuBOPmfTQ,UgxdIK7VlvM7_4RWcHZ4AaABAg,https://www.youtube.com/watch?v=UhmSfJ5QfB0&lc=UgxdIK7VlvM7_4RWcHZ4AaABAg,Admin of this ECB channel is the most fastest thing on planet 😂❤,@Krdinuka,,884,36
YT000626,England Women vs Sri Lanka (2026 Vitality IT20),Cricket,,Buttler Leads The Way! | Highlights - England v Sri Lanka | 3rd Vitality IT20 2026,UhmSfJ5QfB0,https://www.youtube.com/watch?v=UhmSfJ5QfB0,England & Wales Cricket Board,UCz1D0n02BR3t51KuBOPmfTQ,UgygmjfgnGty2CDdjbR4AaABAg,https://www.youtube.com/watch?v=UhmSfJ5QfB0&lc=UgygmjfgnGty2CDdjbR4AaABAg,"1996 - world champions
2007,2011 - world cup runners up
2009,2012 - t20 wc runners up
2014 - world t20 champions 🥹

as a Sri Lankan i am very sad about current sri lanka cricket team 💔 I can't tell about it 🥹",@VHPNR,,742,63
YT000627,England Women vs Sri Lanka (2026 Vitality IT20),Cricket,,Buttler Leads The Way! | Highlights - England v Sri Lanka | 3rd Vitality IT20 2026,UhmSfJ5QfB0,https://www.youtube.com/watch?v=UhmSfJ5QfB0,England & Wales Cricket Board,UCz1D0n02BR3t51KuBOPmfTQ,UgxsP2Qa5PED_X2wqS94AaABAg,https://www.youtube.com/watch?v=UhmSfJ5QfB0&lc=UgxsP2Qa5PED_X2wqS94AaABAg,When Jos Buttler is in form you know how special this England team is 😊🏴󠁧󠁢󠁥󠁮󠁧󠁿,@RangaIslam-g9o,,302,11
YT000628,England Women vs Sri Lanka (2026 Vitality IT20),Cricket,,Buttler Leads The Way! | Highlights - England v Sri Lanka | 3rd Vitality IT20 2026,UhmSfJ5QfB0,https://www.youtube.com/watch?v=UhmSfJ5QfB0,England & Wales Cricket Board,UCz1D0n02BR3t51KuBOPmfTQ,Ugx-Wo3cS6xgp5W5_yF4AaABAg,https://www.youtube.com/watch?v=UhmSfJ5QfB0&lc=Ugx-Wo3cS6xgp5W5_yF4AaABAg,12 mins since match got over…we already have the highlights 😭😭,@neeleshprajapati7714,,504,4
YT000629,England Women vs Sri Lanka (2026 Vitality IT20),Cricket,,Buttler Leads The Way! | Highlights - England v Sri Lanka | 3rd Vitality IT20 2026,UhmSfJ5QfB0,https://www.youtube.com/watch?v=UhmSfJ5QfB0,England & Wales Cricket Board,UCz1D0n02BR3t51KuBOPmfTQ,Ugz59XY2QCp7Mo9Iywp4AaABAg,https://www.youtube.com/watch?v=UhmSfJ5QfB0&lc=Ugz59XY2QCp7Mo9Iywp4AaABAg,this is the best buttler has looked since 2022,@silly_point78,,241,7
YT000630,England Women vs Sri Lanka (2026 Vitality IT20),Cricket,,Buttler Leads The Way! | Highlights - England v Sri Lanka | 3rd Vitality IT20 2026,UhmSfJ5QfB0,https://www.youtube.com/watch?v=UhmSfJ5QfB0,England & Wales Cricket Board,UCz1D0n02BR3t51KuBOPmfTQ,UgyM9r_nP6aBssyTucF4AaABAg,https://www.youtube.com/watch?v=UhmSfJ5QfB0&lc=UgyM9r_nP6aBssyTucF4AaABAg,"1st match Done by Brook😊
2nd match Done by Banton 😊
3rd match Done by Butler 😊",@md.shakibmahmoud246,,299,12
YT000631,England Women vs Sri Lanka (2026 Vitality IT20),Cricket,,Buttler Leads The Way! | Highlights - England v Sri Lanka | 3rd Vitality IT20 2026,UhmSfJ5QfB0,https://www.youtube.com/watch?v=UhmSfJ5QfB0,England & Wales Cricket Board,UCz1D0n02BR3t51KuBOPmfTQ,Ugyn28t9dSIQIrhNc_d4AaABAg,https://www.youtube.com/watch?v=UhmSfJ5QfB0&lc=Ugyn28t9dSIQIrhNc_d4AaABAg,Buttler is beast of T20 cricket❤,@virajdobriyal9133,,127,6
YT000632,England Women vs Sri Lanka (2026 Vitality IT20),Cricket,,Buttler Leads The Way! | Highlights - England v Sri Lanka | 3rd Vitality IT20 2026,UhmSfJ5QfB0,https://www.youtube.com/watch?v=UhmSfJ5QfB0,England & Wales Cricket Board,UCz1D0n02BR3t51KuBOPmfTQ,Ugzrb0TyLm0xKQFKYQx4AaABAg,https://www.youtube.com/watch?v=UhmSfJ5QfB0&lc=Ugzrb0TyLm0xKQFKYQx4AaABAg,"England is the most watchable team right now in cricket... ❤️
Harry brook is the real upcoming talent 🫡🔥",@rishidh_thakur,,169,14
YT000633,England Women vs Sri Lanka (2026 Vitality IT20),Cricket,,Buttler Leads The Way! | Highlights - England v Sri Lanka | 3rd Vitality IT20 2026,UhmSfJ5QfB0,https://www.youtube.com/watch?v=UhmSfJ5QfB0,England & Wales Cricket Board,UCz1D0n02BR3t51KuBOPmfTQ,UgxPWeTX5Y6ooaIWvHx4AaABAg,https://www.youtube.com/watch?v=UhmSfJ5QfB0&lc=UgxPWeTX5Y6ooaIWvHx4AaABAg,As A England Fan We Are Super Proud Of This England 🏴󠁧󠁢󠁥󠁮󠁧󠁿❤ Team,@bibekdasshivamdas5881,,35,1
YT000634,England Women vs Sri Lanka (2026 Vitality IT20),Cricket,,Buttler Leads The Way! | Highlights - England v Sri Lanka | 3rd Vitality IT20 2026,UhmSfJ5QfB0,https://www.youtube.com/watch?v=UhmSfJ5QfB0,England & Wales Cricket Board,UCz1D0n02BR3t51KuBOPmfTQ,Ugw2WZX61YP7ZRQkf4t4AaABAg,https://www.youtube.com/watch?v=UhmSfJ5QfB0&lc=Ugw2WZX61YP7ZRQkf4t4AaABAg,"HARRY BROOK AS CAPTAIN IN T20I INTERNATIONAL:

Matches - 27.
Won - 21*.
Lost - 3.
No Result - 3.
Win% - 77.77%.

- CAPTAIN HARRY BROOK'S ERA IN T20I FOR ENGLAND..!!! 🏴󠁧󠁢󠁥󠁮󠁧󠁿🫡",@FranklinJeno,,82,6
YT000635,England Women vs Sri Lanka (2026 Vitality IT20),Cricket,,Buttler Leads The Way! | Highlights - England v Sri Lanka | 3rd Vitality IT20 2026,UhmSfJ5QfB0,https://www.youtube.com/watch?v=UhmSfJ5QfB0,England & Wales Cricket Board,UCz1D0n02BR3t51KuBOPmfTQ,Ugx-xGm89uLIgio3nXJ4AaABAg,https://www.youtube.com/watch?v=UhmSfJ5QfB0&lc=Ugx-xGm89uLIgio3nXJ4AaABAg,"CAPTAIN HARRY BROOK IN LAST 2 T20I SERIES:

- Won series Vs India by 4-0.
- Won series Vs Sri Lanka by 3-0.
- 2 POTM Awards.
- Most runs Vs India.
- 2nd Most runs Vs SL.
- Player of the series Vs India.
- Player of the series Vs Sri Lanka.

THIS IS HARRY BROOK'S ERA.🔥🫡",@Cricket_GOAT_Zone,,46,3
YT000636,England Women vs Sri Lanka (2026 Vitality IT20),Cricket,,Buttler Leads The Way! | Highlights - England v Sri Lanka | 3rd Vitality IT20 2026,UhmSfJ5QfB0,https://www.youtube.com/watch?v=UhmSfJ5QfB0,England & Wales Cricket Board,UCz1D0n02BR3t51KuBOPmfTQ,Ugw85T0F1ImrV4LFEaB4AaABAg,https://www.youtube.com/watch?v=UhmSfJ5QfB0&lc=Ugw85T0F1ImrV4LFEaB4AaABAg,if Jos the boss is in form ENG is tough to beat in any conditions. He is a monster in white ball cricket...,@sekharreddyt1068,,28,
YT000637,England Women vs Sri Lanka (2026 Vitality IT20),Cricket,,Buttler Leads The Way! | Highlights - England v Sri Lanka | 3rd Vitality IT20 2026,UhmSfJ5QfB0,https://www.youtube.com/watch?v=UhmSfJ5QfB0,England & Wales Cricket Board,UCz1D0n02BR3t51KuBOPmfTQ,Ugx863lLdeURRXiVkU94AaABAg,https://www.youtube.com/watch?v=UhmSfJ5QfB0&lc=Ugx863lLdeURRXiVkU94AaABAg,4:11 field placement ❤.. Harry Brook,@VinayYadav-o2c,,21,
YT000638,England Women vs Sri Lanka (2026 Vitality IT20),Cricket,,Buttler Leads The Way! | Highlights - England v Sri Lanka | 3rd Vitality IT20 2026,UhmSfJ5QfB0,https://www.youtube.com/watch?v=UhmSfJ5QfB0,England & Wales Cricket Board,UCz1D0n02BR3t51KuBOPmfTQ,UgzOq6IDLfS2v7LkP254AaABAg,https://www.youtube.com/watch?v=UhmSfJ5QfB0&lc=UgzOq6IDLfS2v7LkP254AaABAg,harry brook and jos buttler played well in this series👌,@muhammadhamidkhan,,13,
YT000639,England Women vs Sri Lanka (2026 Vitality IT20),Cricket,,Buttler Leads The Way! | Highlights - England v Sri Lanka | 3rd Vitality IT20 2026,UhmSfJ5QfB0,https://www.youtube.com/watch?v=UhmSfJ5QfB0,England & Wales Cricket Board,UCz1D0n02BR3t51KuBOPmfTQ,UgxBbLUnhPjrWN6Hqzp4AaABAg,https://www.youtube.com/watch?v=UhmSfJ5QfB0&lc=UgxBbLUnhPjrWN6Hqzp4AaABAg,What a catch by Brook!,@huffingtonmcneedy6735,,9,
YT000640,England Women vs Sri Lanka (2026 Vitality IT20),Cricket,,Buttler Leads The Way! | Highlights - England v Sri Lanka | 3rd Vitality IT20 2026,UhmSfJ5QfB0,https://www.youtube.com/watch?v=UhmSfJ5QfB0,England & Wales Cricket Board,UCz1D0n02BR3t51KuBOPmfTQ,UgwcMiTKp0xRihbRuVN4AaABAg,https://www.youtube.com/watch?v=UhmSfJ5QfB0&lc=UgwcMiTKp0xRihbRuVN4AaABAg,Captain harry brook dangerous team england 🥰🥰🇧🇩🇧🇩,@PashoaraNilu,,52,
YT000641,Antigua & Barbuda Falcons vs Jamaica Kingsmen (2026 CPL Final),Cricket,,Highlights | FINAL | Antigua & Barbuda Falcons vs Jamaica Kingsmen | CPL 2026,xf1o20oJRGU,https://www.youtube.com/watch?v=xf1o20oJRGU,CPL T20,UCt_Ml23H70ncuMlAgbIGlKA,UgwC_gaomrg6ZtJ7AyV4AaABAg,https://www.youtube.com/watch?v=xf1o20oJRGU&lc=UgwC_gaomrg6ZtJ7AyV4AaABAg,"What aa young talent MAAZ SADAQAT
and SUFIYAN MUQIM bowling",@ZiuuMangal,,239,7
YT000642,Antigua & Barbuda Falcons vs Jamaica Kingsmen (2026 CPL Final),Cricket,,Highlights | FINAL | Antigua & Barbuda Falcons vs Jamaica Kingsmen | CPL 2026,xf1o20oJRGU,https://www.youtube.com/watch?v=xf1o20oJRGU,CPL T20,UCt_Ml23H70ncuMlAgbIGlKA,UgyWVYFieLRUnhoJRnF4AaABAg,https://www.youtube.com/watch?v=xf1o20oJRGU&lc=UgyWVYFieLRUnhoJRnF4AaABAg,Pure talent and all time best player MAAZ SADAQAT 💥💫💯👍,@EtihadTravel-f7t,,129,5
YT000643,Antigua & Barbuda Falcons vs Jamaica Kingsmen (2026 CPL Final),Cricket,,Highlights | FINAL | Antigua & Barbuda Falcons vs Jamaica Kingsmen | CPL 2026,xf1o20oJRGU,https://www.youtube.com/watch?v=xf1o20oJRGU,CPL T20,UCt_Ml23H70ncuMlAgbIGlKA,UgzUNMOwZ669tFSEjQ14AaABAg,https://www.youtube.com/watch?v=xf1o20oJRGU&lc=UgzUNMOwZ669tFSEjQ14AaABAg,"Not exactly how I pictured the ending of the Kingsmen journey in the cpl but I’m proud, it’s still an amazing chapter to their story.
A beautiful journey and one all players should embrace with pride.

Sadaqat the hero you are! Thank you for an amazing season. 2 centuries in 2days wow.
🤩
To all the players, coaches and our captain, thank you!

Hats off to the Falcons, well deserved.
Impressive and consistent bowling all season I’m in awe!

Until next time CPL , I’m gonna miss these entertaining nights🥹",@philli9647,,74,1
YT000644,Antigua & Barbuda Falcons vs Jamaica Kingsmen (2026 CPL Final),Cricket,,Highlights | FINAL | Antigua & Barbuda Falcons vs Jamaica Kingsmen | CPL 2026,xf1o20oJRGU,https://www.youtube.com/watch?v=xf1o20oJRGU,CPL T20,UCt_Ml23H70ncuMlAgbIGlKA,UgwrSdfOEjFTjT4MuLV4AaABAg,https://www.youtube.com/watch?v=xf1o20oJRGU&lc=UgwrSdfOEjFTjT4MuLV4AaABAg,"You have to feel for the Kingsmen franchise, making it to two finals in their first two ever major tournaments (PSL and CPL) 😔",@aayandurrani,,217,7
YT000645,Antigua & Barbuda Falcons vs Jamaica Kingsmen (2026 CPL Final),Cricket,,Highlights | FINAL | Antigua & Barbuda Falcons vs Jamaica Kingsmen | CPL 2026,xf1o20oJRGU,https://www.youtube.com/watch?v=xf1o20oJRGU,CPL T20,UCt_Ml23H70ncuMlAgbIGlKA,Ugz11FA5sKaLQ4qN1Ih4AaABAg,https://www.youtube.com/watch?v=xf1o20oJRGU&lc=Ugz11FA5sKaLQ4qN1Ih4AaABAg,Ohhhh cpl is over I will miss this interesting fantastic cricket 🏏 league love from Afghanistan ❤,@SabawonKhan-c2l,,51,
YT000646,Antigua & Barbuda Falcons vs Jamaica Kingsmen (2026 CPL Final),Cricket,,Highlights | FINAL | Antigua & Barbuda Falcons vs Jamaica Kingsmen | CPL 2026,xf1o20oJRGU,https://www.youtube.com/watch?v=xf1o20oJRGU,CPL T20,UCt_Ml23H70ncuMlAgbIGlKA,Ugz-fc-VRmosHYCnhiR4AaABAg,https://www.youtube.com/watch?v=xf1o20oJRGU&lc=Ugz-fc-VRmosHYCnhiR4AaABAg,It seems that this is  the PSL final . What a knock from our boys 🔥🔥🔥,@ayazahmad1861,,16,
YT000647,Antigua & Barbuda Falcons vs Jamaica Kingsmen (2026 CPL Final),Cricket,,Highlights | FINAL | Antigua & Barbuda Falcons vs Jamaica Kingsmen | CPL 2026,xf1o20oJRGU,https://www.youtube.com/watch?v=xf1o20oJRGU,CPL T20,UCt_Ml23H70ncuMlAgbIGlKA,UgxkBjGD79OPMeaUz9V4AaABAg,https://www.youtube.com/watch?v=xf1o20oJRGU&lc=UgxkBjGD79OPMeaUz9V4AaABAg,"Maaz Sadaqat, hats off to you! 👏❤️ Win or lose, that's part of the game, but you fought hard on your own. Unfortunately, Jamaica lost the final, but you played exceptionally well. Keep your head high, young man! The future is yours. 🔥🏏❤️",@ShehzadaUsman-p5f,,30,5
YT000648,Antigua & Barbuda Falcons vs Jamaica Kingsmen (2026 CPL Final),Cricket,,Highlights | FINAL | Antigua & Barbuda Falcons vs Jamaica Kingsmen | CPL 2026,xf1o20oJRGU,https://www.youtube.com/watch?v=xf1o20oJRGU,CPL T20,UCt_Ml23H70ncuMlAgbIGlKA,UgzEOZPm_e0RWaQ3pLl4AaABAg,https://www.youtube.com/watch?v=xf1o20oJRGU&lc=UgzEOZPm_e0RWaQ3pLl4AaABAg,Sufyan Muqeem 🔥🥵,@shadabxjunaid,,47,
YT000649,Antigua & Barbuda Falcons vs Jamaica Kingsmen (2026 CPL Final),Cricket,,Highlights | FINAL | Antigua & Barbuda Falcons vs Jamaica Kingsmen | CPL 2026,xf1o20oJRGU,https://www.youtube.com/watch?v=xf1o20oJRGU,CPL T20,UCt_Ml23H70ncuMlAgbIGlKA,Ugyx-vfySRGQzC3jUWt4AaABAg,https://www.youtube.com/watch?v=xf1o20oJRGU&lc=Ugyx-vfySRGQzC3jUWt4AaABAg,Sadaqat is amazing 2 hundreds in a single season and one in final amazing ❤,@Enemiescreator12,,12,1
YT000650,Antigua & Barbuda Falcons vs Jamaica Kingsmen (2026 CPL Final),Cricket,,Highlights | FINAL | Antigua & Barbuda Falcons vs Jamaica Kingsmen | CPL 2026,xf1o20oJRGU,https://www.youtube.com/watch?v=xf1o20oJRGU,CPL T20,UCt_Ml23H70ncuMlAgbIGlKA,UgyM8taa6p-BuDPy-oN4AaABAg,https://www.youtube.com/watch?v=xf1o20oJRGU&lc=UgyM8taa6p-BuDPy-oN4AaABAg,"SAIM , MAAZ , SUFYAN and HASSAN NWAZ pure talent",@UsmanGhani-k8i1b,,9,
YT000651,Antigua & Barbuda Falcons vs Jamaica Kingsmen (2026 CPL Final),Cricket,,Highlights | FINAL | Antigua & Barbuda Falcons vs Jamaica Kingsmen | CPL 2026,xf1o20oJRGU,https://www.youtube.com/watch?v=xf1o20oJRGU,CPL T20,UCt_Ml23H70ncuMlAgbIGlKA,UgzMbPkQQFajZkah71B4AaABAg,https://www.youtube.com/watch?v=xf1o20oJRGU&lc=UgzMbPkQQFajZkah71B4AaABAg,Cudos to Kingsman and MAAZ SADAQAT. Well done job guys❤ congrats to wining team,@shortsworld5616,,12,
YT000652,Antigua & Barbuda Falcons vs Jamaica Kingsmen (2026 CPL Final),Cricket,,Highlights | FINAL | Antigua & Barbuda Falcons vs Jamaica Kingsmen | CPL 2026,xf1o20oJRGU,https://www.youtube.com/watch?v=xf1o20oJRGU,CPL T20,UCt_Ml23H70ncuMlAgbIGlKA,UgxKtv4H8pNJQIkMoA54AaABAg,https://www.youtube.com/watch?v=xf1o20oJRGU&lc=UgxKtv4H8pNJQIkMoA54AaABAg,The Great Ian Bishop commentary 🔥🔥,@jadooikahaniyan2515,,9,
YT000653,Antigua & Barbuda Falcons vs Jamaica Kingsmen (2026 CPL Final),Cricket,,Highlights | FINAL | Antigua & Barbuda Falcons vs Jamaica Kingsmen | CPL 2026,xf1o20oJRGU,https://www.youtube.com/watch?v=xf1o20oJRGU,CPL T20,UCt_Ml23H70ncuMlAgbIGlKA,UgymMwMspDlaLsPhH254AaABAg,https://www.youtube.com/watch?v=xf1o20oJRGU&lc=UgymMwMspDlaLsPhH254AaABAg,Absolute clutch performance from Sadaqat,@switchblade7422,,5,
YT000654,Antigua & Barbuda Falcons vs Jamaica Kingsmen (2026 CPL Final),Cricket,,Highlights | FINAL | Antigua & Barbuda Falcons vs Jamaica Kingsmen | CPL 2026,xf1o20oJRGU,https://www.youtube.com/watch?v=xf1o20oJRGU,CPL T20,UCt_Ml23H70ncuMlAgbIGlKA,UgxDnznNRWh63K7LwSJ4AaABAg,https://www.youtube.com/watch?v=xf1o20oJRGU&lc=UgxDnznNRWh63K7LwSJ4AaABAg,Maaz sadaqat and sufyan m great players,@salmannnn1,,21,10
YT000655,Antigua & Barbuda Falcons vs Jamaica Kingsmen (2026 CPL Final),Cricket,,Highlights | FINAL | Antigua & Barbuda Falcons vs Jamaica Kingsmen | CPL 2026,xf1o20oJRGU,https://www.youtube.com/watch?v=xf1o20oJRGU,CPL T20,UCt_Ml23H70ncuMlAgbIGlKA,UgzRq6jWxqLg4PrlRGF4AaABAg,https://www.youtube.com/watch?v=xf1o20oJRGU&lc=UgzRq6jWxqLg4PrlRGF4AaABAg,"The Great Owner Of Hydrabad kingsmen and jamaica kingsmen and what A brave men ge is he put his two teams in final in their first season what team and also what a leader of the both team in PSL and CPL 
And congragulation falvons fan for the title of the final 🎉",@TahirTahiriOfficial,,2,
YT000656,Antigua & Barbuda Falcons vs Jamaica Kingsmen (2026 CPL Final),Cricket,,Highlights | FINAL | Antigua & Barbuda Falcons vs Jamaica Kingsmen | CPL 2026,xf1o20oJRGU,https://www.youtube.com/watch?v=xf1o20oJRGU,CPL T20,UCt_Ml23H70ncuMlAgbIGlKA,UgzYFV9fG8fXQOpBSa54AaABAg,https://www.youtube.com/watch?v=xf1o20oJRGU&lc=UgzYFV9fG8fXQOpBSa54AaABAg,1:07 what a catch one of the best in cpl,@ANTIGRAVITY08,,4,
YT000657,"Afghanistan vs India (2026 T20I Series, Match 1)",Cricket,,Full Match Highlights | Afghanistan vs India | Match 01 | T20I Series 2026 | ACB | M9N1K,lmFzf6t7IPw,https://www.youtube.com/watch?v=lmFzf6t7IPw,Sports TV,UCmHCyBKDCQk5GwJB3NvTbdw,UgzmMG8SDUzyBVrYT2V4AaABAg,https://www.youtube.com/watch?v=lmFzf6t7IPw&lc=UgzmMG8SDUzyBVrYT2V4AaABAg,"India❤ and Afghanistan ❤
Best friend forever ❣️",@mytechmech8476,,140,5
YT000658,"Afghanistan vs India (2026 T20I Series, Match 1)",Cricket,,Full Match Highlights | Afghanistan vs India | Match 01 | T20I Series 2026 | ACB | M9N1K,lmFzf6t7IPw,https://www.youtube.com/watch?v=lmFzf6t7IPw,Sports TV,UCmHCyBKDCQk5GwJB3NvTbdw,Ugwuf2wOREh4LGXSV0h4AaABAg,https://www.youtube.com/watch?v=lmFzf6t7IPw&lc=Ugwuf2wOREh4LGXSV0h4AaABAg,India wins Afghanistan wins same thing love from india,@lhmutoba,,235,
YT000659,"Afghanistan vs India (2026 T20I Series, Match 1)",Cricket,,Full Match Highlights | Afghanistan vs India | Match 01 | T20I Series 2026 | ACB | M9N1K,lmFzf6t7IPw,https://www.youtube.com/watch?v=lmFzf6t7IPw,Sports TV,UCmHCyBKDCQk5GwJB3NvTbdw,UgxiYKz_dzWCCtBIjQd4AaABAg,https://www.youtube.com/watch?v=lmFzf6t7IPw&lc=UgxiYKz_dzWCCtBIjQd4AaABAg,Soo Much love to you our afgani brothers from india and so proud to see you compete at international level and doing good ❤😊,@parthghevade2087,,3,
YT000660,"Afghanistan vs India (2026 T20I Series, Match 1)",Cricket,,Full Match Highlights | Afghanistan vs India | Match 01 | T20I Series 2026 | ACB | M9N1K,lmFzf6t7IPw,https://www.youtube.com/watch?v=lmFzf6t7IPw,Sports TV,UCmHCyBKDCQk5GwJB3NvTbdw,Ugzgyec7ty1PqomcRl14AaABAg,https://www.youtube.com/watch?v=lmFzf6t7IPw&lc=Ugzgyec7ty1PqomcRl14AaABAg,"I am not after any win or lose but I am happy to see both the best friends plays. 
Jai Hindustan 🇮🇳 
Jai Afghanistan 🇦🇫
❤️❣️❤️",@AkamQuinker,,34,
YT000661,"Afghanistan vs India (2026 T20I Series, Match 1)",Cricket,,Full Match Highlights | Afghanistan vs India | Match 01 | T20I Series 2026 | ACB | M9N1K,lmFzf6t7IPw,https://www.youtube.com/watch?v=lmFzf6t7IPw,Sports TV,UCmHCyBKDCQk5GwJB3NvTbdw,Ugw0vq5M2Gw7BpNaoQd4AaABAg,https://www.youtube.com/watch?v=lmFzf6t7IPw&lc=Ugw0vq5M2Gw7BpNaoQd4AaABAg,What a beautiful stadium without pan masala ads ❤,@tanmaychandra5288,,90,3
YT000662,"Afghanistan vs India (2026 T20I Series, Match 1)",Cricket,,Full Match Highlights | Afghanistan vs India | Match 01 | T20I Series 2026 | ACB | M9N1K,lmFzf6t7IPw,https://www.youtube.com/watch?v=lmFzf6t7IPw,Sports TV,UCmHCyBKDCQk5GwJB3NvTbdw,Ugw5Q-wQWPnRg943Gy54AaABAg,https://www.youtube.com/watch?v=lmFzf6t7IPw&lc=Ugw5Q-wQWPnRg943Gy54AaABAg,"to all my Afghan brothers and sisters, win or lose - you guys are always our favourites. Much love ❤❤",@dushkriti32,,2,
YT000663,"Afghanistan vs India (2026 T20I Series, Match 1)",Cricket,,Full Match Highlights | Afghanistan vs India | Match 01 | T20I Series 2026 | ACB | M9N1K,lmFzf6t7IPw,https://www.youtube.com/watch?v=lmFzf6t7IPw,Sports TV,UCmHCyBKDCQk5GwJB3NvTbdw,UgygyidirfVKbAmpDy14AaABAg,https://www.youtube.com/watch?v=lmFzf6t7IPw&lc=UgygyidirfVKbAmpDy14AaABAg,"Very Well Played Omarzai. 👏🏽👏🏽
Ind vs Afgh Was Fun. ❤🇮🇳🤝🇦🇫",@clueless-lassi-joins-internet,,1,
YT000664,"Afghanistan vs India (2026 T20I Series, Match 1)",Cricket,,Full Match Highlights | Afghanistan vs India | Match 01 | T20I Series 2026 | ACB | M9N1K,lmFzf6t7IPw,https://www.youtube.com/watch?v=lmFzf6t7IPw,Sports TV,UCmHCyBKDCQk5GwJB3NvTbdw,UgwAqcl0AlT3JBjw2KJ4AaABAg,https://www.youtube.com/watch?v=lmFzf6t7IPw&lc=UgwAqcl0AlT3JBjw2KJ4AaABAg,"Abhishek sharma finally back in form 
Ankhen taras gayi thi yeh dekhna ka liye 😢❤",@lovedeepkundal-4623,,40,2
YT000665,"Afghanistan vs India (2026 T20I Series, Match 1)",Cricket,,Full Match Highlights | Afghanistan vs India | Match 01 | T20I Series 2026 | ACB | M9N1K,lmFzf6t7IPw,https://www.youtube.com/watch?v=lmFzf6t7IPw,Sports TV,UCmHCyBKDCQk5GwJB3NvTbdw,Ugzw3lLUQubkAOZYneZ4AaABAg,https://www.youtube.com/watch?v=lmFzf6t7IPw&lc=Ugzw3lLUQubkAOZYneZ4AaABAg,Love to my Afgan Brothers and Sisters with love ❤️ from India 🇮🇳. I wish India and Afghanistan play Final in T20 World Cup 🏆 cricket 🏏,@AtmaNirbhar1947,,87,8
YT000666,"Afghanistan vs India (2026 T20I Series, Match 1)",Cricket,,Full Match Highlights | Afghanistan vs India | Match 01 | T20I Series 2026 | ACB | M9N1K,lmFzf6t7IPw,https://www.youtube.com/watch?v=lmFzf6t7IPw,Sports TV,UCmHCyBKDCQk5GwJB3NvTbdw,UgwhMFPcc8zhrok39Pd4AaABAg,https://www.youtube.com/watch?v=lmFzf6t7IPw&lc=UgwhMFPcc8zhrok39Pd4AaABAg,Better highlight then Fancode ❤,@Prakash-Henry,,61,
YT000667,"Afghanistan vs India (2026 T20I Series, Match 1)",Cricket,,Full Match Highlights | Afghanistan vs India | Match 01 | T20I Series 2026 | ACB | M9N1K,lmFzf6t7IPw,https://www.youtube.com/watch?v=lmFzf6t7IPw,Sports TV,UCmHCyBKDCQk5GwJB3NvTbdw,UgyQUpNQavIaMdfjJyZ4AaABAg,https://www.youtube.com/watch?v=lmFzf6t7IPw&lc=UgyQUpNQavIaMdfjJyZ4AaABAg,"Omarzai,Abhishek and Ishan Wonderful Show 🔥",@iconic_Abhay,,1,
YT000668,"Afghanistan vs India (2026 T20I Series, Match 1)",Cricket,,Full Match Highlights | Afghanistan vs India | Match 01 | T20I Series 2026 | ACB | M9N1K,lmFzf6t7IPw,https://www.youtube.com/watch?v=lmFzf6t7IPw,Sports TV,UCmHCyBKDCQk5GwJB3NvTbdw,UgytCHaYkWzayd0zdkx4AaABAg,https://www.youtube.com/watch?v=lmFzf6t7IPw&lc=UgytCHaYkWzayd0zdkx4AaABAg,I've not seen Delhi stadium this much brighter before,@BilalH-v2q,,2,
YT000669,"Afghanistan vs India (2026 T20I Series, Match 1)",Cricket,,Full Match Highlights | Afghanistan vs India | Match 01 | T20I Series 2026 | ACB | M9N1K,lmFzf6t7IPw,https://www.youtube.com/watch?v=lmFzf6t7IPw,Sports TV,UCmHCyBKDCQk5GwJB3NvTbdw,UgwV3uqi3GEcM14GYn54AaABAg,https://www.youtube.com/watch?v=lmFzf6t7IPw&lc=UgwV3uqi3GEcM14GYn54AaABAg,This channel is exactly what I needed It helped me understand better.,@amitgond8593,, ,
YT000670,"Afghanistan vs India (2026 T20I Series, Match 1)",Cricket,,Full Match Highlights | Afghanistan vs India | Match 01 | T20I Series 2026 | ACB | M9N1K,lmFzf6t7IPw,https://www.youtube.com/watch?v=lmFzf6t7IPw,Sports TV,UCmHCyBKDCQk5GwJB3NvTbdw,Ugx70TyoOVktkZX3LFh4AaABAg,https://www.youtube.com/watch?v=lmFzf6t7IPw&lc=Ugx70TyoOVktkZX3LFh4AaABAg,Win or lose not a matter ❤ always love 💖 for our afghan brother's from India ❤❤❤❤❤,@eat2blog,,1,
YT000671,"Afghanistan vs India (2026 T20I Series, Match 1)",Cricket,,Full Match Highlights | Afghanistan vs India | Match 01 | T20I Series 2026 | ACB | M9N1K,lmFzf6t7IPw,https://www.youtube.com/watch?v=lmFzf6t7IPw,Sports TV,UCmHCyBKDCQk5GwJB3NvTbdw,UgzKSbyIgZ9xwtisUmd4AaABAg,https://www.youtube.com/watch?v=lmFzf6t7IPw&lc=UgzKSbyIgZ9xwtisUmd4AaABAg,12:29 – Brilliant six by Azmat! 🏏🔥 What a shot into the stands! 👏,@Zen-Bonsai-Vibes,, ,
YT000672,"Afghanistan vs India (2026 T20I Series, Match 1)",Cricket,,Full Match Highlights | Afghanistan vs India | Match 01 | T20I Series 2026 | ACB | M9N1K,lmFzf6t7IPw,https://www.youtube.com/watch?v=lmFzf6t7IPw,Sports TV,UCmHCyBKDCQk5GwJB3NvTbdw,UgwSc07kIkl-E8fhodl4AaABAg,https://www.youtube.com/watch?v=lmFzf6t7IPw&lc=UgwSc07kIkl-E8fhodl4AaABAg,"That catch by Rashid of Ishan Kishan was the best i would say.  Kishan has struck the ball too hard, it was almost impossible",@nivan231,,32,
YT000673,2026 NBA Finals,Basketball,,EVERY HIGHLIGHT From The 2026 NBA Finals 🏆,PrObPnSeeag,https://www.youtube.com/watch?v=PrObPnSeeag,NBA,UCWJ2lWNubArHWmf3FIHbfcQ,UgyZ-u3ToFW12dn8qCl4AaABAg,https://www.youtube.com/watch?v=PrObPnSeeag&lc=UgyZ-u3ToFW12dn8qCl4AaABAg,As a Pistons fan happy for the Knicks you guys earned it I genuinely mean that,@MOE__,,98,6
YT000674,2026 NBA Finals,Basketball,,EVERY HIGHLIGHT From The 2026 NBA Finals 🏆,PrObPnSeeag,https://www.youtube.com/watch?v=PrObPnSeeag,NBA,UCWJ2lWNubArHWmf3FIHbfcQ,UgyCOhKBiheB4vxetzh4AaABAg,https://www.youtube.com/watch?v=PrObPnSeeag&lc=UgyCOhKBiheB4vxetzh4AaABAg,Who here almost 2 weeks later rewatching?,@j.r.3945,,162,33
YT000675,2026 NBA Finals,Basketball,,EVERY HIGHLIGHT From The 2026 NBA Finals 🏆,PrObPnSeeag,https://www.youtube.com/watch?v=PrObPnSeeag,NBA,UCWJ2lWNubArHWmf3FIHbfcQ,UgwZRZM9t-6ZIEiAglV4AaABAg,https://www.youtube.com/watch?v=PrObPnSeeag&lc=UgwZRZM9t-6ZIEiAglV4AaABAg,Being a Knicks fan has finally paid off...  I felt the pain in 94.  Thank you Jalen Brunson.,@bunchycarter8457,,45,7
YT000676,2026 NBA Finals,Basketball,,EVERY HIGHLIGHT From The 2026 NBA Finals 🏆,PrObPnSeeag,https://www.youtube.com/watch?v=PrObPnSeeag,NBA,UCWJ2lWNubArHWmf3FIHbfcQ,UgzxZ1N5XRtvM9Smnct4AaABAg,https://www.youtube.com/watch?v=PrObPnSeeag&lc=UgzxZ1N5XRtvM9Smnct4AaABAg,"J Brunson, the highest PPG for a small guard in the finals. And he was a 108 defensively, which is insane for 6'1"" with the scoring output. Jalen Brunson literally turned San Antonio into San Bruntonio.",@AllstarWeather,,72,3
YT000677,2026 NBA Finals,Basketball,,EVERY HIGHLIGHT From The 2026 NBA Finals 🏆,PrObPnSeeag,https://www.youtube.com/watch?v=PrObPnSeeag,NBA,UCWJ2lWNubArHWmf3FIHbfcQ,UgxOHYP5vMW8DN1g1pV4AaABAg,https://www.youtube.com/watch?v=PrObPnSeeag&lc=UgxOHYP5vMW8DN1g1pV4AaABAg,"This New York Knicks Championship is way better than 2020-2025 NBA Championships

29 point comeback win. The most comeback win in NBA Finals history.
NBA CUP CHAMPIONS.
ECF CHAMPIONS.
NBA CHAMPIONS.
They avenge the 1999 NBA Finals loss against SAS in a fantastic thrilling way.

Just like I said before the playoffs start that this Knicks team will win it all and make history... This is New York Knicks year! Congratulations New York Knicks on a historic 2026 legendary run. 👏🧡💙🏆💙🧡👏",@AdJabz,,30,
YT000678,2026 NBA Finals,Basketball,,EVERY HIGHLIGHT From The 2026 NBA Finals 🏆,PrObPnSeeag,https://www.youtube.com/watch?v=PrObPnSeeag,NBA,UCWJ2lWNubArHWmf3FIHbfcQ,UgytAVvf5iIL1i0PoH54AaABAg,https://www.youtube.com/watch?v=PrObPnSeeag&lc=UgytAVvf5iIL1i0PoH54AaABAg,Knicks fans assemble,@BobbyBob-j6j,,127,2
YT000679,2026 NBA Finals,Basketball,,EVERY HIGHLIGHT From The 2026 NBA Finals 🏆,PrObPnSeeag,https://www.youtube.com/watch?v=PrObPnSeeag,NBA,UCWJ2lWNubArHWmf3FIHbfcQ,Ugxs3htDHp5slv-sDWx4AaABAg,https://www.youtube.com/watch?v=PrObPnSeeag&lc=Ugxs3htDHp5slv-sDWx4AaABAg,Biased because I’m a Knicks fan but this was the best finals I ever seen. Literally every game could have gone the other way. The resilience of the Knicks is uncanny,@n40p69,,24,1
YT000680,2026 NBA Finals,Basketball,,EVERY HIGHLIGHT From The 2026 NBA Finals 🏆,PrObPnSeeag,https://www.youtube.com/watch?v=PrObPnSeeag,NBA,UCWJ2lWNubArHWmf3FIHbfcQ,UgyUq7xf-OLo4b4uBYt4AaABAg,https://www.youtube.com/watch?v=PrObPnSeeag&lc=UgyUq7xf-OLo4b4uBYt4AaABAg,After the finals fox looks like a rookie than harper😢,@BugoynaOpaw0630,,32,
YT000681,2026 NBA Finals,Basketball,,EVERY HIGHLIGHT From The 2026 NBA Finals 🏆,PrObPnSeeag,https://www.youtube.com/watch?v=PrObPnSeeag,NBA,UCWJ2lWNubArHWmf3FIHbfcQ,UgzcGrmdehz1NKs3WZl4AaABAg,https://www.youtube.com/watch?v=PrObPnSeeag&lc=UgzcGrmdehz1NKs3WZl4AaABAg,Just a Knicks fan on a Sunday afternoon reminiscing 😊  💙🧡🗽,@ManeLove888,,10,
YT000682,2026 NBA Finals,Basketball,,EVERY HIGHLIGHT From The 2026 NBA Finals 🏆,PrObPnSeeag,https://www.youtube.com/watch?v=PrObPnSeeag,NBA,UCWJ2lWNubArHWmf3FIHbfcQ,Ugz316eQrlqfeDDXmiR4AaABAg,https://www.youtube.com/watch?v=PrObPnSeeag&lc=Ugz316eQrlqfeDDXmiR4AaABAg,My favorite play of the series was when Wemby threw the greatest literal no look pass to Castle's back. Thank you so much Wendy Anna.,@patrickoakley7890,,3,
YT000683,2026 NBA Finals,Basketball,,EVERY HIGHLIGHT From The 2026 NBA Finals 🏆,PrObPnSeeag,https://www.youtube.com/watch?v=PrObPnSeeag,NBA,UCWJ2lWNubArHWmf3FIHbfcQ,UgzUqjx_m9li-o8t7KJ4AaABAg,https://www.youtube.com/watch?v=PrObPnSeeag&lc=UgzUqjx_m9li-o8t7KJ4AaABAg,Crazy how many fans are cheering for the Knicks as they score at the Spurs home court.,@teeeeceeee,,18,1
YT000684,2026 NBA Finals,Basketball,,EVERY HIGHLIGHT From The 2026 NBA Finals 🏆,PrObPnSeeag,https://www.youtube.com/watch?v=PrObPnSeeag,NBA,UCWJ2lWNubArHWmf3FIHbfcQ,UgzCo3tVpibERmzCavp4AaABAg,https://www.youtube.com/watch?v=PrObPnSeeag&lc=UgzCo3tVpibERmzCavp4AaABAg,I’m re watching this all summer 💙🧡,@Coop1193,,6,
YT000685,2026 NBA Finals,Basketball,,EVERY HIGHLIGHT From The 2026 NBA Finals 🏆,PrObPnSeeag,https://www.youtube.com/watch?v=PrObPnSeeag,NBA,UCWJ2lWNubArHWmf3FIHbfcQ,Ugx6uWnSjEDWrKAio8p4AaABAg,https://www.youtube.com/watch?v=PrObPnSeeag&lc=Ugx6uWnSjEDWrKAio8p4AaABAg,Still watching the Knicks. This series was amazing!,@Ryan-g2q,,31,
YT000686,2026 NBA Finals,Basketball,,EVERY HIGHLIGHT From The 2026 NBA Finals 🏆,PrObPnSeeag,https://www.youtube.com/watch?v=PrObPnSeeag,NBA,UCWJ2lWNubArHWmf3FIHbfcQ,UgweiuQER5BGkGZi8FJ4AaABAg,https://www.youtube.com/watch?v=PrObPnSeeag&lc=UgweiuQER5BGkGZi8FJ4AaABAg,"I have watched the replay of these highlights damn near everyday this summer, it never gets old or boring.",@stanbrooks7923,,2,
YT000687,2026 NBA Finals,Basketball,,EVERY HIGHLIGHT From The 2026 NBA Finals 🏆,PrObPnSeeag,https://www.youtube.com/watch?v=PrObPnSeeag,NBA,UCWJ2lWNubArHWmf3FIHbfcQ,UgxM3TTAyEYNZ2CnBW54AaABAg,https://www.youtube.com/watch?v=PrObPnSeeag&lc=UgxM3TTAyEYNZ2CnBW54AaABAg,"Jalen Brunson 6'2"" - David
Victor Wembanyama 7'4"" - Goliath",@randyh.7782,,20,1
YT000688,2026 NBA Finals,Basketball,,EVERY HIGHLIGHT From The 2026 NBA Finals 🏆,PrObPnSeeag,https://www.youtube.com/watch?v=PrObPnSeeag,NBA,UCWJ2lWNubArHWmf3FIHbfcQ,Ugxf1_nZxqzohv3-8Qp4AaABAg,https://www.youtube.com/watch?v=PrObPnSeeag&lc=Ugxf1_nZxqzohv3-8Qp4AaABAg,"I can watch these highlights for ever 
And I will 🔥🔥💪🏻💪🏻",@Fred.Fiumefreddo33,,6,
YT000689,New York Knicks vs San Antonio Spurs (2026 NBA Finals Game 1),Basketball,2026-06-03,"#3 KNICKS at #2 SPURS | NBA FINALS GAME 1 HIGHLIGHTS | June 3, 2026",AL0AGaoJCWY,https://www.youtube.com/watch?v=AL0AGaoJCWY,NBA,UCWJ2lWNubArHWmf3FIHbfcQ,Ugy_CzphfjOanqS4Idp4AaABAg,https://www.youtube.com/watch?v=AL0AGaoJCWY&lc=Ugy_CzphfjOanqS4Idp4AaABAg,EVERYONE BETTER THAN JALEN BRUNSON TIL IT'S TIME TO BE BETTER THAN JALEN BRUNSON,@nysports1,,18K,419
YT000690,New York Knicks vs San Antonio Spurs (2026 NBA Finals Game 1),Basketball,2026-06-03,"#3 KNICKS at #2 SPURS | NBA FINALS GAME 1 HIGHLIGHTS | June 3, 2026",AL0AGaoJCWY,https://www.youtube.com/watch?v=AL0AGaoJCWY,NBA,UCWJ2lWNubArHWmf3FIHbfcQ,UgwHfW3k0NDzV3fFJ_V4AaABAg,https://www.youtube.com/watch?v=AL0AGaoJCWY&lc=UgwHfW3k0NDzV3fFJ_V4AaABAg,"Props to Josh Hart man. Dude just had the most rebounds, assists, and steals out of all the players. His efforts are too underappreciated",@Dekiro2007,,2.4K,34
YT000691,New York Knicks vs San Antonio Spurs (2026 NBA Finals Game 1),Basketball,2026-06-03,"#3 KNICKS at #2 SPURS | NBA FINALS GAME 1 HIGHLIGHTS | June 3, 2026",AL0AGaoJCWY,https://www.youtube.com/watch?v=AL0AGaoJCWY,NBA,UCWJ2lWNubArHWmf3FIHbfcQ,UgwZ8Yaa0D42-3Ma1jN4AaABAg,https://www.youtube.com/watch?v=AL0AGaoJCWY&lc=UgwZ8Yaa0D42-3Ma1jN4AaABAg,12 straight playoffs wins for the Knicks is wild.,@OzuRay,,6.7K,108
YT000692,New York Knicks vs San Antonio Spurs (2026 NBA Finals Game 1),Basketball,2026-06-03,"#3 KNICKS at #2 SPURS | NBA FINALS GAME 1 HIGHLIGHTS | June 3, 2026",AL0AGaoJCWY,https://www.youtube.com/watch?v=AL0AGaoJCWY,NBA,UCWJ2lWNubArHWmf3FIHbfcQ,UgxWuXtg5VUwCuh6UFZ4AaABAg,https://www.youtube.com/watch?v=AL0AGaoJCWY&lc=UgxWuXtg5VUwCuh6UFZ4AaABAg,"I half-forgot that the Spurs mocked the Knicks with those intros. Man, that didn't age well.",@Tom-it6gi,,46,
YT000693,New York Knicks vs San Antonio Spurs (2026 NBA Finals Game 1),Basketball,2026-06-03,"#3 KNICKS at #2 SPURS | NBA FINALS GAME 1 HIGHLIGHTS | June 3, 2026",AL0AGaoJCWY,https://www.youtube.com/watch?v=AL0AGaoJCWY,NBA,UCWJ2lWNubArHWmf3FIHbfcQ,Ugxt8HZhMfIfLIYy0Yd4AaABAg,https://www.youtube.com/watch?v=AL0AGaoJCWY&lc=Ugxt8HZhMfIfLIYy0Yd4AaABAg,i still cannot believe im finally watching great basketball again. May the best team win,@ke_vveeeeee,,8.7K,138
YT000694,New York Knicks vs San Antonio Spurs (2026 NBA Finals Game 1),Basketball,2026-06-03,"#3 KNICKS at #2 SPURS | NBA FINALS GAME 1 HIGHLIGHTS | June 3, 2026",AL0AGaoJCWY,https://www.youtube.com/watch?v=AL0AGaoJCWY,NBA,UCWJ2lWNubArHWmf3FIHbfcQ,UgwgTlQTDx6a8yy0hZV4AaABAg,https://www.youtube.com/watch?v=AL0AGaoJCWY&lc=UgwgTlQTDx6a8yy0hZV4AaABAg,The Brunson burner man. Dude been making some tough shots all year.,@nrox8823,,3.4K,19
YT000695,New York Knicks vs San Antonio Spurs (2026 NBA Finals Game 1),Basketball,2026-06-03,"#3 KNICKS at #2 SPURS | NBA FINALS GAME 1 HIGHLIGHTS | June 3, 2026",AL0AGaoJCWY,https://www.youtube.com/watch?v=AL0AGaoJCWY,NBA,UCWJ2lWNubArHWmf3FIHbfcQ,UgwrWDOYje9-SJ9IUph4AaABAg,https://www.youtube.com/watch?v=AL0AGaoJCWY&lc=UgwrWDOYje9-SJ9IUph4AaABAg,0:41 I thought my phone was tripping when that music cut on,@4tr9ll59,,3.9K,120
YT000696,New York Knicks vs San Antonio Spurs (2026 NBA Finals Game 1),Basketball,2026-06-03,"#3 KNICKS at #2 SPURS | NBA FINALS GAME 1 HIGHLIGHTS | June 3, 2026",AL0AGaoJCWY,https://www.youtube.com/watch?v=AL0AGaoJCWY,NBA,UCWJ2lWNubArHWmf3FIHbfcQ,UgxN1JUV3TFJ5oN7xdx4AaABAg,https://www.youtube.com/watch?v=AL0AGaoJCWY&lc=UgxN1JUV3TFJ5oN7xdx4AaABAg,"Can we please take a moment to shoutout Karl-Anthony Towns for being so aggressive and putting the pressure on Wemby! His in-your-face defense contained him throughout the game. Also notice he got the tipoff. The last series verse OKC, Wemby got 7/7 tipoffs.",@CodyViktorMast,,173,6
YT000697,New York Knicks vs San Antonio Spurs (2026 NBA Finals Game 1),Basketball,2026-06-03,"#3 KNICKS at #2 SPURS | NBA FINALS GAME 1 HIGHLIGHTS | June 3, 2026",AL0AGaoJCWY,https://www.youtube.com/watch?v=AL0AGaoJCWY,NBA,UCWJ2lWNubArHWmf3FIHbfcQ,Ugw_FBY32_24Je2AwCp4AaABAg,https://www.youtube.com/watch?v=AL0AGaoJCWY&lc=Ugw_FBY32_24Je2AwCp4AaABAg,They did the Knicks dirty with that opening line up track.,@valtrex_itch5987,,604,13
YT000698,New York Knicks vs San Antonio Spurs (2026 NBA Finals Game 1),Basketball,2026-06-03,"#3 KNICKS at #2 SPURS | NBA FINALS GAME 1 HIGHLIGHTS | June 3, 2026",AL0AGaoJCWY,https://www.youtube.com/watch?v=AL0AGaoJCWY,NBA,UCWJ2lWNubArHWmf3FIHbfcQ,Ugx-nNuofNun2FjO9gp4AaABAg,https://www.youtube.com/watch?v=AL0AGaoJCWY&lc=Ugx-nNuofNun2FjO9gp4AaABAg,I love how Towns was not afraid to attack wemby 👍🏾. And Brunson’s lay up package is superb.,@Loveselfloveall1,,1.4K,25
YT000699,New York Knicks vs San Antonio Spurs (2026 NBA Finals Game 1),Basketball,2026-06-03,"#3 KNICKS at #2 SPURS | NBA FINALS GAME 1 HIGHLIGHTS | June 3, 2026",AL0AGaoJCWY,https://www.youtube.com/watch?v=AL0AGaoJCWY,NBA,UCWJ2lWNubArHWmf3FIHbfcQ,UgwAgX181mNj50ENhNt4AaABAg,https://www.youtube.com/watch?v=AL0AGaoJCWY&lc=UgwAgX181mNj50ENhNt4AaABAg,"Greatest New York Knicks win I’ve seen in my lifetime, I was stunned",@mattmartinez1491,,5.4K,89
YT000700,New York Knicks vs San Antonio Spurs (2026 NBA Finals Game 1),Basketball,2026-06-03,"#3 KNICKS at #2 SPURS | NBA FINALS GAME 1 HIGHLIGHTS | June 3, 2026",AL0AGaoJCWY,https://www.youtube.com/watch?v=AL0AGaoJCWY,NBA,UCWJ2lWNubArHWmf3FIHbfcQ,UgzeLex6Lte9_aksR-54AaABAg,https://www.youtube.com/watch?v=AL0AGaoJCWY&lc=UgzeLex6Lte9_aksR-54AaABAg,I'm going to be watching these highlights all summer...NYKNICKS CHAMPS!!!!!,@babywatt1964,,32,1
YT000701,New York Knicks vs San Antonio Spurs (2026 NBA Finals Game 1),Basketball,2026-06-03,"#3 KNICKS at #2 SPURS | NBA FINALS GAME 1 HIGHLIGHTS | June 3, 2026",AL0AGaoJCWY,https://www.youtube.com/watch?v=AL0AGaoJCWY,NBA,UCWJ2lWNubArHWmf3FIHbfcQ,Ugz3naj4TcAnQZBuu6t4AaABAg,https://www.youtube.com/watch?v=AL0AGaoJCWY&lc=Ugz3naj4TcAnQZBuu6t4AaABAg,This is the basketball we've all been waiting for,@josephschuberth9629,,840,12
YT000702,New York Knicks vs San Antonio Spurs (2026 NBA Finals Game 1),Basketball,2026-06-03,"#3 KNICKS at #2 SPURS | NBA FINALS GAME 1 HIGHLIGHTS | June 3, 2026",AL0AGaoJCWY,https://www.youtube.com/watch?v=AL0AGaoJCWY,NBA,UCWJ2lWNubArHWmf3FIHbfcQ,Ugzh8lxsKrWpA60NbRd4AaABAg,https://www.youtube.com/watch?v=AL0AGaoJCWY&lc=Ugzh8lxsKrWpA60NbRd4AaABAg,"Jalen Brunson, the King of Crunch Time",@SilentWeaponsIII,,3.1K,38
YT000703,New York Knicks vs San Antonio Spurs (2026 NBA Finals Game 1),Basketball,2026-06-03,"#3 KNICKS at #2 SPURS | NBA FINALS GAME 1 HIGHLIGHTS | June 3, 2026",AL0AGaoJCWY,https://www.youtube.com/watch?v=AL0AGaoJCWY,NBA,UCWJ2lWNubArHWmf3FIHbfcQ,Ugx_YYKTocsTo8Wr2Tp4AaABAg,https://www.youtube.com/watch?v=AL0AGaoJCWY&lc=Ugx_YYKTocsTo8Wr2Tp4AaABAg,"From a national point of view, this Knicks team is probably the most likable sports team New York has ever had. Love this group. Let’s go Knicks from STL!",@dennisreynolds2497,,632,6
YT000704,New York Knicks vs San Antonio Spurs (2026 NBA Finals Game 1),Basketball,2026-06-03,"#3 KNICKS at #2 SPURS | NBA FINALS GAME 1 HIGHLIGHTS | June 3, 2026",AL0AGaoJCWY,https://www.youtube.com/watch?v=AL0AGaoJCWY,NBA,UCWJ2lWNubArHWmf3FIHbfcQ,Ugxw41MS_Z8ax4Eei0N4AaABAg,https://www.youtube.com/watch?v=AL0AGaoJCWY&lc=Ugxw41MS_Z8ax4Eei0N4AaABAg,"can’t believe i was at this game, what an experience. knicks in ✋🏽",@iam_sm01,,7,
YT000705,New York Knicks vs San Antonio Spurs (2026 NBA Finals Game 5),Basketball,2026-06-13,"#3 KNICKS at #2 SPURS | NBA FINALS GAME 5 HIGHLIGHTS | June 13, 2026",mQPbdoRZYY8,https://www.youtube.com/watch?v=mQPbdoRZYY8,NBA,UCWJ2lWNubArHWmf3FIHbfcQ,Ugxczq0jshVCpCMhXsN4AaABAg,https://www.youtube.com/watch?v=mQPbdoRZYY8&lc=Ugxczq0jshVCpCMhXsN4AaABAg,Reminder that Jalen Brunson took a paycut so the team can have this roster. No one deserves this more than him.,@BronGotGame,,10K,150
YT000706,New York Knicks vs San Antonio Spurs (2026 NBA Finals Game 5),Basketball,2026-06-13,"#3 KNICKS at #2 SPURS | NBA FINALS GAME 5 HIGHLIGHTS | June 13, 2026",mQPbdoRZYY8,https://www.youtube.com/watch?v=mQPbdoRZYY8,NBA,UCWJ2lWNubArHWmf3FIHbfcQ,UgyTtNiHVBHW4-NdwwN4AaABAg,https://www.youtube.com/watch?v=mQPbdoRZYY8&lc=UgyTtNiHVBHW4-NdwwN4AaABAg,My dad was a huge Knicks Fan....he passed away a year and 4days from this moment..I remember him watching the Knicks for 40 yrs....DAD THEY DID IT,@1stplayer585,,5.8K,138
YT000707,New York Knicks vs San Antonio Spurs (2026 NBA Finals Game 5),Basketball,2026-06-13,"#3 KNICKS at #2 SPURS | NBA FINALS GAME 5 HIGHLIGHTS | June 13, 2026",mQPbdoRZYY8,https://www.youtube.com/watch?v=mQPbdoRZYY8,NBA,UCWJ2lWNubArHWmf3FIHbfcQ,UgyFThbQQcJdzcsKIBl4AaABAg,https://www.youtube.com/watch?v=mQPbdoRZYY8&lc=UgyFThbQQcJdzcsKIBl4AaABAg,"That interview with Brunson was one of the most heartfelt interviews in the NBA. Just pure awe from a kid who stuck to his dream. Well-deserved FMVP, Sir.",@brooomvroom,,4K,48
YT000708,New York Knicks vs San Antonio Spurs (2026 NBA Finals Game 5),Basketball,2026-06-13,"#3 KNICKS at #2 SPURS | NBA FINALS GAME 5 HIGHLIGHTS | June 13, 2026",mQPbdoRZYY8,https://www.youtube.com/watch?v=mQPbdoRZYY8,NBA,UCWJ2lWNubArHWmf3FIHbfcQ,UgxMXgTC4RiBOh0INOF4AaABAg,https://www.youtube.com/watch?v=mQPbdoRZYY8&lc=UgxMXgTC4RiBOh0INOF4AaABAg,"53 YEARS OF PAIN, SUFFERING AND AGONY WASHED AWAY!!! NBA CHAMPIONS!!",@allthingsyankees6709,,348,3
YT000709,New York Knicks vs San Antonio Spurs (2026 NBA Finals Game 5),Basketball,2026-06-13,"#3 KNICKS at #2 SPURS | NBA FINALS GAME 5 HIGHLIGHTS | June 13, 2026",mQPbdoRZYY8,https://www.youtube.com/watch?v=mQPbdoRZYY8,NBA,UCWJ2lWNubArHWmf3FIHbfcQ,UgwV80LZyjudddPntJF4AaABAg,https://www.youtube.com/watch?v=mQPbdoRZYY8&lc=UgwV80LZyjudddPntJF4AaABAg,"Spurs go up by double digits late in the 3rd 

Knicks: “we got them right where we want them”",@drewskinner799,,5.4K,83
YT000710,New York Knicks vs San Antonio Spurs (2026 NBA Finals Game 5),Basketball,2026-06-13,"#3 KNICKS at #2 SPURS | NBA FINALS GAME 5 HIGHLIGHTS | June 13, 2026",mQPbdoRZYY8,https://www.youtube.com/watch?v=mQPbdoRZYY8,NBA,UCWJ2lWNubArHWmf3FIHbfcQ,Ugy4HDxiA8uMEDHohpt4AaABAg,https://www.youtube.com/watch?v=mQPbdoRZYY8&lc=Ugy4HDxiA8uMEDHohpt4AaABAg,Jalen Brunson is now the goat of the New York Knicks all-time now. 45 points is simply excellence in the finals.,@Daniel-vp3ix,,13K,371
YT000711,New York Knicks vs San Antonio Spurs (2026 NBA Finals Game 5),Basketball,2026-06-13,"#3 KNICKS at #2 SPURS | NBA FINALS GAME 5 HIGHLIGHTS | June 13, 2026",mQPbdoRZYY8,https://www.youtube.com/watch?v=mQPbdoRZYY8,NBA,UCWJ2lWNubArHWmf3FIHbfcQ,UgwdSk6E8L6rQMbBgQh4AaABAg,https://www.youtube.com/watch?v=mQPbdoRZYY8&lc=UgwdSk6E8L6rQMbBgQh4AaABAg,"Knicks while being down 10 to 30 points:
""We ain't worried. We can clutch this out.""",@DawnSGC,,5.2K,64
YT000712,New York Knicks vs San Antonio Spurs (2026 NBA Finals Game 5),Basketball,2026-06-13,"#3 KNICKS at #2 SPURS | NBA FINALS GAME 5 HIGHLIGHTS | June 13, 2026",mQPbdoRZYY8,https://www.youtube.com/watch?v=mQPbdoRZYY8,NBA,UCWJ2lWNubArHWmf3FIHbfcQ,Ugzt3CJzdTu-ZuR6Mst4AaABAg,https://www.youtube.com/watch?v=mQPbdoRZYY8&lc=Ugzt3CJzdTu-ZuR6Mst4AaABAg,"To every Knicks fan who stayed loyal through the losing seasons, the jokes, and the heartbreaks, this championship belongs to you
Enjoy every second of it. 🏆🏆",@helikababter,,143,2
YT000713,New York Knicks vs San Antonio Spurs (2026 NBA Finals Game 5),Basketball,2026-06-13,"#3 KNICKS at #2 SPURS | NBA FINALS GAME 5 HIGHLIGHTS | June 13, 2026",mQPbdoRZYY8,https://www.youtube.com/watch?v=mQPbdoRZYY8,NBA,UCWJ2lWNubArHWmf3FIHbfcQ,Ugx1eU3TVtlHY55vusl4AaABAg,https://www.youtube.com/watch?v=mQPbdoRZYY8&lc=Ugx1eU3TVtlHY55vusl4AaABAg,"Brunson is a clean hooper man, happy for him and the Knicks",@fiery-legend,,709,4
YT000714,New York Knicks vs San Antonio Spurs (2026 NBA Finals Game 5),Basketball,2026-06-13,"#3 KNICKS at #2 SPURS | NBA FINALS GAME 5 HIGHLIGHTS | June 13, 2026",mQPbdoRZYY8,https://www.youtube.com/watch?v=mQPbdoRZYY8,NBA,UCWJ2lWNubArHWmf3FIHbfcQ,UgzLfFr42ytRYx_NXfh4AaABAg,https://www.youtube.com/watch?v=mQPbdoRZYY8&lc=UgzLfFr42ytRYx_NXfh4AaABAg,It’s so good to see Mike Brown finally get a well deserved ring. He’s been such a scape goat for many teams.,@JumpFloater4,,1.6K,28
YT000715,New York Knicks vs San Antonio Spurs (2026 NBA Finals Game 5),Basketball,2026-06-13,"#3 KNICKS at #2 SPURS | NBA FINALS GAME 5 HIGHLIGHTS | June 13, 2026",mQPbdoRZYY8,https://www.youtube.com/watch?v=mQPbdoRZYY8,NBA,UCWJ2lWNubArHWmf3FIHbfcQ,Ugw_TEouYKRWlsDVkxF4AaABAg,https://www.youtube.com/watch?v=mQPbdoRZYY8&lc=Ugw_TEouYKRWlsDVkxF4AaABAg,Jalen Brunson dropping 45 points becoming the mvp.  Knicks first championship after 53 years.,@JahiButler,,2.1K,20
YT000716,New York Knicks vs San Antonio Spurs (2026 NBA Finals Game 5),Basketball,2026-06-13,"#3 KNICKS at #2 SPURS | NBA FINALS GAME 5 HIGHLIGHTS | June 13, 2026",mQPbdoRZYY8,https://www.youtube.com/watch?v=mQPbdoRZYY8,NBA,UCWJ2lWNubArHWmf3FIHbfcQ,UgweG4grGThXxEwwOZJ4AaABAg,https://www.youtube.com/watch?v=mQPbdoRZYY8&lc=UgweG4grGThXxEwwOZJ4AaABAg,"Before he passed away suddenly, my father was a HUGE Knicks fan. OMG if he was alive, we would talk for hours. CONGRATULATIONS  TO THE KNICKS🗽🗽🗽",@RedAndTheCompany567,,345,2
YT000717,New York Knicks vs San Antonio Spurs (2026 NBA Finals Game 5),Basketball,2026-06-13,"#3 KNICKS at #2 SPURS | NBA FINALS GAME 5 HIGHLIGHTS | June 13, 2026",mQPbdoRZYY8,https://www.youtube.com/watch?v=mQPbdoRZYY8,NBA,UCWJ2lWNubArHWmf3FIHbfcQ,Ugw05L50G-Gkbhi8PC54AaABAg,https://www.youtube.com/watch?v=mQPbdoRZYY8&lc=Ugw05L50G-Gkbhi8PC54AaABAg,Brunson has been underestimated all his life. Well deserved KING OF NEW YORK👑,@HI_Sus_Cat,,601,5
YT000718,New York Knicks vs San Antonio Spurs (2026 NBA Finals Game 5),Basketball,2026-06-13,"#3 KNICKS at #2 SPURS | NBA FINALS GAME 5 HIGHLIGHTS | June 13, 2026",mQPbdoRZYY8,https://www.youtube.com/watch?v=mQPbdoRZYY8,NBA,UCWJ2lWNubArHWmf3FIHbfcQ,UgzfIrI544EHD-y98nJ4AaABAg,https://www.youtube.com/watch?v=mQPbdoRZYY8&lc=UgzfIrI544EHD-y98nJ4AaABAg,"Brunson is unique. Has worked so hard for everything he has. Was told he wasnt this or that all along the way. Wins it all, wins MVP, took less money, took less money again, and becomes the most consistent clutch playoff performer in the NBA. He doesnt boast at all. Hes special man.",@Freedomfighter1994,,352,3
YT000719,New York Knicks vs San Antonio Spurs (2026 NBA Finals Game 5),Basketball,2026-06-13,"#3 KNICKS at #2 SPURS | NBA FINALS GAME 5 HIGHLIGHTS | June 13, 2026",mQPbdoRZYY8,https://www.youtube.com/watch?v=mQPbdoRZYY8,NBA,UCWJ2lWNubArHWmf3FIHbfcQ,Ugx4yCUDwR5sheGiKgx4AaABAg,https://www.youtube.com/watch?v=mQPbdoRZYY8&lc=Ugx4yCUDwR5sheGiKgx4AaABAg,I can’t believe out of all teams the Hawks were the only team that pushed the Knicks to 6 games,@JjErick-w3d,,5.4K,137
YT000720,New York Knicks vs San Antonio Spurs (2026 NBA Finals Game 5),Basketball,2026-06-13,"#3 KNICKS at #2 SPURS | NBA FINALS GAME 5 HIGHLIGHTS | June 13, 2026",mQPbdoRZYY8,https://www.youtube.com/watch?v=mQPbdoRZYY8,NBA,UCWJ2lWNubArHWmf3FIHbfcQ,Ugzy-iWoiY8FuPTga6F4AaABAg,https://www.youtube.com/watch?v=mQPbdoRZYY8&lc=Ugzy-iWoiY8FuPTga6F4AaABAg,He wins the NBA championship and then goes and shake hands and hugs the Spurs coach! That is good sportsmanship humility and integrity,@CassandraBennett1890,,126,2
YT000721,San Antonio Spurs vs New York Knicks (2026 NBA Finals Game 4),Basketball,2026-06-10,"#2 SPURS at #3 KNICKS | NBA FINALS GAME 4 HIGHLIGHTS | June 10, 2026",4WzuI2GntPc,https://www.youtube.com/watch?v=4WzuI2GntPc,NBA,UCWJ2lWNubArHWmf3FIHbfcQ,UgzhS8bItt-67_Jx_hF4AaABAg,https://www.youtube.com/watch?v=4WzuI2GntPc&lc=UgzhS8bItt-67_Jx_hF4AaABAg,Blowing a 29 point lead in the finals is literally generational.,@datsapaddlin,,24K,413
YT000722,San Antonio Spurs vs New York Knicks (2026 NBA Finals Game 4),Basketball,2026-06-10,"#2 SPURS at #3 KNICKS | NBA FINALS GAME 4 HIGHLIGHTS | June 10, 2026",4WzuI2GntPc,https://www.youtube.com/watch?v=4WzuI2GntPc,NBA,UCWJ2lWNubArHWmf3FIHbfcQ,UgzeH_If9RQNaNvgI6R4AaABAg,https://www.youtube.com/watch?v=4WzuI2GntPc&lc=UgzeH_If9RQNaNvgI6R4AaABAg,OG HIT THE BIGGEST SHOT IN KNICKS HISTORY,@renatoguzman2015,,19K,339
YT000723,San Antonio Spurs vs New York Knicks (2026 NBA Finals Game 4),Basketball,2026-06-10,"#2 SPURS at #3 KNICKS | NBA FINALS GAME 4 HIGHLIGHTS | June 10, 2026",4WzuI2GntPc,https://www.youtube.com/watch?v=4WzuI2GntPc,NBA,UCWJ2lWNubArHWmf3FIHbfcQ,Ugxg7Fotki3rwYdHGtx4AaABAg,https://www.youtube.com/watch?v=4WzuI2GntPc&lc=Ugxg7Fotki3rwYdHGtx4AaABAg,"He blocked the shot to keep it a one point game and got the tip in for the game winner, doing it on both ends in the clutch, hats off to og",@TopCornerCards,,7.1K,85
YT000724,San Antonio Spurs vs New York Knicks (2026 NBA Finals Game 4),Basketball,2026-06-10,"#2 SPURS at #3 KNICKS | NBA FINALS GAME 4 HIGHLIGHTS | June 10, 2026",4WzuI2GntPc,https://www.youtube.com/watch?v=4WzuI2GntPc,NBA,UCWJ2lWNubArHWmf3FIHbfcQ,UgyX4FsiisBUG4OuOdd4AaABAg,https://www.youtube.com/watch?v=4WzuI2GntPc&lc=UgyX4FsiisBUG4OuOdd4AaABAg,1 month later this still makes me tear up lmao I’ll never forget this day for the rest of my life,@zhrlyTV,,100,2
YT000725,San Antonio Spurs vs New York Knicks (2026 NBA Finals Game 4),Basketball,2026-06-10,"#2 SPURS at #3 KNICKS | NBA FINALS GAME 4 HIGHLIGHTS | June 10, 2026",4WzuI2GntPc,https://www.youtube.com/watch?v=4WzuI2GntPc,NBA,UCWJ2lWNubArHWmf3FIHbfcQ,Ugwl3mtglUVklSuznbt4AaABAg,https://www.youtube.com/watch?v=4WzuI2GntPc&lc=Ugwl3mtglUVklSuznbt4AaABAg,OG and Brunson are the safest people in NY rn 😭,@jtandwembycelticsfan,,10K,95
YT000726,San Antonio Spurs vs New York Knicks (2026 NBA Finals Game 4),Basketball,2026-06-10,"#2 SPURS at #3 KNICKS | NBA FINALS GAME 4 HIGHLIGHTS | June 10, 2026",4WzuI2GntPc,https://www.youtube.com/watch?v=4WzuI2GntPc,NBA,UCWJ2lWNubArHWmf3FIHbfcQ,Ugy79WPmQxMfKmLu0Pl4AaABAg,https://www.youtube.com/watch?v=4WzuI2GntPc&lc=Ugy79WPmQxMfKmLu0Pl4AaABAg,The power of friendship is very much alive for the knicks 😭,@Pick-n-Gob,,8K,30
YT000727,San Antonio Spurs vs New York Knicks (2026 NBA Finals Game 4),Basketball,2026-06-10,"#2 SPURS at #3 KNICKS | NBA FINALS GAME 4 HIGHLIGHTS | June 10, 2026",4WzuI2GntPc,https://www.youtube.com/watch?v=4WzuI2GntPc,NBA,UCWJ2lWNubArHWmf3FIHbfcQ,Ugwow_NKjTsI2mCKM7x4AaABAg,https://www.youtube.com/watch?v=4WzuI2GntPc&lc=Ugwow_NKjTsI2mCKM7x4AaABAg,"Nobody is putting respect on Alvarado's name, he was so clutch",@sriramganapathy7292,,4.2K,45
YT000728,San Antonio Spurs vs New York Knicks (2026 NBA Finals Game 4),Basketball,2026-06-10,"#2 SPURS at #3 KNICKS | NBA FINALS GAME 4 HIGHLIGHTS | June 10, 2026",4WzuI2GntPc,https://www.youtube.com/watch?v=4WzuI2GntPc,NBA,UCWJ2lWNubArHWmf3FIHbfcQ,UgwvkvDfJeREdh6m_1V4AaABAg,https://www.youtube.com/watch?v=4WzuI2GntPc&lc=UgwvkvDfJeREdh6m_1V4AaABAg,This deadass might be the greatest Game 4 in NBA History actually,@devo8616,,212,8
YT000729,San Antonio Spurs vs New York Knicks (2026 NBA Finals Game 4),Basketball,2026-06-10,"#2 SPURS at #3 KNICKS | NBA FINALS GAME 4 HIGHLIGHTS | June 10, 2026",4WzuI2GntPc,https://www.youtube.com/watch?v=4WzuI2GntPc,NBA,UCWJ2lWNubArHWmf3FIHbfcQ,UgzWONp_eun_C8k5u9R4AaABAg,https://www.youtube.com/watch?v=4WzuI2GntPc&lc=UgzWONp_eun_C8k5u9R4AaABAg,That man OG is a true professional. No emotion. No complaining. No trash talk. Straight nasty efficient buckets.,@Hoopculture24,,2K,16
YT000730,San Antonio Spurs vs New York Knicks (2026 NBA Finals Game 4),Basketball,2026-06-10,"#2 SPURS at #3 KNICKS | NBA FINALS GAME 4 HIGHLIGHTS | June 10, 2026",4WzuI2GntPc,https://www.youtube.com/watch?v=4WzuI2GntPc,NBA,UCWJ2lWNubArHWmf3FIHbfcQ,UgyQadUF8Zx4MKee4Hh4AaABAg,https://www.youtube.com/watch?v=4WzuI2GntPc&lc=UgyQadUF8Zx4MKee4Hh4AaABAg,OG hit one of the biggest shots in knicks history and didn’t even crack a smile,@J4CEEEE,,5.5K,120
YT000731,San Antonio Spurs vs New York Knicks (2026 NBA Finals Game 4),Basketball,2026-06-10,"#2 SPURS at #3 KNICKS | NBA FINALS GAME 4 HIGHLIGHTS | June 10, 2026",4WzuI2GntPc,https://www.youtube.com/watch?v=4WzuI2GntPc,NBA,UCWJ2lWNubArHWmf3FIHbfcQ,UgwRC-72PLtrRbLveXl4AaABAg,https://www.youtube.com/watch?v=4WzuI2GntPc&lc=UgwRC-72PLtrRbLveXl4AaABAg,This will teach me to never turn off a game at halftime again.,@measnick8,,1K,35
YT000732,San Antonio Spurs vs New York Knicks (2026 NBA Finals Game 4),Basketball,2026-06-10,"#2 SPURS at #3 KNICKS | NBA FINALS GAME 4 HIGHLIGHTS | June 10, 2026",4WzuI2GntPc,https://www.youtube.com/watch?v=4WzuI2GntPc,NBA,UCWJ2lWNubArHWmf3FIHbfcQ,Ugyoz-toDmjsBFzalHx4AaABAg,https://www.youtube.com/watch?v=4WzuI2GntPc&lc=Ugyoz-toDmjsBFzalHx4AaABAg,Mike brown did a masterclass in halftime adjustments. I'm not kidding. This game might singlehandedly put him into the hall of fame,@FBIStatMajor,,38,
YT000733,San Antonio Spurs vs New York Knicks (2026 NBA Finals Game 4),Basketball,2026-06-10,"#2 SPURS at #3 KNICKS | NBA FINALS GAME 4 HIGHLIGHTS | June 10, 2026",4WzuI2GntPc,https://www.youtube.com/watch?v=4WzuI2GntPc,NBA,UCWJ2lWNubArHWmf3FIHbfcQ,UgwYpDXkVsGpDoyWOAN4AaABAg,https://www.youtube.com/watch?v=4WzuI2GntPc&lc=UgwYpDXkVsGpDoyWOAN4AaABAg,"Coach Mike Brown trusting underdog Jose Alvarado is priceless. Great coach, trusting every player on the roster.",@expositiontvjm,,1.3K,31
YT000734,San Antonio Spurs vs New York Knicks (2026 NBA Finals Game 4),Basketball,2026-06-10,"#2 SPURS at #3 KNICKS | NBA FINALS GAME 4 HIGHLIGHTS | June 10, 2026",4WzuI2GntPc,https://www.youtube.com/watch?v=4WzuI2GntPc,NBA,UCWJ2lWNubArHWmf3FIHbfcQ,Ugz4KetQxCJ0a2M8zJh4AaABAg,https://www.youtube.com/watch?v=4WzuI2GntPc&lc=Ugz4KetQxCJ0a2M8zJh4AaABAg,"Knicks proving it's not how you start, it's how you finish.",@pedrorodrigueziii4859,,3.7K,33
YT000735,San Antonio Spurs vs New York Knicks (2026 NBA Finals Game 4),Basketball,2026-06-10,"#2 SPURS at #3 KNICKS | NBA FINALS GAME 4 HIGHLIGHTS | June 10, 2026",4WzuI2GntPc,https://www.youtube.com/watch?v=4WzuI2GntPc,NBA,UCWJ2lWNubArHWmf3FIHbfcQ,UgxouxF0xyujXO0zxKh4AaABAg,https://www.youtube.com/watch?v=4WzuI2GntPc&lc=UgxouxF0xyujXO0zxKh4AaABAg,"OG has that championship demeanor: cool, calm, collected.",@Take_aDeepBreath,,634,5
YT000736,San Antonio Spurs vs New York Knicks (2026 NBA Finals Game 4),Basketball,2026-06-10,"#2 SPURS at #3 KNICKS | NBA FINALS GAME 4 HIGHLIGHTS | June 10, 2026",4WzuI2GntPc,https://www.youtube.com/watch?v=4WzuI2GntPc,NBA,UCWJ2lWNubArHWmf3FIHbfcQ,Ugyts2T5NeB_0wSDupV4AaABAg,https://www.youtube.com/watch?v=4WzuI2GntPc&lc=Ugyts2T5NeB_0wSDupV4AaABAg,I gotta watch this every week now lol,@PermisoMMG,,9,
YT000737,New York Knicks vs San Antonio Spurs (2026 NBA Finals Game 2),Basketball,2026-06-05,"#3 KNICKS at #2 SPURS | NBA FINALS GAME 2 HIGHLIGHTS | June 5, 2026",yqoCezBgPdk,https://www.youtube.com/watch?v=yqoCezBgPdk,NBA,UCWJ2lWNubArHWmf3FIHbfcQ,UgysbMMAHxLd8xlX0cp4AaABAg,https://www.youtube.com/watch?v=yqoCezBgPdk&lc=UgysbMMAHxLd8xlX0cp4AaABAg,So beautiful to hear KAT’s relationship with his mom even when she’s not here anymore. He’s making her proud,@Natto_MakiMaki,,4.3K,40
YT000738,New York Knicks vs San Antonio Spurs (2026 NBA Finals Game 2),Basketball,2026-06-05,"#3 KNICKS at #2 SPURS | NBA FINALS GAME 2 HIGHLIGHTS | June 5, 2026",yqoCezBgPdk,https://www.youtube.com/watch?v=yqoCezBgPdk,NBA,UCWJ2lWNubArHWmf3FIHbfcQ,UgyX4GO0SLn5JePD_V54AaABAg,https://www.youtube.com/watch?v=yqoCezBgPdk&lc=UgyX4GO0SLn5JePD_V54AaABAg,The City of New York will never be the same after this series,@SSJRome,,8.4K,188
YT000739,New York Knicks vs San Antonio Spurs (2026 NBA Finals Game 2),Basketball,2026-06-05,"#3 KNICKS at #2 SPURS | NBA FINALS GAME 2 HIGHLIGHTS | June 5, 2026",yqoCezBgPdk,https://www.youtube.com/watch?v=yqoCezBgPdk,NBA,UCWJ2lWNubArHWmf3FIHbfcQ,UgyKEJ1BNm1asKMJO3h4AaABAg,https://www.youtube.com/watch?v=yqoCezBgPdk&lc=UgyKEJ1BNm1asKMJO3h4AaABAg,"the refs were so lopsided keeping the spurs in the game , and knicks still grind out the win , this knicks team show alot of heart",@kenken89k,,9.9K,428
YT000740,New York Knicks vs San Antonio Spurs (2026 NBA Finals Game 2),Basketball,2026-06-05,"#3 KNICKS at #2 SPURS | NBA FINALS GAME 2 HIGHLIGHTS | June 5, 2026",yqoCezBgPdk,https://www.youtube.com/watch?v=yqoCezBgPdk,NBA,UCWJ2lWNubArHWmf3FIHbfcQ,UgwYjLk2H7Ha3S_6kep4AaABAg,https://www.youtube.com/watch?v=yqoCezBgPdk&lc=UgwYjLk2H7Ha3S_6kep4AaABAg,The Spurs disrespected the Knicks in their intros again and and again they lost to the Knicks,@AmazingGuy13,,32,
YT000741,New York Knicks vs San Antonio Spurs (2026 NBA Finals Game 2),Basketball,2026-06-05,"#3 KNICKS at #2 SPURS | NBA FINALS GAME 2 HIGHLIGHTS | June 5, 2026",yqoCezBgPdk,https://www.youtube.com/watch?v=yqoCezBgPdk,NBA,UCWJ2lWNubArHWmf3FIHbfcQ,UgzyJkRB8lQc3l95qap4AaABAg,https://www.youtube.com/watch?v=yqoCezBgPdk&lc=UgzyJkRB8lQc3l95qap4AaABAg,Knicks at home is going to be insane,@Vayacondios808,,7.2K,99
YT000742,New York Knicks vs San Antonio Spurs (2026 NBA Finals Game 2),Basketball,2026-06-05,"#3 KNICKS at #2 SPURS | NBA FINALS GAME 2 HIGHLIGHTS | June 5, 2026",yqoCezBgPdk,https://www.youtube.com/watch?v=yqoCezBgPdk,NBA,UCWJ2lWNubArHWmf3FIHbfcQ,UgyFtnKqAMt6-MdW-gJ4AaABAg,https://www.youtube.com/watch?v=yqoCezBgPdk&lc=UgyFtnKqAMt6-MdW-gJ4AaABAg,Anunoby's total lack of being intimidated by Wembanyama sets the tone for the entire team.,@douglasgray1648,,3.1K,74
YT000743,New York Knicks vs San Antonio Spurs (2026 NBA Finals Game 2),Basketball,2026-06-05,"#3 KNICKS at #2 SPURS | NBA FINALS GAME 2 HIGHLIGHTS | June 5, 2026",yqoCezBgPdk,https://www.youtube.com/watch?v=yqoCezBgPdk,NBA,UCWJ2lWNubArHWmf3FIHbfcQ,UgzPorALxdkS5uVHCDh4AaABAg,https://www.youtube.com/watch?v=yqoCezBgPdk&lc=UgzPorALxdkS5uVHCDh4AaABAg,That 4th quarter had me on the edge of my seat. These finals are crazy!,@invernium1,,3.8K,53
YT000744,New York Knicks vs San Antonio Spurs (2026 NBA Finals Game 2),Basketball,2026-06-05,"#3 KNICKS at #2 SPURS | NBA FINALS GAME 2 HIGHLIGHTS | June 5, 2026",yqoCezBgPdk,https://www.youtube.com/watch?v=yqoCezBgPdk,NBA,UCWJ2lWNubArHWmf3FIHbfcQ,UgzRRHx6aBOG-xFGv694AaABAg,https://www.youtube.com/watch?v=yqoCezBgPdk&lc=UgzRRHx6aBOG-xFGv694AaABAg,Suddenly the Hawks losing the series to the Knicks 4-2 is a badge of honor,@rynolascavio3381,,357,8
YT000745,New York Knicks vs San Antonio Spurs (2026 NBA Finals Game 2),Basketball,2026-06-05,"#3 KNICKS at #2 SPURS | NBA FINALS GAME 2 HIGHLIGHTS | June 5, 2026",yqoCezBgPdk,https://www.youtube.com/watch?v=yqoCezBgPdk,NBA,UCWJ2lWNubArHWmf3FIHbfcQ,Ugyx9VWusnDEQhIVEGd4AaABAg,https://www.youtube.com/watch?v=yqoCezBgPdk&lc=Ugyx9VWusnDEQhIVEGd4AaABAg,"I will forever give mikal bridges his flowers for locking in this finals, he’s shooting nearly 60/40/90 in this playoff run. His trade looking pretty good rn.",@Mariama_Kane,,838,13
YT000746,New York Knicks vs San Antonio Spurs (2026 NBA Finals Game 2),Basketball,2026-06-05,"#3 KNICKS at #2 SPURS | NBA FINALS GAME 2 HIGHLIGHTS | June 5, 2026",yqoCezBgPdk,https://www.youtube.com/watch?v=yqoCezBgPdk,NBA,UCWJ2lWNubArHWmf3FIHbfcQ,Ugw1W6mlj0QBU4RCrF94AaABAg,https://www.youtube.com/watch?v=yqoCezBgPdk&lc=Ugw1W6mlj0QBU4RCrF94AaABAg,KAT been playing like a finals MVP,@Sonnel_James,,3.6K,83
YT000747,New York Knicks vs San Antonio Spurs (2026 NBA Finals Game 2),Basketball,2026-06-05,"#3 KNICKS at #2 SPURS | NBA FINALS GAME 2 HIGHLIGHTS | June 5, 2026",yqoCezBgPdk,https://www.youtube.com/watch?v=yqoCezBgPdk,NBA,UCWJ2lWNubArHWmf3FIHbfcQ,UgxnHPcm5WMbpSf_jO94AaABAg,https://www.youtube.com/watch?v=yqoCezBgPdk&lc=UgxnHPcm5WMbpSf_jO94AaABAg,The Knicks' coordination and teamwork is absolutely superb. Especially this game,@VTDrums75,,266,1
YT000748,New York Knicks vs San Antonio Spurs (2026 NBA Finals Game 2),Basketball,2026-06-05,"#3 KNICKS at #2 SPURS | NBA FINALS GAME 2 HIGHLIGHTS | June 5, 2026",yqoCezBgPdk,https://www.youtube.com/watch?v=yqoCezBgPdk,NBA,UCWJ2lWNubArHWmf3FIHbfcQ,UgwZynBvoQvJhsNb4Px4AaABAg,https://www.youtube.com/watch?v=yqoCezBgPdk&lc=UgwZynBvoQvJhsNb4Px4AaABAg,karl's comments at the end of the game are just wonderfully well put and indicative of how appreciative he is to be in the position he is in,@samtenenbaum1259,,180,1
YT000749,New York Knicks vs San Antonio Spurs (2026 NBA Finals Game 2),Basketball,2026-06-05,"#3 KNICKS at #2 SPURS | NBA FINALS GAME 2 HIGHLIGHTS | June 5, 2026",yqoCezBgPdk,https://www.youtube.com/watch?v=yqoCezBgPdk,NBA,UCWJ2lWNubArHWmf3FIHbfcQ,UgxalznRJtk8lLCe9Al4AaABAg,https://www.youtube.com/watch?v=yqoCezBgPdk&lc=UgxalznRJtk8lLCe9Al4AaABAg,It's crazy that the crowd was cheering almost as loud for the Knicks. New Yorkers are dedicated holy,@TobiDaJoker,,590,18
YT000750,New York Knicks vs San Antonio Spurs (2026 NBA Finals Game 2),Basketball,2026-06-05,"#3 KNICKS at #2 SPURS | NBA FINALS GAME 2 HIGHLIGHTS | June 5, 2026",yqoCezBgPdk,https://www.youtube.com/watch?v=yqoCezBgPdk,NBA,UCWJ2lWNubArHWmf3FIHbfcQ,UgxNchxkYuDhIEQKiGV4AaABAg,https://www.youtube.com/watch?v=yqoCezBgPdk&lc=UgxNchxkYuDhIEQKiGV4AaABAg,"When it comes to 22 year old Wemby, KAT you are the father.",@TheOnlyRealOneOnline,,1.7K,72
YT000751,New York Knicks vs San Antonio Spurs (2026 NBA Finals Game 2),Basketball,2026-06-05,"#3 KNICKS at #2 SPURS | NBA FINALS GAME 2 HIGHLIGHTS | June 5, 2026",yqoCezBgPdk,https://www.youtube.com/watch?v=yqoCezBgPdk,NBA,UCWJ2lWNubArHWmf3FIHbfcQ,UgxSWQcdygLJy2uu6tx4AaABAg,https://www.youtube.com/watch?v=yqoCezBgPdk&lc=UgxSWQcdygLJy2uu6tx4AaABAg,"Without a doubt Landry Shamet is the most underrated player in this series, a great win for the Knicks.",@YouTuberAFam,,727,15
YT000752,New York Knicks vs San Antonio Spurs (2026 NBA Finals Game 2),Basketball,2026-06-05,"#3 KNICKS at #2 SPURS | NBA FINALS GAME 2 HIGHLIGHTS | June 5, 2026",yqoCezBgPdk,https://www.youtube.com/watch?v=yqoCezBgPdk,NBA,UCWJ2lWNubArHWmf3FIHbfcQ,UgwrUw_5vY3CsHCf6WN4AaABAg,https://www.youtube.com/watch?v=yqoCezBgPdk&lc=UgwrUw_5vY3CsHCf6WN4AaABAg,Coach Mike Brown is a smart man. Good to see him again in the final.,@BennyArgya,,340,4
YT000753,USA vs Spain (2026 FIBA Women’s Basketball World Cup Semifinal),Basketball,2026-09-12,"USA vs Spain 🔥 FULL SEMI-FINALS HIGHLIGHTS | September 12, 2026 FIBA Women's World Cup",2laQM7vCgxA,https://www.youtube.com/watch?v=2laQM7vCgxA,House of Highlights,UCqQo7ewe87aYAe7ub5UqXMw,UgzCPMKG6Eou9snZQZp4AaABAg,https://www.youtube.com/watch?v=2laQM7vCgxA&lc=UgzCPMKG6Eou9snZQZp4AaABAg,"Lol. Looking at these comments, you'd think USA lost 😂",@tinashejerry8010,,61,2
YT000754,USA vs Spain (2026 FIBA Women’s Basketball World Cup Semifinal),Basketball,2026-09-12,"USA vs Spain 🔥 FULL SEMI-FINALS HIGHLIGHTS | September 12, 2026 FIBA Women's World Cup",2laQM7vCgxA,https://www.youtube.com/watch?v=2laQM7vCgxA,House of Highlights,UCqQo7ewe87aYAe7ub5UqXMw,UgxXFPjsrdQwaRPLMx54AaABAg,https://www.youtube.com/watch?v=2laQM7vCgxA&lc=UgxXFPjsrdQwaRPLMx54AaABAg,that point guard from Spain is nice,@BreezyScopeProductions,,325,17
YT000755,USA vs Spain (2026 FIBA Women’s Basketball World Cup Semifinal),Basketball,2026-09-12,"USA vs Spain 🔥 FULL SEMI-FINALS HIGHLIGHTS | September 12, 2026 FIBA Women's World Cup",2laQM7vCgxA,https://www.youtube.com/watch?v=2laQM7vCgxA,House of Highlights,UCqQo7ewe87aYAe7ub5UqXMw,UgwaywFeiTGxO3h821V4AaABAg,https://www.youtube.com/watch?v=2laQM7vCgxA&lc=UgwaywFeiTGxO3h821V4AaABAg,That Martin chick is badass 🔥,@delsergio7658,,147,5
YT000756,USA vs Spain (2026 FIBA Women’s Basketball World Cup Semifinal),Basketball,2026-09-12,"USA vs Spain 🔥 FULL SEMI-FINALS HIGHLIGHTS | September 12, 2026 FIBA Women's World Cup",2laQM7vCgxA,https://www.youtube.com/watch?v=2laQM7vCgxA,House of Highlights,UCqQo7ewe87aYAe7ub5UqXMw,UgycyABvxyf1GCNyd794AaABAg,https://www.youtube.com/watch?v=2laQM7vCgxA&lc=UgycyABvxyf1GCNyd794AaABAg,Spain is a tough talented team and they're good on offense and defense.,@danieljorge746,,314,12
YT000757,USA vs Spain (2026 FIBA Women’s Basketball World Cup Semifinal),Basketball,2026-09-12,"USA vs Spain 🔥 FULL SEMI-FINALS HIGHLIGHTS | September 12, 2026 FIBA Women's World Cup",2laQM7vCgxA,https://www.youtube.com/watch?v=2laQM7vCgxA,House of Highlights,UCqQo7ewe87aYAe7ub5UqXMw,UgxuIJCi4QnjiFj7ZAJ4AaABAg,https://www.youtube.com/watch?v=2laQM7vCgxA&lc=UgxuIJCi4QnjiFj7ZAJ4AaABAg,"It's not how you start, it's how you finish. 💪",@Fairley_13,,82,6
YT000758,USA vs Spain (2026 FIBA Women’s Basketball World Cup Semifinal),Basketball,2026-09-12,"USA vs Spain 🔥 FULL SEMI-FINALS HIGHLIGHTS | September 12, 2026 FIBA Women's World Cup",2laQM7vCgxA,https://www.youtube.com/watch?v=2laQM7vCgxA,House of Highlights,UCqQo7ewe87aYAe7ub5UqXMw,UgysUm_1IUijm7um_Ix4AaABAg,https://www.youtube.com/watch?v=2laQM7vCgxA&lc=UgysUm_1IUijm7um_Ix4AaABAg,Yoooo this Spain team was tough,@ryanbrooks8695,,98,7
YT000759,USA vs Spain (2026 FIBA Women’s Basketball World Cup Semifinal),Basketball,2026-09-12,"USA vs Spain 🔥 FULL SEMI-FINALS HIGHLIGHTS | September 12, 2026 FIBA Women's World Cup",2laQM7vCgxA,https://www.youtube.com/watch?v=2laQM7vCgxA,House of Highlights,UCqQo7ewe87aYAe7ub5UqXMw,UgxF6QYL93uK8ifpopd4AaABAg,https://www.youtube.com/watch?v=2laQM7vCgxA&lc=UgxF6QYL93uK8ifpopd4AaABAg,It’s crazy how Copper and Young absolutely refuse to pass the ball to Caitlin,@Choppax87,,549,221
YT000760,USA vs Spain (2026 FIBA Women’s Basketball World Cup Semifinal),Basketball,2026-09-12,"USA vs Spain 🔥 FULL SEMI-FINALS HIGHLIGHTS | September 12, 2026 FIBA Women's World Cup",2laQM7vCgxA,https://www.youtube.com/watch?v=2laQM7vCgxA,House of Highlights,UCqQo7ewe87aYAe7ub5UqXMw,UgzlUt0gtyybSx2vanV4AaABAg,https://www.youtube.com/watch?v=2laQM7vCgxA&lc=UgzlUt0gtyybSx2vanV4AaABAg,Good job Spain 🇪🇸 great match up,@Seven.Sevven.Sevn777,,77,
YT000761,USA vs Spain (2026 FIBA Women’s Basketball World Cup Semifinal),Basketball,2026-09-12,"USA vs Spain 🔥 FULL SEMI-FINALS HIGHLIGHTS | September 12, 2026 FIBA Women's World Cup",2laQM7vCgxA,https://www.youtube.com/watch?v=2laQM7vCgxA,House of Highlights,UCqQo7ewe87aYAe7ub5UqXMw,UgzNwho6or-8buHBQNF4AaABAg,https://www.youtube.com/watch?v=2laQM7vCgxA&lc=UgzNwho6or-8buHBQNF4AaABAg,"Every time you hold onto a legacy player out of pure loyalty, you aren't just honoring the past; you are actively suffocating the future of a kid who earned their shot.",@marjaisa60,,1,
YT000762,USA vs Spain (2026 FIBA Women’s Basketball World Cup Semifinal),Basketball,2026-09-12,"USA vs Spain 🔥 FULL SEMI-FINALS HIGHLIGHTS | September 12, 2026 FIBA Women's World Cup",2laQM7vCgxA,https://www.youtube.com/watch?v=2laQM7vCgxA,House of Highlights,UCqQo7ewe87aYAe7ub5UqXMw,UgwgMdckH42oGPlJTQF4AaABAg,https://www.youtube.com/watch?v=2laQM7vCgxA&lc=UgwgMdckH42oGPlJTQF4AaABAg,"I have to admit it, Spain is good.",@thebricenovarietyshow,,225,35
YT000763,USA vs Spain (2026 FIBA Women’s Basketball World Cup Semifinal),Basketball,2026-09-12,"USA vs Spain 🔥 FULL SEMI-FINALS HIGHLIGHTS | September 12, 2026 FIBA Women's World Cup",2laQM7vCgxA,https://www.youtube.com/watch?v=2laQM7vCgxA,House of Highlights,UCqQo7ewe87aYAe7ub5UqXMw,UgwPm_o3f5MX1VcC-Sd4AaABAg,https://www.youtube.com/watch?v=2laQM7vCgxA&lc=UgwPm_o3f5MX1VcC-Sd4AaABAg,"The problem is that there’s not enough team chemistry. Too many players seem focused on proving themselves instead of playing for each other. They need more time together to build trust, chemistry, and a real team system.",@halimahabuhashesh,,350,90
YT000764,USA vs Spain (2026 FIBA Women’s Basketball World Cup Semifinal),Basketball,2026-09-12,"USA vs Spain 🔥 FULL SEMI-FINALS HIGHLIGHTS | September 12, 2026 FIBA Women's World Cup",2laQM7vCgxA,https://www.youtube.com/watch?v=2laQM7vCgxA,House of Highlights,UCqQo7ewe87aYAe7ub5UqXMw,UgyRGQ3Toxoxc0Ii44p4AaABAg,https://www.youtube.com/watch?v=2laQM7vCgxA&lc=UgyRGQ3Toxoxc0Ii44p4AaABAg,"Part of me wished Spain would have won. They played one heck of a game. Texas is larger than Spain, yet Spain has put together a team that is very competitive with the U.S. team.",@davidfrey5654,,4,1
YT000765,USA vs Spain (2026 FIBA Women’s Basketball World Cup Semifinal),Basketball,2026-09-12,"USA vs Spain 🔥 FULL SEMI-FINALS HIGHLIGHTS | September 12, 2026 FIBA Women's World Cup",2laQM7vCgxA,https://www.youtube.com/watch?v=2laQM7vCgxA,House of Highlights,UCqQo7ewe87aYAe7ub5UqXMw,UgzOBuRxlLHQLmj33uh4AaABAg,https://www.youtube.com/watch?v=2laQM7vCgxA&lc=UgzOBuRxlLHQLmj33uh4AaABAg,Bien hecho chicas!. Muy orgulloso de este equipo de España,@mojosilantro1976,,29,3
YT000766,USA vs Spain (2026 FIBA Women’s Basketball World Cup Semifinal),Basketball,2026-09-12,"USA vs Spain 🔥 FULL SEMI-FINALS HIGHLIGHTS | September 12, 2026 FIBA Women's World Cup",2laQM7vCgxA,https://www.youtube.com/watch?v=2laQM7vCgxA,House of Highlights,UCqQo7ewe87aYAe7ub5UqXMw,Ugx6O6A-I7hmsh0ahgh4AaABAg,https://www.youtube.com/watch?v=2laQM7vCgxA&lc=Ugx6O6A-I7hmsh0ahgh4AaABAg,Clark and Reese look good playing together could you imagine them on the same team unstoppable!!!!!,@JohnHammack-r9j4u,,24,4
YT000767,USA vs Spain (2026 FIBA Women’s Basketball World Cup Semifinal),Basketball,2026-09-12,"USA vs Spain 🔥 FULL SEMI-FINALS HIGHLIGHTS | September 12, 2026 FIBA Women's World Cup",2laQM7vCgxA,https://www.youtube.com/watch?v=2laQM7vCgxA,House of Highlights,UCqQo7ewe87aYAe7ub5UqXMw,UgxRD9gOE51mq62nrHd4AaABAg,https://www.youtube.com/watch?v=2laQM7vCgxA&lc=UgxRD9gOE51mq62nrHd4AaABAg,"3:52 How was this not called for travelling?!  3 steps easily seen after dribbling, possibly 4.",@paularized1,,14,2
YT000768,USA vs Spain (2026 FIBA Women’s Basketball World Cup Semifinal),Basketball,2026-09-12,"USA vs Spain 🔥 FULL SEMI-FINALS HIGHLIGHTS | September 12, 2026 FIBA Women's World Cup",2laQM7vCgxA,https://www.youtube.com/watch?v=2laQM7vCgxA,House of Highlights,UCqQo7ewe87aYAe7ub5UqXMw,UgztP4TJzJ-B9reaSPp4AaABAg,https://www.youtube.com/watch?v=2laQM7vCgxA&lc=UgztP4TJzJ-B9reaSPp4AaABAg,"Why in the hell was Boston, Stewart and other bigs on the perimeter the whole game? They should be down low rebounding and banging in the paint. No wonder Spain lit us up- there's literally no defense or rebounding down low.",@georgekelly5338,,17,5
YT000769,USA vs France (2026 FIBA Women’s Basketball World Cup Final),Basketball,2026-09-13,USA vs France - GOLD MEDAL GAME 🏆 FULL HIGHLIGHTS | 2026 FIBA Women's Basketball World Cup,kKOpce4l9zA,https://www.youtube.com/watch?v=kKOpce4l9zA,House of Highlights,UCqQo7ewe87aYAe7ub5UqXMw,UgxQq-hcltJHrJI4SM54AaABAg,https://www.youtube.com/watch?v=kKOpce4l9zA&lc=UgxQq-hcltJHrJI4SM54AaABAg,"Angel Reese’s timely defense, and CC’s three to end the half was just the momentum we needed. But Stewie and Jackie Young went off the whole game!! Well deserved gold medal 🇺🇸🥇❤️",@HallofGame503,,903,91
YT000770,USA vs France (2026 FIBA Women’s Basketball World Cup Final),Basketball,2026-09-13,USA vs France - GOLD MEDAL GAME 🏆 FULL HIGHLIGHTS | 2026 FIBA Women's Basketball World Cup,kKOpce4l9zA,https://www.youtube.com/watch?v=kKOpce4l9zA,House of Highlights,UCqQo7ewe87aYAe7ub5UqXMw,Ugy7s98z8Mrb38ZXX6R4AaABAg,https://www.youtube.com/watch?v=kKOpce4l9zA&lc=Ugy7s98z8Mrb38ZXX6R4AaABAg,"Honestly, Reese and Clark were a wrecking ball all tournament. They play incredibly well together.",@donaldpratt2296,,617,78
YT000771,USA vs France (2026 FIBA Women’s Basketball World Cup Final),Basketball,2026-09-13,USA vs France - GOLD MEDAL GAME 🏆 FULL HIGHLIGHTS | 2026 FIBA Women's Basketball World Cup,kKOpce4l9zA,https://www.youtube.com/watch?v=kKOpce4l9zA,House of Highlights,UCqQo7ewe87aYAe7ub5UqXMw,UgzxmztzvlsT9OORzU14AaABAg,https://www.youtube.com/watch?v=kKOpce4l9zA&lc=UgzxmztzvlsT9OORzU14AaABAg,"Stewie has never lost an NCAA tournament, Olympics or World Cup game. Definition of a winner. 💪",@GeorgiZhukov33,,416,18
YT000772,USA vs France (2026 FIBA Women’s Basketball World Cup Final),Basketball,2026-09-13,USA vs France - GOLD MEDAL GAME 🏆 FULL HIGHLIGHTS | 2026 FIBA Women's Basketball World Cup,kKOpce4l9zA,https://www.youtube.com/watch?v=kKOpce4l9zA,House of Highlights,UCqQo7ewe87aYAe7ub5UqXMw,UgwiHifAY2LzL4zxODh4AaABAg,https://www.youtube.com/watch?v=kKOpce4l9zA&lc=UgwiHifAY2LzL4zxODh4AaABAg,props to France they have a strong team and had a great tourney!,@kevinmeyer6427,,101,5
YT000773,USA vs France (2026 FIBA Women’s Basketball World Cup Final),Basketball,2026-09-13,USA vs France - GOLD MEDAL GAME 🏆 FULL HIGHLIGHTS | 2026 FIBA Women's Basketball World Cup,kKOpce4l9zA,https://www.youtube.com/watch?v=kKOpce4l9zA,House of Highlights,UCqQo7ewe87aYAe7ub5UqXMw,UgxeogrprsahMlgOtop4AaABAg,https://www.youtube.com/watch?v=kKOpce4l9zA&lc=UgxeogrprsahMlgOtop4AaABAg,"I don't watch much women's bball, so I was blown away by the shooting.  They never miss!",@frankberger3507,,10,1
YT000774,USA vs France (2026 FIBA Women’s Basketball World Cup Final),Basketball,2026-09-13,USA vs France - GOLD MEDAL GAME 🏆 FULL HIGHLIGHTS | 2026 FIBA Women's Basketball World Cup,kKOpce4l9zA,https://www.youtube.com/watch?v=kKOpce4l9zA,House of Highlights,UCqQo7ewe87aYAe7ub5UqXMw,Ugx78wu80OElz_JClcJ4AaABAg,https://www.youtube.com/watch?v=kKOpce4l9zA&lc=Ugx78wu80OElz_JClcJ4AaABAg,"Once again, thank you Stewie & Jackie! Chelsea showed she's always been a clutch player and Angel...that one defensive possession just before the 1st half ended, changed the whole tide of the game.",@KH-sn2sj,,35,2
YT000775,USA vs France (2026 FIBA Women’s Basketball World Cup Final),Basketball,2026-09-13,USA vs France - GOLD MEDAL GAME 🏆 FULL HIGHLIGHTS | 2026 FIBA Women's Basketball World Cup,kKOpce4l9zA,https://www.youtube.com/watch?v=kKOpce4l9zA,House of Highlights,UCqQo7ewe87aYAe7ub5UqXMw,Ugy5tlZXrQl1BF3B5NR4AaABAg,https://www.youtube.com/watch?v=kKOpce4l9zA&lc=Ugy5tlZXrQl1BF3B5NR4AaABAg,Stewie was amazing in both scoring and rebounding a solid Double Double,@jiaz00,,543,39
YT000776,USA vs France (2026 FIBA Women’s Basketball World Cup Final),Basketball,2026-09-13,USA vs France - GOLD MEDAL GAME 🏆 FULL HIGHLIGHTS | 2026 FIBA Women's Basketball World Cup,kKOpce4l9zA,https://www.youtube.com/watch?v=kKOpce4l9zA,House of Highlights,UCqQo7ewe87aYAe7ub5UqXMw,UgzfV9ZZYSZFrudIQfh4AaABAg,https://www.youtube.com/watch?v=kKOpce4l9zA&lc=UgzfV9ZZYSZFrudIQfh4AaABAg,Deep bench is the Factor for USA.,@ThePatGoGo,,23,
YT000777,USA vs France (2026 FIBA Women’s Basketball World Cup Final),Basketball,2026-09-13,USA vs France - GOLD MEDAL GAME 🏆 FULL HIGHLIGHTS | 2026 FIBA Women's Basketball World Cup,kKOpce4l9zA,https://www.youtube.com/watch?v=kKOpce4l9zA,House of Highlights,UCqQo7ewe87aYAe7ub5UqXMw,UgzzeWtQYeO5E17ksOB4AaABAg,https://www.youtube.com/watch?v=kKOpce4l9zA&lc=UgzzeWtQYeO5E17ksOB4AaABAg,Clark hitting that clutch 3-pointer gave a huge boost to Team USA and shifted the momentum that lead to them playing team basketball to win.,@ringwraiths7281,,12,2
YT000778,USA vs France (2026 FIBA Women’s Basketball World Cup Final),Basketball,2026-09-13,USA vs France - GOLD MEDAL GAME 🏆 FULL HIGHLIGHTS | 2026 FIBA Women's Basketball World Cup,kKOpce4l9zA,https://www.youtube.com/watch?v=kKOpce4l9zA,House of Highlights,UCqQo7ewe87aYAe7ub5UqXMw,UgxKEZHOxO9y8AY_6Tx4AaABAg,https://www.youtube.com/watch?v=kKOpce4l9zA&lc=UgxKEZHOxO9y8AY_6Tx4AaABAg,"Brianna Stewart reminds me of Rasheed Wallace.

The ability to stretch the court scoring from all levels and passing like a PG is truly astonishing.",@Wes_3,,85,6
YT000779,USA vs France (2026 FIBA Women’s Basketball World Cup Final),Basketball,2026-09-13,USA vs France - GOLD MEDAL GAME 🏆 FULL HIGHLIGHTS | 2026 FIBA Women's Basketball World Cup,kKOpce4l9zA,https://www.youtube.com/watch?v=kKOpce4l9zA,House of Highlights,UCqQo7ewe87aYAe7ub5UqXMw,UgzH8aTlPRfc0tZIndZ4AaABAg,https://www.youtube.com/watch?v=kKOpce4l9zA&lc=UgzH8aTlPRfc0tZIndZ4AaABAg,Happy to see USA team in good vibes all together.,@PR-pi1kr,,21,
YT000780,USA vs France (2026 FIBA Women’s Basketball World Cup Final),Basketball,2026-09-13,USA vs France - GOLD MEDAL GAME 🏆 FULL HIGHLIGHTS | 2026 FIBA Women's Basketball World Cup,kKOpce4l9zA,https://www.youtube.com/watch?v=kKOpce4l9zA,House of Highlights,UCqQo7ewe87aYAe7ub5UqXMw,UgzsspAvnY9LFEiw-4R4AaABAg,https://www.youtube.com/watch?v=kKOpce4l9zA&lc=UgzsspAvnY9LFEiw-4R4AaABAg,Loved seeing CC and Reese sitting & standing next to each other often throughout this tournament.,@The__Gent,,159,15
YT000781,USA vs France (2026 FIBA Women’s Basketball World Cup Final),Basketball,2026-09-13,USA vs France - GOLD MEDAL GAME 🏆 FULL HIGHLIGHTS | 2026 FIBA Women's Basketball World Cup,kKOpce4l9zA,https://www.youtube.com/watch?v=kKOpce4l9zA,House of Highlights,UCqQo7ewe87aYAe7ub5UqXMw,UgxWSbt3hjo4Fcq0aeF4AaABAg,https://www.youtube.com/watch?v=kKOpce4l9zA&lc=UgxWSbt3hjo4Fcq0aeF4AaABAg,Stewie was the MVP of this tournament. Great leadership.,@lorrainegonzales9610,,513,57
YT000782,USA vs France (2026 FIBA Women’s Basketball World Cup Final),Basketball,2026-09-13,USA vs France - GOLD MEDAL GAME 🏆 FULL HIGHLIGHTS | 2026 FIBA Women's Basketball World Cup,kKOpce4l9zA,https://www.youtube.com/watch?v=kKOpce4l9zA,House of Highlights,UCqQo7ewe87aYAe7ub5UqXMw,UgwyN7Ptq-WN6BUmB1t4AaABAg,https://www.youtube.com/watch?v=kKOpce4l9zA&lc=UgwyN7Ptq-WN6BUmB1t4AaABAg,"Stewart, Gray and Young out there showcasing the world why they're clutch 💯🇺🇲",@rickygilbert7204,,24,
YT000783,USA vs France (2026 FIBA Women’s Basketball World Cup Final),Basketball,2026-09-13,USA vs France - GOLD MEDAL GAME 🏆 FULL HIGHLIGHTS | 2026 FIBA Women's Basketball World Cup,kKOpce4l9zA,https://www.youtube.com/watch?v=kKOpce4l9zA,House of Highlights,UCqQo7ewe87aYAe7ub5UqXMw,UgxcivkNpQoMrfSoWmR4AaABAg,https://www.youtube.com/watch?v=kKOpce4l9zA&lc=UgxcivkNpQoMrfSoWmR4AaABAg,Way to go ladies! USA stepped up their gm today! High quality.,@videos-gl2qq,,112,2
YT000784,USA vs France (2026 FIBA Women’s Basketball World Cup Final),Basketball,2026-09-13,USA vs France - GOLD MEDAL GAME 🏆 FULL HIGHLIGHTS | 2026 FIBA Women's Basketball World Cup,kKOpce4l9zA,https://www.youtube.com/watch?v=kKOpce4l9zA,House of Highlights,UCqQo7ewe87aYAe7ub5UqXMw,UgzDiurtPRC3GM-CfB54AaABAg,https://www.youtube.com/watch?v=kKOpce4l9zA&lc=UgzDiurtPRC3GM-CfB54AaABAg,France only scored 12 points in the 3rd quarter Team USA dominated the rest of the game,@MakaveliTheDon9625,,264,9
YT000785,USA vs China (2026 FIBA Women’s Basketball World Cup),Basketball,,USA 🇺🇸 v China 🇨🇳 | Extended Highlights | FIBA Women's Basketball World Cup 2026,HUY3UfXXcN8,https://www.youtube.com/watch?v=HUY3UfXXcN8,FIBA Basketball,UCtInrnU3QbWqFGsdKT1GZtg,UgydXJTOGNpYG1yVeUN4AaABAg,https://www.youtube.com/watch?v=HUY3UfXXcN8&lc=UgydXJTOGNpYG1yVeUN4AaABAg,"Let the other team think they have a chance, and then BOOM, the world's greatest bench blows the game open",@TJ-et8sw,,73,
YT000786,USA vs China (2026 FIBA Women’s Basketball World Cup),Basketball,,USA 🇺🇸 v China 🇨🇳 | Extended Highlights | FIBA Women's Basketball World Cup 2026,HUY3UfXXcN8,https://www.youtube.com/watch?v=HUY3UfXXcN8,FIBA Basketball,UCtInrnU3QbWqFGsdKT1GZtg,Ugz-xjv91faxenwQhEh4AaABAg,https://www.youtube.com/watch?v=HUY3UfXXcN8&lc=Ugz-xjv91faxenwQhEh4AaABAg,They’re excellent 🎉🎉🎉❤❤❤🫡🫡🫡! Clark is so good 😊… Their opponent was very resilient 👏🏽👏🏽,@azariahjaber8187,,3,
YT000787,USA vs China (2026 FIBA Women’s Basketball World Cup),Basketball,,USA 🇺🇸 v China 🇨🇳 | Extended Highlights | FIBA Women's Basketball World Cup 2026,HUY3UfXXcN8,https://www.youtube.com/watch?v=HUY3UfXXcN8,FIBA Basketball,UCtInrnU3QbWqFGsdKT1GZtg,UgyJFBhNSw52jlRUd6N4AaABAg,https://www.youtube.com/watch?v=HUY3UfXXcN8&lc=UgyJFBhNSw52jlRUd6N4AaABAg,Thank you!!,@EMCarnahan,,5,
YT000788,USA vs China (2026 FIBA Women’s Basketball World Cup),Basketball,,USA 🇺🇸 v China 🇨🇳 | Extended Highlights | FIBA Women's Basketball World Cup 2026,HUY3UfXXcN8,https://www.youtube.com/watch?v=HUY3UfXXcN8,FIBA Basketball,UCtInrnU3QbWqFGsdKT1GZtg,UgwVXsPaUUu8tAYFf5h4AaABAg,https://www.youtube.com/watch?v=HUY3UfXXcN8&lc=UgwVXsPaUUu8tAYFf5h4AaABAg,Paige's midranges shots was just pure art. Reminds me of Klay Thompson,@johnrex8118,,23,
YT000789,USA vs China (2026 FIBA Women’s Basketball World Cup),Basketball,,USA 🇺🇸 v China 🇨🇳 | Extended Highlights | FIBA Women's Basketball World Cup 2026,HUY3UfXXcN8,https://www.youtube.com/watch?v=HUY3UfXXcN8,FIBA Basketball,UCtInrnU3QbWqFGsdKT1GZtg,Ugz1NBrUMCRhFV242zl4AaABAg,https://www.youtube.com/watch?v=HUY3UfXXcN8&lc=Ugz1NBrUMCRhFV242zl4AaABAg,Congratulation USA 👉♥️🇮🇩🏀🤝,@AerwanAhmad996,,63,
YT000790,USA vs China (2026 FIBA Women’s Basketball World Cup),Basketball,,USA 🇺🇸 v China 🇨🇳 | Extended Highlights | FIBA Women's Basketball World Cup 2026,HUY3UfXXcN8,https://www.youtube.com/watch?v=HUY3UfXXcN8,FIBA Basketball,UCtInrnU3QbWqFGsdKT1GZtg,UgySQVupLbyk3y60z454AaABAg,https://www.youtube.com/watch?v=HUY3UfXXcN8&lc=UgySQVupLbyk3y60z454AaABAg,"our tall center barely touches the ball, transition too fast.",@波邓-o9d,,11,
YT000791,USA vs China (2026 FIBA Women’s Basketball World Cup),Basketball,,USA 🇺🇸 v China 🇨🇳 | Extended Highlights | FIBA Women's Basketball World Cup 2026,HUY3UfXXcN8,https://www.youtube.com/watch?v=HUY3UfXXcN8,FIBA Basketball,UCtInrnU3QbWqFGsdKT1GZtg,Ugz4GawCFUUFPaCdG9N4AaABAg,https://www.youtube.com/watch?v=HUY3UfXXcN8&lc=Ugz4GawCFUUFPaCdG9N4AaABAg,Our girls did their best. Have to admit the American team is still the best in the women basketball sport.,@tl2245,,106,4
YT000792,USA vs China (2026 FIBA Women’s Basketball World Cup),Basketball,,USA 🇺🇸 v China 🇨🇳 | Extended Highlights | FIBA Women's Basketball World Cup 2026,HUY3UfXXcN8,https://www.youtube.com/watch?v=HUY3UfXXcN8,FIBA Basketball,UCtInrnU3QbWqFGsdKT1GZtg,Ugz-bd9SEvN2he0UNSx4AaABAg,https://www.youtube.com/watch?v=HUY3UfXXcN8&lc=Ugz-bd9SEvN2he0UNSx4AaABAg,와...미국 넘사다..,@썬크림발랐니,,58,
YT000793,USA vs China (2026 FIBA Women’s Basketball World Cup),Basketball,,USA 🇺🇸 v China 🇨🇳 | Extended Highlights | FIBA Women's Basketball World Cup 2026,HUY3UfXXcN8,https://www.youtube.com/watch?v=HUY3UfXXcN8,FIBA Basketball,UCtInrnU3QbWqFGsdKT1GZtg,Ugw7qBPl7yHM__4sBjF4AaABAg,https://www.youtube.com/watch?v=HUY3UfXXcN8&lc=Ugw7qBPl7yHM__4sBjF4AaABAg,🇺🇸🥇🏆,@BSKTBLLR,,7,
YT000794,USA vs China (2026 FIBA Women’s Basketball World Cup),Basketball,,USA 🇺🇸 v China 🇨🇳 | Extended Highlights | FIBA Women's Basketball World Cup 2026,HUY3UfXXcN8,https://www.youtube.com/watch?v=HUY3UfXXcN8,FIBA Basketball,UCtInrnU3QbWqFGsdKT1GZtg,UgwqsFDcdJe0Jcc0e8N4AaABAg,https://www.youtube.com/watch?v=HUY3UfXXcN8&lc=UgwqsFDcdJe0Jcc0e8N4AaABAg,USA Womens Basketball is Number 1,@LakbayniMarco1999,,7,
YT000795,USA vs China (2026 FIBA Women’s Basketball World Cup),Basketball,,USA 🇺🇸 v China 🇨🇳 | Extended Highlights | FIBA Women's Basketball World Cup 2026,HUY3UfXXcN8,https://www.youtube.com/watch?v=HUY3UfXXcN8,FIBA Basketball,UCtInrnU3QbWqFGsdKT1GZtg,Ugx8BQW3qZCAAkTIsH94AaABAg,https://www.youtube.com/watch?v=HUY3UfXXcN8&lc=Ugx8BQW3qZCAAkTIsH94AaABAg,高 快 准 还体力好，打不赢啊! 中锋折返跑……,@波邓-o9d,,8,
YT000796,USA vs China (2026 FIBA Women’s Basketball World Cup),Basketball,,USA 🇺🇸 v China 🇨🇳 | Extended Highlights | FIBA Women's Basketball World Cup 2026,HUY3UfXXcN8,https://www.youtube.com/watch?v=HUY3UfXXcN8,FIBA Basketball,UCtInrnU3QbWqFGsdKT1GZtg,Ugx7HPtDCxB8mLLdcnZ4AaABAg,https://www.youtube.com/watch?v=HUY3UfXXcN8&lc=Ugx7HPtDCxB8mLLdcnZ4AaABAg,中國基本動作跟機動性太差了 籃板也沒有拼勁  或許中國男女籃最大弱點是觀念跟基本動作 以及控球後衛的助攻能力,@007TWKS,,13,1
YT000797,USA vs China (2026 FIBA Women’s Basketball World Cup),Basketball,,USA 🇺🇸 v China 🇨🇳 | Extended Highlights | FIBA Women's Basketball World Cup 2026,HUY3UfXXcN8,https://www.youtube.com/watch?v=HUY3UfXXcN8,FIBA Basketball,UCtInrnU3QbWqFGsdKT1GZtg,UgxHLwxBe3Qj6ilyJf14AaABAg,https://www.youtube.com/watch?v=HUY3UfXXcN8&lc=UgxHLwxBe3Qj6ilyJf14AaABAg,男篮被虐30分，女篮也被虐30分，没毛病。。,@aschliao1452,,8,
YT000798,USA vs China (2026 FIBA Women’s Basketball World Cup),Basketball,,USA 🇺🇸 v China 🇨🇳 | Extended Highlights | FIBA Women's Basketball World Cup 2026,HUY3UfXXcN8,https://www.youtube.com/watch?v=HUY3UfXXcN8,FIBA Basketball,UCtInrnU3QbWqFGsdKT1GZtg,UgyjWvJcIDiVpbKqYLd4AaABAg,https://www.youtube.com/watch?v=HUY3UfXXcN8&lc=UgyjWvJcIDiVpbKqYLd4AaABAg,Caitlin Clark is the best,@resurreccionalarcon2184,,13,
YT000799,USA vs China (2026 FIBA Women’s Basketball World Cup),Basketball,,USA 🇺🇸 v China 🇨🇳 | Extended Highlights | FIBA Women's Basketball World Cup 2026,HUY3UfXXcN8,https://www.youtube.com/watch?v=HUY3UfXXcN8,FIBA Basketball,UCtInrnU3QbWqFGsdKT1GZtg,UgzVuIeWOWK7on9MM7J4AaABAg,https://www.youtube.com/watch?v=HUY3UfXXcN8&lc=UgzVuIeWOWK7on9MM7J4AaABAg,China❤,@กฎแรงดึงดูดความมั่งคั่งความสํา,,3,
YT000800,USA vs China (2026 FIBA Women’s Basketball World Cup),Basketball,,USA 🇺🇸 v China 🇨🇳 | Extended Highlights | FIBA Women's Basketball World Cup 2026,HUY3UfXXcN8,https://www.youtube.com/watch?v=HUY3UfXXcN8,FIBA Basketball,UCtInrnU3QbWqFGsdKT1GZtg,UgyyuWXAGU7SgtUmHCt4AaABAg,https://www.youtube.com/watch?v=HUY3UfXXcN8&lc=UgyyuWXAGU7SgtUmHCt4AaABAg,Paige 🔥,@yrbuaubry,,1,
YT000801,"Isaac Cruz vs Nestor Bravo (PBC, 19 September 2026)",Boxing,2026-09-19,"PBC FIGHT HIGHLIGHTS: Pitbull vs  Bravo | September 19, 2026 on DAZN",thy7qijj1E4,https://www.youtube.com/watch?v=thy7qijj1E4,Premier Boxing Champions,UCWXYAGB9SadlL6p5Bb66wWw,UgzQg42kbBY0VEsJtZB4AaABAg,https://www.youtube.com/watch?v=thy7qijj1E4&lc=UgzQg42kbBY0VEsJtZB4AaABAg,"Dude is always exciting, relentless pressure!!!",@ViDaVerastegui,,470,2
YT000802,"Isaac Cruz vs Nestor Bravo (PBC, 19 September 2026)",Boxing,2026-09-19,"PBC FIGHT HIGHLIGHTS: Pitbull vs  Bravo | September 19, 2026 on DAZN",thy7qijj1E4,https://www.youtube.com/watch?v=thy7qijj1E4,Premier Boxing Champions,UCWXYAGB9SadlL6p5Bb66wWw,UgxepE05CT_ovreTMkJ4AaABAg,https://www.youtube.com/watch?v=thy7qijj1E4&lc=UgxepE05CT_ovreTMkJ4AaABAg,That left hook was something absolutely beautiful.. 🥊🥊,@lifeisgood5698,,499,4
YT000803,"Isaac Cruz vs Nestor Bravo (PBC, 19 September 2026)",Boxing,2026-09-19,"PBC FIGHT HIGHLIGHTS: Pitbull vs  Bravo | September 19, 2026 on DAZN",thy7qijj1E4,https://www.youtube.com/watch?v=thy7qijj1E4,Premier Boxing Champions,UCWXYAGB9SadlL6p5Bb66wWw,UgwpBT8f6I5ROM5qiF94AaABAg,https://www.youtube.com/watch?v=thy7qijj1E4&lc=UgwpBT8f6I5ROM5qiF94AaABAg,I want to see Tank vs Pitbul rematch,@Twoseasons2,,1K,241
YT000804,"Isaac Cruz vs Nestor Bravo (PBC, 19 September 2026)",Boxing,2026-09-19,"PBC FIGHT HIGHLIGHTS: Pitbull vs  Bravo | September 19, 2026 on DAZN",thy7qijj1E4,https://www.youtube.com/watch?v=thy7qijj1E4,Premier Boxing Champions,UCWXYAGB9SadlL6p5Bb66wWw,Ugxvkq-tngtWgaQRFHd4AaABAg,https://www.youtube.com/watch?v=thy7qijj1E4&lc=Ugxvkq-tngtWgaQRFHd4AaABAg,We Filipinos really love Isaac Cruz..,@kukochi,,110,
YT000805,"Isaac Cruz vs Nestor Bravo (PBC, 19 September 2026)",Boxing,2026-09-19,"PBC FIGHT HIGHLIGHTS: Pitbull vs  Bravo | September 19, 2026 on DAZN",thy7qijj1E4,https://www.youtube.com/watch?v=thy7qijj1E4,Premier Boxing Champions,UCWXYAGB9SadlL6p5Bb66wWw,Ugzbnai6R-DOOb7q5ux4AaABAg,https://www.youtube.com/watch?v=thy7qijj1E4&lc=Ugzbnai6R-DOOb7q5ux4AaABAg,Congratulations PITBULL from Philippines 🇵🇭🇵🇭🇵🇭,@OhOhNeiL,,375,9
YT000806,"Isaac Cruz vs Nestor Bravo (PBC, 19 September 2026)",Boxing,2026-09-19,"PBC FIGHT HIGHLIGHTS: Pitbull vs  Bravo | September 19, 2026 on DAZN",thy7qijj1E4,https://www.youtube.com/watch?v=thy7qijj1E4,Premier Boxing Champions,UCWXYAGB9SadlL6p5Bb66wWw,UgzVUZvbveIfBuwHbWJ4AaABAg,https://www.youtube.com/watch?v=thy7qijj1E4&lc=UgzVUZvbveIfBuwHbWJ4AaABAg,"えぐすぎる
今1番みていて面白いボクサー
このメキシカンスタイルが堪らない🇲🇽",@cme-t6p,,312,5
YT000807,"Isaac Cruz vs Nestor Bravo (PBC, 19 September 2026)",Boxing,2026-09-19,"PBC FIGHT HIGHLIGHTS: Pitbull vs  Bravo | September 19, 2026 on DAZN",thy7qijj1E4,https://www.youtube.com/watch?v=thy7qijj1E4,Premier Boxing Champions,UCWXYAGB9SadlL6p5Bb66wWw,UgwteDGq7KUK0YHf97J4AaABAg,https://www.youtube.com/watch?v=thy7qijj1E4&lc=UgwteDGq7KUK0YHf97J4AaABAg,"Soy Boricua, pero Pitbull es una bestia.  Mis respeto desde PR.",@hectorrivera6624,,78,
YT000808,"Isaac Cruz vs Nestor Bravo (PBC, 19 September 2026)",Boxing,2026-09-19,"PBC FIGHT HIGHLIGHTS: Pitbull vs  Bravo | September 19, 2026 on DAZN",thy7qijj1E4,https://www.youtube.com/watch?v=thy7qijj1E4,Premier Boxing Champions,UCWXYAGB9SadlL6p5Bb66wWw,UgzCfYfrdekrHjQAxit4AaABAg,https://www.youtube.com/watch?v=thy7qijj1E4&lc=UgzCfYfrdekrHjQAxit4AaABAg,What a match. Congrats from Sri Lanka ❤️,@malindugunasekara9513,,82,
YT000809,"Isaac Cruz vs Nestor Bravo (PBC, 19 September 2026)",Boxing,2026-09-19,"PBC FIGHT HIGHLIGHTS: Pitbull vs  Bravo | September 19, 2026 on DAZN",thy7qijj1E4,https://www.youtube.com/watch?v=thy7qijj1E4,Premier Boxing Champions,UCWXYAGB9SadlL6p5Bb66wWw,UgyOtWlgo8GRV8VoAnt4AaABAg,https://www.youtube.com/watch?v=thy7qijj1E4&lc=UgyOtWlgo8GRV8VoAnt4AaABAg,Congratulations isaac Cruz ... 🎉🎉 From ph 🇵🇭🇵🇭,@xofatsar8592,,101,1
YT000810,"Isaac Cruz vs Nestor Bravo (PBC, 19 September 2026)",Boxing,2026-09-19,"PBC FIGHT HIGHLIGHTS: Pitbull vs  Bravo | September 19, 2026 on DAZN",thy7qijj1E4,https://www.youtube.com/watch?v=thy7qijj1E4,Premier Boxing Champions,UCWXYAGB9SadlL6p5Bb66wWw,Ugy2dq_PbMytiMlZWK94AaABAg,https://www.youtube.com/watch?v=thy7qijj1E4&lc=Ugy2dq_PbMytiMlZWK94AaABAg,"That boy knocked him out so bad, he broke his ankle 😂",@jay_ohhlayy,,132,8
YT000811,"Isaac Cruz vs Nestor Bravo (PBC, 19 September 2026)",Boxing,2026-09-19,"PBC FIGHT HIGHLIGHTS: Pitbull vs  Bravo | September 19, 2026 on DAZN",thy7qijj1E4,https://www.youtube.com/watch?v=thy7qijj1E4,Premier Boxing Champions,UCWXYAGB9SadlL6p5Bb66wWw,UgylU-wEwnuENOutuf14AaABAg,https://www.youtube.com/watch?v=thy7qijj1E4&lc=UgylU-wEwnuENOutuf14AaABAg,"Man let me say this… Cruz is a rare breed these days, ALL WORK, LITTLE TALK, & ALWAYS A CLASS ACT🥊 I love watching him fight 🙌🏾",@trevoredwards1749,,33,1
YT000812,"Isaac Cruz vs Nestor Bravo (PBC, 19 September 2026)",Boxing,2026-09-19,"PBC FIGHT HIGHLIGHTS: Pitbull vs  Bravo | September 19, 2026 on DAZN",thy7qijj1E4,https://www.youtube.com/watch?v=thy7qijj1E4,Premier Boxing Champions,UCWXYAGB9SadlL6p5Bb66wWw,Ugx2o2oCDuc3lHluVRR4AaABAg,https://www.youtube.com/watch?v=thy7qijj1E4&lc=Ugx2o2oCDuc3lHluVRR4AaABAg,What happened not a Chihuahua that’s a little mini pitbull,@Lifeachessgame,,201,2
YT000813,"Isaac Cruz vs Nestor Bravo (PBC, 19 September 2026)",Boxing,2026-09-19,"PBC FIGHT HIGHLIGHTS: Pitbull vs  Bravo | September 19, 2026 on DAZN",thy7qijj1E4,https://www.youtube.com/watch?v=thy7qijj1E4,Premier Boxing Champions,UCWXYAGB9SadlL6p5Bb66wWw,UgyfC67jRF6-ByA3JOh4AaABAg,https://www.youtube.com/watch?v=thy7qijj1E4&lc=UgyfC67jRF6-ByA3JOh4AaABAg,"Definition of ""Fighting Scared""😅",@raizen4271,,45,1
YT000814,"Isaac Cruz vs Nestor Bravo (PBC, 19 September 2026)",Boxing,2026-09-19,"PBC FIGHT HIGHLIGHTS: Pitbull vs  Bravo | September 19, 2026 on DAZN",thy7qijj1E4,https://www.youtube.com/watch?v=thy7qijj1E4,Premier Boxing Champions,UCWXYAGB9SadlL6p5Bb66wWw,UgwHP49HIkmI0LS7F314AaABAg,https://www.youtube.com/watch?v=thy7qijj1E4&lc=UgwHP49HIkmI0LS7F314AaABAg,"Announcer ""Pitbull fades in second half of fight"" then 👊💥 Left hook KO 😂",@tombarry1824,,96,4
YT000815,"Isaac Cruz vs Nestor Bravo (PBC, 19 September 2026)",Boxing,2026-09-19,"PBC FIGHT HIGHLIGHTS: Pitbull vs  Bravo | September 19, 2026 on DAZN",thy7qijj1E4,https://www.youtube.com/watch?v=thy7qijj1E4,Premier Boxing Champions,UCWXYAGB9SadlL6p5Bb66wWw,UgzapqFK54KmSQ5zTQR4AaABAg,https://www.youtube.com/watch?v=thy7qijj1E4&lc=UgzapqFK54KmSQ5zTQR4AaABAg,"Soy Puertoriqueños pero le iba al Pit bull sin miedo, felicidades. Lo quiero con Garcia's",@edwinb5912,,134,7
YT000816,"Isaac Cruz vs Nestor Bravo (PBC, 19 September 2026)",Boxing,2026-09-19,"PBC FIGHT HIGHLIGHTS: Pitbull vs  Bravo | September 19, 2026 on DAZN",thy7qijj1E4,https://www.youtube.com/watch?v=thy7qijj1E4,Premier Boxing Champions,UCWXYAGB9SadlL6p5Bb66wWw,UgzCzut6-16fl4uumAt4AaABAg,https://www.youtube.com/watch?v=thy7qijj1E4&lc=UgzCzut6-16fl4uumAt4AaABAg,I am always willing to pay for Pitbull’s fights because I know he always puts a good performance.,@gamealtamirano4990,,14,
YT000817,"Eumir Marcial vs Omar Huerta (PBC, 19 September 2026)",Boxing,2026-09-19,"PBC FIGHT HIGHLIGHTS: Marcial vs Huerta | September 19, 2026 on DAZN",W76rdHVP49g,https://www.youtube.com/watch?v=W76rdHVP49g,Premier Boxing Champions,UCWXYAGB9SadlL6p5Bb66wWw,UgyQkoinI1AdfgJoGaZ4AaABAg,https://www.youtube.com/watch?v=W76rdHVP49g&lc=UgyQkoinI1AdfgJoGaZ4AaABAg,marcial looks sharp and strong here.. damn that right hook is fast and so heavy..,@rShadoWMooN,,94,2
YT000818,"Eumir Marcial vs Omar Huerta (PBC, 19 September 2026)",Boxing,2026-09-19,"PBC FIGHT HIGHLIGHTS: Marcial vs Huerta | September 19, 2026 on DAZN",W76rdHVP49g,https://www.youtube.com/watch?v=W76rdHVP49g,Premier Boxing Champions,UCWXYAGB9SadlL6p5Bb66wWw,UgwK3D47x4WgmpEGZXN4AaABAg,https://www.youtube.com/watch?v=W76rdHVP49g&lc=UgwK3D47x4WgmpEGZXN4AaABAg,"Wow, that was one hell of a counter punch.",@AlfredoOtida85,,39,
YT000819,"Eumir Marcial vs Omar Huerta (PBC, 19 September 2026)",Boxing,2026-09-19,"PBC FIGHT HIGHLIGHTS: Marcial vs Huerta | September 19, 2026 on DAZN",W76rdHVP49g,https://www.youtube.com/watch?v=W76rdHVP49g,Premier Boxing Champions,UCWXYAGB9SadlL6p5Bb66wWw,Ugw0aeTdHQSQp0fmmnl4AaABAg,https://www.youtube.com/watch?v=W76rdHVP49g&lc=Ugw0aeTdHQSQp0fmmnl4AaABAg,One of the most beautiful KO's this year,@johnfineson3115,,25,
YT000820,"Eumir Marcial vs Omar Huerta (PBC, 19 September 2026)",Boxing,2026-09-19,"PBC FIGHT HIGHLIGHTS: Marcial vs Huerta | September 19, 2026 on DAZN",W76rdHVP49g,https://www.youtube.com/watch?v=W76rdHVP49g,Premier Boxing Champions,UCWXYAGB9SadlL6p5Bb66wWw,UgxuJ389HhfhW8b7NaN4AaABAg,https://www.youtube.com/watch?v=W76rdHVP49g&lc=UgxuJ389HhfhW8b7NaN4AaABAg,Wow the footwork step back then throw a right hook such a perfect measure.,@ChampSanchez2359,,63,
YT000821,"Eumir Marcial vs Omar Huerta (PBC, 19 September 2026)",Boxing,2026-09-19,"PBC FIGHT HIGHLIGHTS: Marcial vs Huerta | September 19, 2026 on DAZN",W76rdHVP49g,https://www.youtube.com/watch?v=W76rdHVP49g,Premier Boxing Champions,UCWXYAGB9SadlL6p5Bb66wWw,UgyHvnlo7Q12cx2ZvXZ4AaABAg,https://www.youtube.com/watch?v=W76rdHVP49g&lc=UgyHvnlo7Q12cx2ZvXZ4AaABAg,"The Philippines has always will its secret weapon in a couple of sports...chess, weightlifting..pole vault mechanized athletics Carlos yulo...tennis and more importantly...in boxing..flash elorde, Manny...and a few more quadro alas and this one uemir marcial..Congrats man for a good job well done!!!",@samdescartin6662,,10,3
YT000822,"Eumir Marcial vs Omar Huerta (PBC, 19 September 2026)",Boxing,2026-09-19,"PBC FIGHT HIGHLIGHTS: Marcial vs Huerta | September 19, 2026 on DAZN",W76rdHVP49g,https://www.youtube.com/watch?v=W76rdHVP49g,Premier Boxing Champions,UCWXYAGB9SadlL6p5Bb66wWw,Ugza0qCb2xQzBh7Ee7J4AaABAg,https://www.youtube.com/watch?v=W76rdHVP49g&lc=Ugza0qCb2xQzBh7Ee7J4AaABAg,Eumir Marcial vs Carlos Ocampo.  Make it happen.,@Illusion-k3w,,36,1
YT000823,"Eumir Marcial vs Omar Huerta (PBC, 19 September 2026)",Boxing,2026-09-19,"PBC FIGHT HIGHLIGHTS: Marcial vs Huerta | September 19, 2026 on DAZN",W76rdHVP49g,https://www.youtube.com/watch?v=W76rdHVP49g,Premier Boxing Champions,UCWXYAGB9SadlL6p5Bb66wWw,UgzndkOEIpWhHO0KLQd4AaABAg,https://www.youtube.com/watch?v=W76rdHVP49g&lc=UgzndkOEIpWhHO0KLQd4AaABAg,"Damn . . . That was the best Knockout I've seen this Year. 
Eumir Marcial is something else.",@cassiusclay1666,,34,
YT000824,"Eumir Marcial vs Omar Huerta (PBC, 19 September 2026)",Boxing,2026-09-19,"PBC FIGHT HIGHLIGHTS: Marcial vs Huerta | September 19, 2026 on DAZN",W76rdHVP49g,https://www.youtube.com/watch?v=W76rdHVP49g,Premier Boxing Champions,UCWXYAGB9SadlL6p5Bb66wWw,Ugz4Da1ebZ4tDNX2Nep4AaABAg,https://www.youtube.com/watch?v=W76rdHVP49g&lc=Ugz4Da1ebZ4tDNX2Nep4AaABAg,"That was risky , but the right counter is spot on. Congrats",@Cryaboutitw9,,22,
YT000825,"Eumir Marcial vs Omar Huerta (PBC, 19 September 2026)",Boxing,2026-09-19,"PBC FIGHT HIGHLIGHTS: Marcial vs Huerta | September 19, 2026 on DAZN",W76rdHVP49g,https://www.youtube.com/watch?v=W76rdHVP49g,Premier Boxing Champions,UCWXYAGB9SadlL6p5Bb66wWw,UgzL-itG1Wqx1I1JPKF4AaABAg,https://www.youtube.com/watch?v=W76rdHVP49g&lc=UgzL-itG1Wqx1I1JPKF4AaABAg,The best thing here is he is not afraid to received a shot to counter it. Few boxer have the guts to do this. Marcial is one of them you have a better future kid.,@jerichoalayon5423,,5,
YT000826,"Eumir Marcial vs Omar Huerta (PBC, 19 September 2026)",Boxing,2026-09-19,"PBC FIGHT HIGHLIGHTS: Marcial vs Huerta | September 19, 2026 on DAZN",W76rdHVP49g,https://www.youtube.com/watch?v=W76rdHVP49g,Premier Boxing Champions,UCWXYAGB9SadlL6p5Bb66wWw,UgziW-8U67kEwSWOyIB4AaABAg,https://www.youtube.com/watch?v=W76rdHVP49g&lc=UgziW-8U67kEwSWOyIB4AaABAg,"My goodness, I have to watch the replay if his foot elevated from the canvass. Only to prove my eyes were not lying.",@whatisthetruth6901,,9,
YT000827,"Eumir Marcial vs Omar Huerta (PBC, 19 September 2026)",Boxing,2026-09-19,"PBC FIGHT HIGHLIGHTS: Marcial vs Huerta | September 19, 2026 on DAZN",W76rdHVP49g,https://www.youtube.com/watch?v=W76rdHVP49g,Premier Boxing Champions,UCWXYAGB9SadlL6p5Bb66wWw,UgyODYLzcCocvNR3S7h4AaABAg,https://www.youtube.com/watch?v=W76rdHVP49g&lc=UgyODYLzcCocvNR3S7h4AaABAg,a punch that gonna give you a massive headache,@deepseakraken89,,11,
YT000828,"Eumir Marcial vs Omar Huerta (PBC, 19 September 2026)",Boxing,2026-09-19,"PBC FIGHT HIGHLIGHTS: Marcial vs Huerta | September 19, 2026 on DAZN",W76rdHVP49g,https://www.youtube.com/watch?v=W76rdHVP49g,Premier Boxing Champions,UCWXYAGB9SadlL6p5Bb66wWw,Ugy1TS-1s4irWvun-H54AaABAg,https://www.youtube.com/watch?v=W76rdHVP49g&lc=Ugy1TS-1s4irWvun-H54AaABAg,"Grabe ang knock out punch, natamaan na napa atras pa pag counter ng kanan BOOOMMM!!! ganun kalakas ang power nya, congrats Eumir Felix Maecial isa na naman karangalan dala nyo sa  bansa ❤😂🎉😢😅",@edwinnagrampa8820,,6,
YT000829,"Eumir Marcial vs Omar Huerta (PBC, 19 September 2026)",Boxing,2026-09-19,"PBC FIGHT HIGHLIGHTS: Marcial vs Huerta | September 19, 2026 on DAZN",W76rdHVP49g,https://www.youtube.com/watch?v=W76rdHVP49g,Premier Boxing Champions,UCWXYAGB9SadlL6p5Bb66wWw,UgxgcXLLv1_c5i2KBKd4AaABAg,https://www.youtube.com/watch?v=W76rdHVP49g&lc=UgxgcXLLv1_c5i2KBKd4AaABAg,Congrats 👍🇵🇭🇵🇭,@ronaldjohntenorio2696,,16,
YT000830,"Eumir Marcial vs Omar Huerta (PBC, 19 September 2026)",Boxing,2026-09-19,"PBC FIGHT HIGHLIGHTS: Marcial vs Huerta | September 19, 2026 on DAZN",W76rdHVP49g,https://www.youtube.com/watch?v=W76rdHVP49g,Premier Boxing Champions,UCWXYAGB9SadlL6p5Bb66wWw,Ugz5RvbwMXKZskVJi9V4AaABAg,https://www.youtube.com/watch?v=W76rdHVP49g&lc=Ugz5RvbwMXKZskVJi9V4AaABAg,Knockout of the year,@Terencehalf,,11,
YT000831,"Eumir Marcial vs Omar Huerta (PBC, 19 September 2026)",Boxing,2026-09-19,"PBC FIGHT HIGHLIGHTS: Marcial vs Huerta | September 19, 2026 on DAZN",W76rdHVP49g,https://www.youtube.com/watch?v=W76rdHVP49g,Premier Boxing Champions,UCWXYAGB9SadlL6p5Bb66wWw,Ugzq0RNcJtc2EpUz6SF4AaABAg,https://www.youtube.com/watch?v=W76rdHVP49g&lc=Ugzq0RNcJtc2EpUz6SF4AaABAg,We Filipinos will never ever make the NBA but boxing we are good!! 👎🏀 = 🥊👍,@CelticAcid,,18,3
YT000832,"Eumir Marcial vs Omar Huerta (PBC, 19 September 2026)",Boxing,2026-09-19,"PBC FIGHT HIGHLIGHTS: Marcial vs Huerta | September 19, 2026 on DAZN",W76rdHVP49g,https://www.youtube.com/watch?v=W76rdHVP49g,Premier Boxing Champions,UCWXYAGB9SadlL6p5Bb66wWw,UgyY3D9sckOuG_FKaZt4AaABAg,https://www.youtube.com/watch?v=W76rdHVP49g&lc=UgyY3D9sckOuG_FKaZt4AaABAg,Very impressive win by knockout congratulations eumir marcial 🇵🇭🇵🇭🇵🇭🇵🇭🇵🇭🇵🇭,@Joemike.TV23,,11,
YT000833,Isaac Cruz vs Nestor Bravo (DAZN Boxing),Boxing,,Isaac 'Pitbull' Cruz vs. Nestor Bravo | Official Fight Highlights,trW7oyjYf2o,https://www.youtube.com/watch?v=trW7oyjYf2o,DAZN Boxing,UCurvRE5fGcdUgCYWgh-BDsg,Ugw48A9Qg_z8LYyiQWd4AaABAg,https://www.youtube.com/watch?v=trW7oyjYf2o&lc=Ugw48A9Qg_z8LYyiQWd4AaABAg,"That 9,10 was fast lol. Ref had enough of his bs😂😂",@willsparkmeone6371,,751,26
YT000834,Isaac Cruz vs Nestor Bravo (DAZN Boxing),Boxing,,Isaac 'Pitbull' Cruz vs. Nestor Bravo | Official Fight Highlights,trW7oyjYf2o,https://www.youtube.com/watch?v=trW7oyjYf2o,DAZN Boxing,UCurvRE5fGcdUgCYWgh-BDsg,Ugy5vTpPHMZ7cWGehz14AaABAg,https://www.youtube.com/watch?v=trW7oyjYf2o&lc=Ugy5vTpPHMZ7cWGehz14AaABAg,Ref was stoked when Bravo got KO'd I bet,@AnSturbin,,563,7
YT000835,Isaac Cruz vs Nestor Bravo (DAZN Boxing),Boxing,,Isaac 'Pitbull' Cruz vs. Nestor Bravo | Official Fight Highlights,trW7oyjYf2o,https://www.youtube.com/watch?v=trW7oyjYf2o,DAZN Boxing,UCurvRE5fGcdUgCYWgh-BDsg,Ugw8M0cai_Dhk3UnbXF4AaABAg,https://www.youtube.com/watch?v=trW7oyjYf2o&lc=Ugw8M0cai_Dhk3UnbXF4AaABAg,"He felt the power early into the match, & decided he didn't want to be there.",@thewarlordscalling6537,,337,1
YT000836,Isaac Cruz vs Nestor Bravo (DAZN Boxing),Boxing,,Isaac 'Pitbull' Cruz vs. Nestor Bravo | Official Fight Highlights,trW7oyjYf2o,https://www.youtube.com/watch?v=trW7oyjYf2o,DAZN Boxing,UCurvRE5fGcdUgCYWgh-BDsg,UgwQcmzloPYpfUrKX354AaABAg,https://www.youtube.com/watch?v=trW7oyjYf2o&lc=UgwQcmzloPYpfUrKX354AaABAg,Best referee I’ve ever seen in boxing.,@mynameisup1,,141,
YT000837,Isaac Cruz vs Nestor Bravo (DAZN Boxing),Boxing,,Isaac 'Pitbull' Cruz vs. Nestor Bravo | Official Fight Highlights,trW7oyjYf2o,https://www.youtube.com/watch?v=trW7oyjYf2o,DAZN Boxing,UCurvRE5fGcdUgCYWgh-BDsg,UgxmvdV5gMJ0VJ6oNZF4AaABAg,https://www.youtube.com/watch?v=trW7oyjYf2o&lc=UgxmvdV5gMJ0VJ6oNZF4AaABAg,That ref is a G! That was a tough fight to referee. Well done!,@rl9935,,209,1
YT000838,Isaac Cruz vs Nestor Bravo (DAZN Boxing),Boxing,,Isaac 'Pitbull' Cruz vs. Nestor Bravo | Official Fight Highlights,trW7oyjYf2o,https://www.youtube.com/watch?v=trW7oyjYf2o,DAZN Boxing,UCurvRE5fGcdUgCYWgh-BDsg,UgygqXtIgl8XADFAZXZ4AaABAg,https://www.youtube.com/watch?v=trW7oyjYf2o&lc=UgygqXtIgl8XADFAZXZ4AaABAg,"As a Puerto Rican.. I’m embarrassed, bro ts was a joke 😂",@Jose-ye3xm,,437,22
YT000839,Isaac Cruz vs Nestor Bravo (DAZN Boxing),Boxing,,Isaac 'Pitbull' Cruz vs. Nestor Bravo | Official Fight Highlights,trW7oyjYf2o,https://www.youtube.com/watch?v=trW7oyjYf2o,DAZN Boxing,UCurvRE5fGcdUgCYWgh-BDsg,Ugwkb6gtHfUmzsLNrD14AaABAg,https://www.youtube.com/watch?v=trW7oyjYf2o&lc=Ugwkb6gtHfUmzsLNrD14AaABAg,Ref. Said nahhhhhh I’m not gonna disqualify you! Ima need you to sit there till you get knocked out!,@973ajc,,290,3
YT000840,Isaac Cruz vs Nestor Bravo (DAZN Boxing),Boxing,,Isaac 'Pitbull' Cruz vs. Nestor Bravo | Official Fight Highlights,trW7oyjYf2o,https://www.youtube.com/watch?v=trW7oyjYf2o,DAZN Boxing,UCurvRE5fGcdUgCYWgh-BDsg,UgxEVwROU5Fze6rRHpB4AaABAg,https://www.youtube.com/watch?v=trW7oyjYf2o&lc=UgxEVwROU5Fze6rRHpB4AaABAg,"pitbull is the most fitting Nickname for an athlete Ever, No other athlete fit his nickname as perfect as Cruz",@rksh5985,,59,
YT000841,Isaac Cruz vs Nestor Bravo (DAZN Boxing),Boxing,,Isaac 'Pitbull' Cruz vs. Nestor Bravo | Official Fight Highlights,trW7oyjYf2o,https://www.youtube.com/watch?v=trW7oyjYf2o,DAZN Boxing,UCurvRE5fGcdUgCYWgh-BDsg,UgylIuId38S_TdLUxet4AaABAg,https://www.youtube.com/watch?v=trW7oyjYf2o&lc=UgylIuId38S_TdLUxet4AaABAg,Thomas taylor is a great ref.,@mithunnair8587,,281,6
YT000842,Isaac Cruz vs Nestor Bravo (DAZN Boxing),Boxing,,Isaac 'Pitbull' Cruz vs. Nestor Bravo | Official Fight Highlights,trW7oyjYf2o,https://www.youtube.com/watch?v=trW7oyjYf2o,DAZN Boxing,UCurvRE5fGcdUgCYWgh-BDsg,UgwFfyjld1FEIMdJN5l4AaABAg,https://www.youtube.com/watch?v=trW7oyjYf2o&lc=UgwFfyjld1FEIMdJN5l4AaABAg,Bravo isn’t bravo.,@TakaNa_15,,381,3
YT000843,Isaac Cruz vs Nestor Bravo (DAZN Boxing),Boxing,,Isaac 'Pitbull' Cruz vs. Nestor Bravo | Official Fight Highlights,trW7oyjYf2o,https://www.youtube.com/watch?v=trW7oyjYf2o,DAZN Boxing,UCurvRE5fGcdUgCYWgh-BDsg,UgzuSBCvsKevFx2WenB4AaABAg,https://www.youtube.com/watch?v=trW7oyjYf2o&lc=UgzuSBCvsKevFx2WenB4AaABAg,Its always joy watching Pitbull's aggression style,@MovieClipsBollyHolly,,263,4
YT000844,Isaac Cruz vs Nestor Bravo (DAZN Boxing),Boxing,,Isaac 'Pitbull' Cruz vs. Nestor Bravo | Official Fight Highlights,trW7oyjYf2o,https://www.youtube.com/watch?v=trW7oyjYf2o,DAZN Boxing,UCurvRE5fGcdUgCYWgh-BDsg,UgzfzC-VdcCPx44tLyR4AaABAg,https://www.youtube.com/watch?v=trW7oyjYf2o&lc=UgzfzC-VdcCPx44tLyR4AaABAg,The WORLD LOVES PITBULL… How could you not?,@Mr_Skates,,45,
YT000845,Isaac Cruz vs Nestor Bravo (DAZN Boxing),Boxing,,Isaac 'Pitbull' Cruz vs. Nestor Bravo | Official Fight Highlights,trW7oyjYf2o,https://www.youtube.com/watch?v=trW7oyjYf2o,DAZN Boxing,UCurvRE5fGcdUgCYWgh-BDsg,UgwJv9uHMb6dJ0UU5Qp4AaABAg,https://www.youtube.com/watch?v=trW7oyjYf2o&lc=UgwJv9uHMb6dJ0UU5Qp4AaABAg,Nestor Bravo was there to get paid and not fight.  He was a goofball the whole night,@itsok2readmore978,,136,3
YT000846,Isaac Cruz vs Nestor Bravo (DAZN Boxing),Boxing,,Isaac 'Pitbull' Cruz vs. Nestor Bravo | Official Fight Highlights,trW7oyjYf2o,https://www.youtube.com/watch?v=trW7oyjYf2o,DAZN Boxing,UCurvRE5fGcdUgCYWgh-BDsg,Ugx0-okls59opwsS6QJ4AaABAg,https://www.youtube.com/watch?v=trW7oyjYf2o&lc=Ugx0-okls59opwsS6QJ4AaABAg,Bravo wanted to get disqualified. He knew he had bitten off more than he could chew with Cruz. 😂,@jp_vids9631,,102,2
YT000847,Isaac Cruz vs Nestor Bravo (DAZN Boxing),Boxing,,Isaac 'Pitbull' Cruz vs. Nestor Bravo | Official Fight Highlights,trW7oyjYf2o,https://www.youtube.com/watch?v=trW7oyjYf2o,DAZN Boxing,UCurvRE5fGcdUgCYWgh-BDsg,Ugx3Pffy55tnS9UTbTN4AaABAg,https://www.youtube.com/watch?v=trW7oyjYf2o&lc=Ugx3Pffy55tnS9UTbTN4AaABAg,Ref was class,@barneybernado1998,,205,2
YT000848,Isaac Cruz vs Nestor Bravo (DAZN Boxing),Boxing,,Isaac 'Pitbull' Cruz vs. Nestor Bravo | Official Fight Highlights,trW7oyjYf2o,https://www.youtube.com/watch?v=trW7oyjYf2o,DAZN Boxing,UCurvRE5fGcdUgCYWgh-BDsg,Ugym6yRn2NSBgqr4Ji14AaABAg,https://www.youtube.com/watch?v=trW7oyjYf2o&lc=Ugym6yRn2NSBgqr4Ji14AaABAg,beautiful knockout 🇲🇽,@antoinesmith2321,,49,
YT000849,Eumir Marcial vs Omar Huerta (Fight Highlights),Boxing,,Eumir Marcial vs Omar Huerta | Fight Highlights,I5E8p3wYEOw,https://www.youtube.com/watch?v=I5E8p3wYEOw,FIGHTMAG,UCKO1oI9N-VPqUhqiUQalsKQ,UgyPQPrZGz4BR22ez9N4AaABAg,https://www.youtube.com/watch?v=I5E8p3wYEOw&lc=UgyPQPrZGz4BR22ez9N4AaABAg,Perfect counterpunch .. looks quick & crisp .. 💥,@kawilui,,3,
YT000850,Eumir Marcial vs Omar Huerta (Fight Highlights),Boxing,,Eumir Marcial vs Omar Huerta | Fight Highlights,I5E8p3wYEOw,https://www.youtube.com/watch?v=I5E8p3wYEOw,FIGHTMAG,UCKO1oI9N-VPqUhqiUQalsKQ,UgxmW0hFNgjuYT42DAl4AaABAg,https://www.youtube.com/watch?v=I5E8p3wYEOw&lc=UgxmW0hFNgjuYT42DAl4AaABAg,Yes 👍🏻,@LeonardoVillamor-n8g,,1,
YT000851,Eumir Marcial vs Omar Huerta (Fight Highlights),Boxing,,Eumir Marcial vs Omar Huerta | Fight Highlights,I5E8p3wYEOw,https://www.youtube.com/watch?v=I5E8p3wYEOw,FIGHTMAG,UCKO1oI9N-VPqUhqiUQalsKQ,Ugzs16V1UnXqlK9PiSN4AaABAg,https://www.youtube.com/watch?v=I5E8p3wYEOw&lc=Ugzs16V1UnXqlK9PiSN4AaABAg,Congrats ka bayan ❤,@BernadetteApura,, ,
YT000852,Eumir Marcial vs Omar Huerta (Fight Highlights),Boxing,,Eumir Marcial vs Omar Huerta | Fight Highlights,I5E8p3wYEOw,https://www.youtube.com/watch?v=I5E8p3wYEOw,FIGHTMAG,UCKO1oI9N-VPqUhqiUQalsKQ,Ugzxsx3ujW8s7_-6mtx4AaABAg,https://www.youtube.com/watch?v=I5E8p3wYEOw&lc=Ugzxsx3ujW8s7_-6mtx4AaABAg,Take one and give one boom!,@RogelioCañindo,, ,
YT000853,Eumir Marcial vs Omar Huerta (Fight Highlights),Boxing,,Eumir Marcial vs Omar Huerta | Fight Highlights,I5E8p3wYEOw,https://www.youtube.com/watch?v=I5E8p3wYEOw,FIGHTMAG,UCKO1oI9N-VPqUhqiUQalsKQ,UgwRyACbrulwV_ric7d4AaABAg,https://www.youtube.com/watch?v=I5E8p3wYEOw&lc=UgwRyACbrulwV_ric7d4AaABAg,Crispy punch for marcial,@jtrictv9730,, ,
YT000854,Eumir Marcial vs Omar Huerta (Fight Highlights),Boxing,,Eumir Marcial vs Omar Huerta | Fight Highlights,I5E8p3wYEOw,https://www.youtube.com/watch?v=I5E8p3wYEOw,FIGHTMAG,UCKO1oI9N-VPqUhqiUQalsKQ,UgyK3OZhFo4K6ecySlB4AaABAg,https://www.youtube.com/watch?v=I5E8p3wYEOw&lc=UgyK3OZhFo4K6ecySlB4AaABAg,Aba gumanda at nag improve ang footwork ni marcial,@simplemansvlog5378,, ,
YT000855,Eumir Marcial vs Omar Huerta (Fight Highlights),Boxing,,Eumir Marcial vs Omar Huerta | Fight Highlights,I5E8p3wYEOw,https://www.youtube.com/watch?v=I5E8p3wYEOw,FIGHTMAG,UCKO1oI9N-VPqUhqiUQalsKQ,Ugwe4wMOiwEgi9G2IBR4AaABAg,https://www.youtube.com/watch?v=I5E8p3wYEOw&lc=Ugwe4wMOiwEgi9G2IBR4AaABAg,Manila Ice,@RGDGamefowl,,1,
YT000856,Eumir Marcial vs Omar Huerta (Fight Highlights),Boxing,,Eumir Marcial vs Omar Huerta | Fight Highlights,I5E8p3wYEOw,https://www.youtube.com/watch?v=I5E8p3wYEOw,FIGHTMAG,UCKO1oI9N-VPqUhqiUQalsKQ,UgxeNrwBYdKh7o5uFzF4AaABAg,https://www.youtube.com/watch?v=I5E8p3wYEOw&lc=UgxeNrwBYdKh7o5uFzF4AaABAg,Unang tumama ang kaliwa ng kalaban pero mas malakas ang kanan ni ka bayan,@BernadetteApura,, ,
YT000857,Eumir Marcial vs Omar Huerta (Fight Highlights),Boxing,,Eumir Marcial vs Omar Huerta | Fight Highlights,I5E8p3wYEOw,https://www.youtube.com/watch?v=I5E8p3wYEOw,FIGHTMAG,UCKO1oI9N-VPqUhqiUQalsKQ,Ugy_fvSBFrbnfYE3GAR4AaABAg,https://www.youtube.com/watch?v=I5E8p3wYEOw&lc=Ugy_fvSBFrbnfYE3GAR4AaABAg,The best referre ever. 100% my favorite,@sunshinedawn3600,, ,
YT000858,"Blancas vs Jimenez (PBC, 19 September 2026)",Boxing,2026-09-19,"PBC FIGHT HIGHLIGHTS: Blancas vs Jimenez | September 19, 2026 on DAZN",FwXK974HG6Q,https://www.youtube.com/watch?v=FwXK974HG6Q,Premier Boxing Champions,UCWXYAGB9SadlL6p5Bb66wWw,UgwbvZ7D4w5jbNA4Mi14AaABAg,https://www.youtube.com/watch?v=FwXK974HG6Q&lc=UgwbvZ7D4w5jbNA4Mi14AaABAg,"They actually brought a school custodian to box against Blanca’s and he still couldn’t put him away. This is one of those fights where there is no glory in winning, for Blanca’s.",@zioncymbals5733,,15,2
YT000859,"Blancas vs Jimenez (PBC, 19 September 2026)",Boxing,2026-09-19,"PBC FIGHT HIGHLIGHTS: Blancas vs Jimenez | September 19, 2026 on DAZN",FwXK974HG6Q,https://www.youtube.com/watch?v=FwXK974HG6Q,Premier Boxing Champions,UCWXYAGB9SadlL6p5Bb66wWw,UgxEPymoZtA0UUFVrqp4AaABAg,https://www.youtube.com/watch?v=FwXK974HG6Q&lc=UgxEPymoZtA0UUFVrqp4AaABAg,Found his opponent at a bar somewhere lol,@salvadorsanchez2675,,10,
YT000860,"Blancas vs Jimenez (PBC, 19 September 2026)",Boxing,2026-09-19,"PBC FIGHT HIGHLIGHTS: Blancas vs Jimenez | September 19, 2026 on DAZN",FwXK974HG6Q,https://www.youtube.com/watch?v=FwXK974HG6Q,Premier Boxing Champions,UCWXYAGB9SadlL6p5Bb66wWw,UgwYfzmUA5rfArLmOoR4AaABAg,https://www.youtube.com/watch?v=FwXK974HG6Q&lc=UgwYfzmUA5rfArLmOoR4AaABAg,Long time follower of Blancas glad to finally see him get screen time. Need to see him keep improving on power and defense 💪🥊🇲🇽🔥,@sycofya1677,,3,2
YT000861,"Blancas vs Jimenez (PBC, 19 September 2026)",Boxing,2026-09-19,"PBC FIGHT HIGHLIGHTS: Blancas vs Jimenez | September 19, 2026 on DAZN",FwXK974HG6Q,https://www.youtube.com/watch?v=FwXK974HG6Q,Premier Boxing Champions,UCWXYAGB9SadlL6p5Bb66wWw,Ugzh0dewgkx4xY5K8H14AaABAg,https://www.youtube.com/watch?v=FwXK974HG6Q&lc=Ugzh0dewgkx4xY5K8H14AaABAg,Embarrasing card and embarrasing matchmaking bro had no business in the ring,@larryliston5288,,5,
YT000862,"Blancas vs Jimenez (PBC, 19 September 2026)",Boxing,2026-09-19,"PBC FIGHT HIGHLIGHTS: Blancas vs Jimenez | September 19, 2026 on DAZN",FwXK974HG6Q,https://www.youtube.com/watch?v=FwXK974HG6Q,Premier Boxing Champions,UCWXYAGB9SadlL6p5Bb66wWw,UgyAY1tyJbF_4Tm49aF4AaABAg,https://www.youtube.com/watch?v=FwXK974HG6Q&lc=UgyAY1tyJbF_4Tm49aF4AaABAg,"Blanca's looks like Jai Opetaia but fights similar to David Benavidez, how ironic...",@user-ih4rr3ew7e,,1,
YT000863,"Blancas vs Jimenez (PBC, 19 September 2026)",Boxing,2026-09-19,"PBC FIGHT HIGHLIGHTS: Blancas vs Jimenez | September 19, 2026 on DAZN",FwXK974HG6Q,https://www.youtube.com/watch?v=FwXK974HG6Q,Premier Boxing Champions,UCWXYAGB9SadlL6p5Bb66wWw,UgySQuq7HIREa8D_cTl4AaABAg,https://www.youtube.com/watch?v=FwXK974HG6Q&lc=UgySQuq7HIREa8D_cTl4AaABAg,Say what you like but Jiminez is one tough dude.,@tameimpala37,, ,
YT000864,"Blancas vs Jimenez (PBC, 19 September 2026)",Boxing,2026-09-19,"PBC FIGHT HIGHLIGHTS: Blancas vs Jimenez | September 19, 2026 on DAZN",FwXK974HG6Q,https://www.youtube.com/watch?v=FwXK974HG6Q,Premier Boxing Champions,UCWXYAGB9SadlL6p5Bb66wWw,Ugy_k49Q79JKUVCSP9x4AaABAg,https://www.youtube.com/watch?v=FwXK974HG6Q&lc=Ugy_k49Q79JKUVCSP9x4AaABAg,"El ganador no tiene pegada, Jiménez siempre asia delante 😮",@josegregoriohernandez1505,, ,
YT000865,"Blancas vs Jimenez (PBC, 19 September 2026)",Boxing,2026-09-19,"PBC FIGHT HIGHLIGHTS: Blancas vs Jimenez | September 19, 2026 on DAZN",FwXK974HG6Q,https://www.youtube.com/watch?v=FwXK974HG6Q,Premier Boxing Champions,UCWXYAGB9SadlL6p5Bb66wWw,Ugyo799RS8NLAC6BaxR4AaABAg,https://www.youtube.com/watch?v=FwXK974HG6Q&lc=Ugyo799RS8NLAC6BaxR4AaABAg,Y’all fast 😂,@deon_jay6759,, ,
YT000866,"Blancas vs Jimenez (PBC, 19 September 2026)",Boxing,2026-09-19,"PBC FIGHT HIGHLIGHTS: Blancas vs Jimenez | September 19, 2026 on DAZN",FwXK974HG6Q,https://www.youtube.com/watch?v=FwXK974HG6Q,Premier Boxing Champions,UCWXYAGB9SadlL6p5Bb66wWw,Ugy3Fw5Mwnpzgq8K6A14AaABAg,https://www.youtube.com/watch?v=FwXK974HG6Q&lc=Ugy3Fw5Mwnpzgq8K6A14AaABAg,"How did it take him that long to get rid of this guy? What a subpar performance, this guy has found his level.",@jayrogers2600,, ,1
YT000867,"Blancas vs Jimenez (PBC, 19 September 2026)",Boxing,2026-09-19,"PBC FIGHT HIGHLIGHTS: Blancas vs Jimenez | September 19, 2026 on DAZN",FwXK974HG6Q,https://www.youtube.com/watch?v=FwXK974HG6Q,Premier Boxing Champions,UCWXYAGB9SadlL6p5Bb66wWw,UgzeBtl8K5kIPxC_YUd4AaABAg,https://www.youtube.com/watch?v=FwXK974HG6Q&lc=UgzeBtl8K5kIPxC_YUd4AaABAg,If you guys payed attention all the fights the loser was only advised 2 weeks ago to get ready which is so unfair.,@Ftoyou2,,2,
YT000868,"Blancas vs Jimenez (PBC, 19 September 2026)",Boxing,2026-09-19,"PBC FIGHT HIGHLIGHTS: Blancas vs Jimenez | September 19, 2026 on DAZN",FwXK974HG6Q,https://www.youtube.com/watch?v=FwXK974HG6Q,Premier Boxing Champions,UCWXYAGB9SadlL6p5Bb66wWw,Ugz1avtocTgq-GftDyl4AaABAg,https://www.youtube.com/watch?v=FwXK974HG6Q&lc=Ugz1avtocTgq-GftDyl4AaABAg,"Que vergüenza de este ganador no le pudo ganar mejor a este viejito y eso que este viejito tubo dos semanas de preparación por qué le avisaron 
Tarde😅",@josegregoriohernandez1505,, ,
YT000869,"Verde vs Hernandez (PBC, 19 September 2026)",Boxing,2026-09-19,"PBC FIGHT HIGHLIGHTS: Verde vs Hernandez | September 19, 2026 on DAZN",q15gAYcoago,https://www.youtube.com/watch?v=q15gAYcoago,Premier Boxing Champions,UCWXYAGB9SadlL6p5Bb66wWw,Ugx9o3ofvSu5kqDFYWZ4AaABAg,https://www.youtube.com/watch?v=q15gAYcoago&lc=Ugx9o3ofvSu5kqDFYWZ4AaABAg,Verde should've been allowed to get a more solid stoppage win.,@JesusSJ517,,18,
YT000870,"Verde vs Hernandez (PBC, 19 September 2026)",Boxing,2026-09-19,"PBC FIGHT HIGHLIGHTS: Verde vs Hernandez | September 19, 2026 on DAZN",q15gAYcoago,https://www.youtube.com/watch?v=q15gAYcoago,Premier Boxing Champions,UCWXYAGB9SadlL6p5Bb66wWw,Ugx88Sf89AmfhYqee-l4AaABAg,https://www.youtube.com/watch?v=q15gAYcoago&lc=Ugx88Sf89AmfhYqee-l4AaABAg,He looked Fantastic. They need to match him with guys of his level. People don't realize he's probably Mexicos best Amateur star turned pro in a long time. This guy was competing at the highest levels in a stacked international weight class.,@MichaelRise-f1t,,8,
YT000871,"Verde vs Hernandez (PBC, 19 September 2026)",Boxing,2026-09-19,"PBC FIGHT HIGHLIGHTS: Verde vs Hernandez | September 19, 2026 on DAZN",q15gAYcoago,https://www.youtube.com/watch?v=q15gAYcoago,Premier Boxing Champions,UCWXYAGB9SadlL6p5Bb66wWw,Ugw-oYSchImnSCsZMNN4AaABAg,https://www.youtube.com/watch?v=q15gAYcoago&lc=Ugw-oYSchImnSCsZMNN4AaABAg,He a helluva fighter,@D4AWaKofiss,,5,
YT000872,"Verde vs Hernandez (PBC, 19 September 2026)",Boxing,2026-09-19,"PBC FIGHT HIGHLIGHTS: Verde vs Hernandez | September 19, 2026 on DAZN",q15gAYcoago,https://www.youtube.com/watch?v=q15gAYcoago,Premier Boxing Champions,UCWXYAGB9SadlL6p5Bb66wWw,UgyTTXN3efBWMxoktex4AaABAg,https://www.youtube.com/watch?v=q15gAYcoago&lc=UgyTTXN3efBWMxoktex4AaABAg,"Great stoppage, Verde is looking good 🇲🇽🇲🇽🇲🇽🔥🔥🔥🥊🥊🥊🥊",@HectorLopez-dl2hi,,4,
YT000873,"Verde vs Hernandez (PBC, 19 September 2026)",Boxing,2026-09-19,"PBC FIGHT HIGHLIGHTS: Verde vs Hernandez | September 19, 2026 on DAZN",q15gAYcoago,https://www.youtube.com/watch?v=q15gAYcoago,Premier Boxing Champions,UCWXYAGB9SadlL6p5Bb66wWw,UgzoyJcmfmheYeqeXyR4AaABAg,https://www.youtube.com/watch?v=q15gAYcoago&lc=UgzoyJcmfmheYeqeXyR4AaABAg,Best prospect in boxing,@DaRealShortDog,,30,15
YT000874,"Verde vs Hernandez (PBC, 19 September 2026)",Boxing,2026-09-19,"PBC FIGHT HIGHLIGHTS: Verde vs Hernandez | September 19, 2026 on DAZN",q15gAYcoago,https://www.youtube.com/watch?v=q15gAYcoago,Premier Boxing Champions,UCWXYAGB9SadlL6p5Bb66wWw,UgwiEQF_eeKppgGEl394AaABAg,https://www.youtube.com/watch?v=q15gAYcoago&lc=UgwiEQF_eeKppgGEl394AaABAg,Très bon boxeur je ne connaissais pas très technique coup d'oeil on arrive pas à le toucher à de rares moments,@braekkus45,,4,
YT000875,"Verde vs Hernandez (PBC, 19 September 2026)",Boxing,2026-09-19,"PBC FIGHT HIGHLIGHTS: Verde vs Hernandez | September 19, 2026 on DAZN",q15gAYcoago,https://www.youtube.com/watch?v=q15gAYcoago,Premier Boxing Champions,UCWXYAGB9SadlL6p5Bb66wWw,Ugw56Sb9RUwisK8RwEV4AaABAg,https://www.youtube.com/watch?v=q15gAYcoago&lc=Ugw56Sb9RUwisK8RwEV4AaABAg,"Que buen peleador trabajar muy bien al cuerpo tiene buen gancho  y es velos, ojala sea quien represente una mejoría en el boxeo mexicano",@germanyduke7814,,1,
YT000876,"Verde vs Hernandez (PBC, 19 September 2026)",Boxing,2026-09-19,"PBC FIGHT HIGHLIGHTS: Verde vs Hernandez | September 19, 2026 on DAZN",q15gAYcoago,https://www.youtube.com/watch?v=q15gAYcoago,Premier Boxing Champions,UCWXYAGB9SadlL6p5Bb66wWw,UgylDGOtyvYf328h6gF4AaABAg,https://www.youtube.com/watch?v=q15gAYcoago&lc=UgylDGOtyvYf328h6gF4AaABAg,Loving Verde,@MarvTheGreatest,,1,
YT000877,"Verde vs Hernandez (PBC, 19 September 2026)",Boxing,2026-09-19,"PBC FIGHT HIGHLIGHTS: Verde vs Hernandez | September 19, 2026 on DAZN",q15gAYcoago,https://www.youtube.com/watch?v=q15gAYcoago,Premier Boxing Champions,UCWXYAGB9SadlL6p5Bb66wWw,Ugym6VratWBlHidm5Rl4AaABAg,https://www.youtube.com/watch?v=q15gAYcoago&lc=Ugym6VratWBlHidm5Rl4AaABAg,Es el mejor Mexicano del momento.,@AngelLuna-j2x,,7,1
YT000878,"Verde vs Hernandez (PBC, 19 September 2026)",Boxing,2026-09-19,"PBC FIGHT HIGHLIGHTS: Verde vs Hernandez | September 19, 2026 on DAZN",q15gAYcoago,https://www.youtube.com/watch?v=q15gAYcoago,Premier Boxing Champions,UCWXYAGB9SadlL6p5Bb66wWw,Ugyrura6Y408G_-jwgV4AaABAg,https://www.youtube.com/watch?v=q15gAYcoago&lc=Ugyrura6Y408G_-jwgV4AaABAg,"Verde is bigger yet he’s listed at 5’9, PBC is a joke",@Gendam09,,8,2
YT000879,"Verde vs Hernandez (PBC, 19 September 2026)",Boxing,2026-09-19,"PBC FIGHT HIGHLIGHTS: Verde vs Hernandez | September 19, 2026 on DAZN",q15gAYcoago,https://www.youtube.com/watch?v=q15gAYcoago,Premier Boxing Champions,UCWXYAGB9SadlL6p5Bb66wWw,UgxFwfniPwym85hfypB4AaABAg,https://www.youtube.com/watch?v=q15gAYcoago&lc=UgxFwfniPwym85hfypB4AaABAg,😊,@sunreza1992,, ,
YT000880,"Verde vs Hernandez (PBC, 19 September 2026)",Boxing,2026-09-19,"PBC FIGHT HIGHLIGHTS: Verde vs Hernandez | September 19, 2026 on DAZN",q15gAYcoago,https://www.youtube.com/watch?v=q15gAYcoago,Premier Boxing Champions,UCWXYAGB9SadlL6p5Bb66wWw,Ugx4qkJh3fsJnvDN7Hl4AaABAg,https://www.youtube.com/watch?v=q15gAYcoago&lc=Ugx4qkJh3fsJnvDN7Hl4AaABAg,Le tiraron un diente ?,@YairCuatroveinte,,2,3
YT000881,"Verde vs Hernandez (PBC, 19 September 2026)",Boxing,2026-09-19,"PBC FIGHT HIGHLIGHTS: Verde vs Hernandez | September 19, 2026 on DAZN",q15gAYcoago,https://www.youtube.com/watch?v=q15gAYcoago,Premier Boxing Champions,UCWXYAGB9SadlL6p5Bb66wWw,UgxZaKBSzDmP3wyxtHh4AaABAg,https://www.youtube.com/watch?v=q15gAYcoago&lc=UgxZaKBSzDmP3wyxtHh4AaABAg,The worst stoppage i ever seen,@kilosellz7993,,1,
YT000882,"Verde vs Hernandez (PBC, 19 September 2026)",Boxing,2026-09-19,"PBC FIGHT HIGHLIGHTS: Verde vs Hernandez | September 19, 2026 on DAZN",q15gAYcoago,https://www.youtube.com/watch?v=q15gAYcoago,Premier Boxing Champions,UCWXYAGB9SadlL6p5Bb66wWw,UgxpcUM22Exs6Cbqby14AaABAg,https://www.youtube.com/watch?v=q15gAYcoago&lc=UgxpcUM22Exs6Cbqby14AaABAg,Marco verde is a better prospect than Omari jones 🥱,@ToxicReacts,, ,
YT000883,"Verde vs Hernandez (PBC, 19 September 2026)",Boxing,2026-09-19,"PBC FIGHT HIGHLIGHTS: Verde vs Hernandez | September 19, 2026 on DAZN",q15gAYcoago,https://www.youtube.com/watch?v=q15gAYcoago,Premier Boxing Champions,UCWXYAGB9SadlL6p5Bb66wWw,UgwHP795KIJIMVFCCuN4AaABAg,https://www.youtube.com/watch?v=q15gAYcoago&lc=UgwHP795KIJIMVFCCuN4AaABAg,Terrible stoppage wtf bro was even looking fine afterwards and he was throwing,@infernohq7946,,7,2
YT000884,"Verde vs Hernandez (PBC, 19 September 2026)",Boxing,2026-09-19,"PBC FIGHT HIGHLIGHTS: Verde vs Hernandez | September 19, 2026 on DAZN",q15gAYcoago,https://www.youtube.com/watch?v=q15gAYcoago,Premier Boxing Champions,UCWXYAGB9SadlL6p5Bb66wWw,UgwA7ixUinj34UbeCxt4AaABAg,https://www.youtube.com/watch?v=q15gAYcoago&lc=UgwA7ixUinj34UbeCxt4AaABAg,Wtf,@damianherrera346,, ,
YT000885,UFC 331,MMA,,Every Knockout and Submission From UFC 331 | UFC Highlights,D9gmLIscwlI,https://www.youtube.com/watch?v=D9gmLIscwlI,UFC,UCvgfXK4nTYKudb0rFR6noLA,UgzxbESD6Lm88V2ge6p4AaABAg,https://www.youtube.com/watch?v=D9gmLIscwlI&lc=UgzxbESD6Lm88V2ge6p4AaABAg,The quick and frequent YouTube uploads right after events is probably the best part of the paramount deal imo,@VictorYanez_,,1.4K,9
YT000886,UFC 331,MMA,,Every Knockout and Submission From UFC 331 | UFC Highlights,D9gmLIscwlI,https://www.youtube.com/watch?v=D9gmLIscwlI,UFC,UCvgfXK4nTYKudb0rFR6noLA,UgzFNpgRy7xZEXXClxV4AaABAg,https://www.youtube.com/watch?v=D9gmLIscwlI&lc=UgzFNpgRy7xZEXXClxV4AaABAg,Sharaf will forever have a fan,@aryanyadav7308,,505,5
YT000887,UFC 331,MMA,,Every Knockout and Submission From UFC 331 | UFC Highlights,D9gmLIscwlI,https://www.youtube.com/watch?v=D9gmLIscwlI,UFC,UCvgfXK4nTYKudb0rFR6noLA,UgzC6xjqf8xyKThA2zZ4AaABAg,https://www.youtube.com/watch?v=D9gmLIscwlI&lc=UgzC6xjqf8xyKThA2zZ4AaABAg,They really put gable as the thumbnail lmao,@mack3492,,2K,30
YT000888,UFC 331,MMA,,Every Knockout and Submission From UFC 331 | UFC Highlights,D9gmLIscwlI,https://www.youtube.com/watch?v=D9gmLIscwlI,UFC,UCvgfXK4nTYKudb0rFR6noLA,Ugxjeh7DFqcGH_LzLUZ4AaABAg,https://www.youtube.com/watch?v=D9gmLIscwlI&lc=Ugxjeh7DFqcGH_LzLUZ4AaABAg,"Gable getting flatlined was so satisfying, especially with Jones in his corner and dc glazing him endlessly until he got iced",@pupperfaust8547,,469,8
YT000889,UFC 331,MMA,,Every Knockout and Submission From UFC 331 | UFC Highlights,D9gmLIscwlI,https://www.youtube.com/watch?v=D9gmLIscwlI,UFC,UCvgfXK4nTYKudb0rFR6noLA,Ugx82iY4tuFfAnDDoeB4AaABAg,https://www.youtube.com/watch?v=D9gmLIscwlI&lc=Ugx82iY4tuFfAnDDoeB4AaABAg,Bro got bullied in the press conference and FINISHED in 10 😂 that was for the grape victim,@ArmbarYou,,2K,39
YT000890,UFC 331,MMA,,Every Knockout and Submission From UFC 331 | UFC Highlights,D9gmLIscwlI,https://www.youtube.com/watch?v=D9gmLIscwlI,UFC,UCvgfXK4nTYKudb0rFR6noLA,Ugx_tiukKy7j9Yaj3Gh4AaABAg,https://www.youtube.com/watch?v=D9gmLIscwlI&lc=Ugx_tiukKy7j9Yaj3Gh4AaABAg,Sharaf with the super necessary punch after the KO. Salute to a real hero,@UrbanOutlawsSk8Co,,251,
YT000891,UFC 331,MMA,,Every Knockout and Submission From UFC 331 | UFC Highlights,D9gmLIscwlI,https://www.youtube.com/watch?v=D9gmLIscwlI,UFC,UCvgfXK4nTYKudb0rFR6noLA,UgxOuL1zUS7xujOz9ud4AaABAg,https://www.youtube.com/watch?v=D9gmLIscwlI&lc=UgxOuL1zUS7xujOz9ud4AaABAg,Sharaf is an American hero,@vince11harris,,3.3K,84
YT000892,UFC 331,MMA,,Every Knockout and Submission From UFC 331 | UFC Highlights,D9gmLIscwlI,https://www.youtube.com/watch?v=D9gmLIscwlI,UFC,UCvgfXK4nTYKudb0rFR6noLA,UgxLkFxjgxpKlm4d99Z4AaABAg,https://www.youtube.com/watch?v=D9gmLIscwlI&lc=UgxLkFxjgxpKlm4d99Z4AaABAg,Now gable knows what it’s like to have someone on top of him while he’s unconscious! Lfg!!,@user-jk1vh2zi2j,,185,3
YT000893,UFC 331,MMA,,Every Knockout and Submission From UFC 331 | UFC Highlights,D9gmLIscwlI,https://www.youtube.com/watch?v=D9gmLIscwlI,UFC,UCvgfXK4nTYKudb0rFR6noLA,Ugx9ZCVQa9N0K3YK7QN4AaABAg,https://www.youtube.com/watch?v=D9gmLIscwlI&lc=Ugx9ZCVQa9N0K3YK7QN4AaABAg,Gable did not consent to that left hand,@TheAirRunner1,,2K,38
YT000894,UFC 331,MMA,,Every Knockout and Submission From UFC 331 | UFC Highlights,D9gmLIscwlI,https://www.youtube.com/watch?v=D9gmLIscwlI,UFC,UCvgfXK4nTYKudb0rFR6noLA,Ugw8GDRTpw9v8wVupeF4AaABAg,https://www.youtube.com/watch?v=D9gmLIscwlI&lc=Ugw8GDRTpw9v8wVupeF4AaABAg,Hilarious how hyped Grapel was just to get knocked out within 15 seconds 😂,@Worm8theBird,,206,4
YT000895,UFC 331,MMA,,Every Knockout and Submission From UFC 331 | UFC Highlights,D9gmLIscwlI,https://www.youtube.com/watch?v=D9gmLIscwlI,UFC,UCvgfXK4nTYKudb0rFR6noLA,UgzDD7R388bInUpEocN4AaABAg,https://www.youtube.com/watch?v=D9gmLIscwlI&lc=UgzDD7R388bInUpEocN4AaABAg,Jon Jones pep talk to gable was longer than the fight 😂,@rahilmia951,,1K,8
YT000896,UFC 331,MMA,,Every Knockout and Submission From UFC 331 | UFC Highlights,D9gmLIscwlI,https://www.youtube.com/watch?v=D9gmLIscwlI,UFC,UCvgfXK4nTYKudb0rFR6noLA,UgwOQ81jasMEfCiAuSt4AaABAg,https://www.youtube.com/watch?v=D9gmLIscwlI&lc=UgwOQ81jasMEfCiAuSt4AaABAg,Graple couldnt find a loophole out of this one,@HeliodromusScorpio,,190,3
YT000897,UFC 331,MMA,,Every Knockout and Submission From UFC 331 | UFC Highlights,D9gmLIscwlI,https://www.youtube.com/watch?v=D9gmLIscwlI,UFC,UCvgfXK4nTYKudb0rFR6noLA,Ugz2LNXnkHFVbFlWMkN4AaABAg,https://www.youtube.com/watch?v=D9gmLIscwlI&lc=Ugz2LNXnkHFVbFlWMkN4AaABAg,that arm bar was nuts,@TakedownO44,,1.2K,31
YT000898,UFC 331,MMA,,Every Knockout and Submission From UFC 331 | UFC Highlights,D9gmLIscwlI,https://www.youtube.com/watch?v=D9gmLIscwlI,UFC,UCvgfXK4nTYKudb0rFR6noLA,UgwlKwAo1eeLfvSeJQN4AaABAg,https://www.youtube.com/watch?v=D9gmLIscwlI&lc=UgwlKwAo1eeLfvSeJQN4AaABAg,So satisfying watching Gable get knocked out,@federicothompson2299,,126,
YT000899,UFC 331,MMA,,Every Knockout and Submission From UFC 331 | UFC Highlights,D9gmLIscwlI,https://www.youtube.com/watch?v=D9gmLIscwlI,UFC,UCvgfXK4nTYKudb0rFR6noLA,Ugy5qaWPnNBuODrmGdN4AaABAg,https://www.youtube.com/watch?v=D9gmLIscwlI&lc=Ugy5qaWPnNBuODrmGdN4AaABAg,Gable got flat lined.... Satisfied one of the satisfying moments in 2026 🙏,@Mr.ZYVOR-Zx,,705,10
YT000900,UFC 331,MMA,,Every Knockout and Submission From UFC 331 | UFC Highlights,D9gmLIscwlI,https://www.youtube.com/watch?v=D9gmLIscwlI,UFC,UCvgfXK4nTYKudb0rFR6noLA,UgwVlG7P_zX-YaNY5pV4AaABAg,https://www.youtube.com/watch?v=D9gmLIscwlI&lc=UgwVlG7P_zX-YaNY5pV4AaABAg,That armbar was so fkin sick .,@Lexnycbk,,130,1
YT000901,Joshua Van vs Alexandre Pantoja (UFC 331),MMA,,INSTANT CLASSIC 🍿 | Joshua Van vs. Alexandre Pantoja | UFC 331 Mini Fight Highlights,Ar1E6RBEDEM,https://www.youtube.com/watch?v=Ar1E6RBEDEM,UFC on Paramount+,UCS-uZIRjDlmyYHw2jUyCxzQ,UgzEpUQ-lxCyN91pEQ94AaABAg,https://www.youtube.com/watch?v=Ar1E6RBEDEM&lc=UgzEpUQ-lxCyN91pEQ94AaABAg,"Watching Pantoja, I saw that “old warriors never die” kind of passion, but seeing him slowly break down against a young, talented fighter felt like watching a movie unfold. Man, respect to both fighters. They were incredible.",@yc-2015,,1.4K,26
YT000902,Joshua Van vs Alexandre Pantoja (UFC 331),MMA,,INSTANT CLASSIC 🍿 | Joshua Van vs. Alexandre Pantoja | UFC 331 Mini Fight Highlights,Ar1E6RBEDEM,https://www.youtube.com/watch?v=Ar1E6RBEDEM,UFC on Paramount+,UCS-uZIRjDlmyYHw2jUyCxzQ,UgypZCVdMMwQBYp-USZ4AaABAg,https://www.youtube.com/watch?v=Ar1E6RBEDEM&lc=UgypZCVdMMwQBYp-USZ4AaABAg,Van is so talented and skilled and has officially solidified himself as the champ,@Drakeistuff,,763,10
YT000903,Joshua Van vs Alexandre Pantoja (UFC 331),MMA,,INSTANT CLASSIC 🍿 | Joshua Van vs. Alexandre Pantoja | UFC 331 Mini Fight Highlights,Ar1E6RBEDEM,https://www.youtube.com/watch?v=Ar1E6RBEDEM,UFC on Paramount+,UCS-uZIRjDlmyYHw2jUyCxzQ,UgwD3zUHVCGRnYB1fwJ4AaABAg,https://www.youtube.com/watch?v=Ar1E6RBEDEM&lc=UgwD3zUHVCGRnYB1fwJ4AaABAg,Pantoja has an all time chin thats for sure,@blueberryhazyhead,,610,9
YT000904,Joshua Van vs Alexandre Pantoja (UFC 331),MMA,,INSTANT CLASSIC 🍿 | Joshua Van vs. Alexandre Pantoja | UFC 331 Mini Fight Highlights,Ar1E6RBEDEM,https://www.youtube.com/watch?v=Ar1E6RBEDEM,UFC on Paramount+,UCS-uZIRjDlmyYHw2jUyCxzQ,UgyXhPfwlLcZwPrdRrN4AaABAg,https://www.youtube.com/watch?v=Ar1E6RBEDEM&lc=UgyXhPfwlLcZwPrdRrN4AaABAg,"Joshua Van refuses to have a boring fight, and the fact he is only 24 wow!, can't wait for his next fight",@ShawnFX,,897,12
YT000905,Joshua Van vs Alexandre Pantoja (UFC 331),MMA,,INSTANT CLASSIC 🍿 | Joshua Van vs. Alexandre Pantoja | UFC 331 Mini Fight Highlights,Ar1E6RBEDEM,https://www.youtube.com/watch?v=Ar1E6RBEDEM,UFC on Paramount+,UCS-uZIRjDlmyYHw2jUyCxzQ,UgxODw2-iJ9pIi2sLVF4AaABAg,https://www.youtube.com/watch?v=Ar1E6RBEDEM&lc=UgxODw2-iJ9pIi2sLVF4AaABAg,"van is legit now this is over with, congrats champ",@coldhater,,341,4
YT000906,Joshua Van vs Alexandre Pantoja (UFC 331),MMA,,INSTANT CLASSIC 🍿 | Joshua Van vs. Alexandre Pantoja | UFC 331 Mini Fight Highlights,Ar1E6RBEDEM,https://www.youtube.com/watch?v=Ar1E6RBEDEM,UFC on Paramount+,UCS-uZIRjDlmyYHw2jUyCxzQ,Ugx9oHzHQ3168PvqENx4AaABAg,https://www.youtube.com/watch?v=Ar1E6RBEDEM&lc=Ugx9oHzHQ3168PvqENx4AaABAg,these dudes are both really good.. props to both.,@pizzarestrial1301,,216,
YT000907,Joshua Van vs Alexandre Pantoja (UFC 331),MMA,,INSTANT CLASSIC 🍿 | Joshua Van vs. Alexandre Pantoja | UFC 331 Mini Fight Highlights,Ar1E6RBEDEM,https://www.youtube.com/watch?v=Ar1E6RBEDEM,UFC on Paramount+,UCS-uZIRjDlmyYHw2jUyCxzQ,Ugwh7OBc024ubklFsfl4AaABAg,https://www.youtube.com/watch?v=Ar1E6RBEDEM&lc=Ugwh7OBc024ubklFsfl4AaABAg,Van’s boxing is beautiful. Crisp and textbook.,@chasedownblocks1736,,220,6
YT000908,Joshua Van vs Alexandre Pantoja (UFC 331),MMA,,INSTANT CLASSIC 🍿 | Joshua Van vs. Alexandre Pantoja | UFC 331 Mini Fight Highlights,Ar1E6RBEDEM,https://www.youtube.com/watch?v=Ar1E6RBEDEM,UFC on Paramount+,UCS-uZIRjDlmyYHw2jUyCxzQ,UgxTN76JRWaBdHn-cop4AaABAg,https://www.youtube.com/watch?v=Ar1E6RBEDEM&lc=UgxTN76JRWaBdHn-cop4AaABAg,Van broke the drake curse😂,@shaun_73-k7n,,547,10
YT000909,Joshua Van vs Alexandre Pantoja (UFC 331),MMA,,INSTANT CLASSIC 🍿 | Joshua Van vs. Alexandre Pantoja | UFC 331 Mini Fight Highlights,Ar1E6RBEDEM,https://www.youtube.com/watch?v=Ar1E6RBEDEM,UFC on Paramount+,UCS-uZIRjDlmyYHw2jUyCxzQ,UgxUR2wXAKOfIFEVz0Z4AaABAg,https://www.youtube.com/watch?v=Ar1E6RBEDEM&lc=UgxUR2wXAKOfIFEVz0Z4AaABAg,2 out of the 3 best fights of the year by Joshua Van. Incredible fighter. What a prodigy.,@meangoooo,,55,2
YT000910,Joshua Van vs Alexandre Pantoja (UFC 331),MMA,,INSTANT CLASSIC 🍿 | Joshua Van vs. Alexandre Pantoja | UFC 331 Mini Fight Highlights,Ar1E6RBEDEM,https://www.youtube.com/watch?v=Ar1E6RBEDEM,UFC on Paramount+,UCS-uZIRjDlmyYHw2jUyCxzQ,UgzrSQXUO6O3smT12jt4AaABAg,https://www.youtube.com/watch?v=Ar1E6RBEDEM&lc=UgzrSQXUO6O3smT12jt4AaABAg,"What we witnessed was the passing of the torch. In a way it was hard to watch, seeing Pantoja starting to break down. But holy shit man, Josh is the real deal. To come alive and pour it on like that in the 5th. This kid is something else.",@stevenratcliff8956,,38,
YT000911,Joshua Van vs Alexandre Pantoja (UFC 331),MMA,,INSTANT CLASSIC 🍿 | Joshua Van vs. Alexandre Pantoja | UFC 331 Mini Fight Highlights,Ar1E6RBEDEM,https://www.youtube.com/watch?v=Ar1E6RBEDEM,UFC on Paramount+,UCS-uZIRjDlmyYHw2jUyCxzQ,UgxnIhIEyji8FHmidWN4AaABAg,https://www.youtube.com/watch?v=Ar1E6RBEDEM&lc=UgxnIhIEyji8FHmidWN4AaABAg,Van improves with every fight…big fan. Props to Pantoja.,@asianpatriot920,,63,
YT000912,Joshua Van vs Alexandre Pantoja (UFC 331),MMA,,INSTANT CLASSIC 🍿 | Joshua Van vs. Alexandre Pantoja | UFC 331 Mini Fight Highlights,Ar1E6RBEDEM,https://www.youtube.com/watch?v=Ar1E6RBEDEM,UFC on Paramount+,UCS-uZIRjDlmyYHw2jUyCxzQ,UgzGjC0hGNI_4L08v9N4AaABAg,https://www.youtube.com/watch?v=Ar1E6RBEDEM&lc=UgzGjC0hGNI_4L08v9N4AaABAg,That's a championship performance! Respect!,@SKMarcusA,,44,
YT000913,Joshua Van vs Alexandre Pantoja (UFC 331),MMA,,INSTANT CLASSIC 🍿 | Joshua Van vs. Alexandre Pantoja | UFC 331 Mini Fight Highlights,Ar1E6RBEDEM,https://www.youtube.com/watch?v=Ar1E6RBEDEM,UFC on Paramount+,UCS-uZIRjDlmyYHw2jUyCxzQ,Ugz1pnldZ2DN3tmH4054AaABAg,https://www.youtube.com/watch?v=Ar1E6RBEDEM&lc=Ugz1pnldZ2DN3tmH4054AaABAg,"Van is so crisp. Gastank, everything is on point",@Roger-tv7sf,,23,2
YT000914,Joshua Van vs Alexandre Pantoja (UFC 331),MMA,,INSTANT CLASSIC 🍿 | Joshua Van vs. Alexandre Pantoja | UFC 331 Mini Fight Highlights,Ar1E6RBEDEM,https://www.youtube.com/watch?v=Ar1E6RBEDEM,UFC on Paramount+,UCS-uZIRjDlmyYHw2jUyCxzQ,UgwzEP4R_Rb6saMqGTB4AaABAg,https://www.youtube.com/watch?v=Ar1E6RBEDEM&lc=UgwzEP4R_Rb6saMqGTB4AaABAg,"Pantoja put a great fight. He was a champ for a long time for a good reason, he's still really sharp despite being old in MMA age",@generalbutton,,66,2
YT000915,Joshua Van vs Alexandre Pantoja (UFC 331),MMA,,INSTANT CLASSIC 🍿 | Joshua Van vs. Alexandre Pantoja | UFC 331 Mini Fight Highlights,Ar1E6RBEDEM,https://www.youtube.com/watch?v=Ar1E6RBEDEM,UFC on Paramount+,UCS-uZIRjDlmyYHw2jUyCxzQ,UgwSNoG7uy3jMjmZNBR4AaABAg,https://www.youtube.com/watch?v=Ar1E6RBEDEM&lc=UgwSNoG7uy3jMjmZNBR4AaABAg,Pantoja's ears must be ringing all night from all those ear slaps,@AI-Slop-Cop,,10,
YT000916,Joshua Van vs Alexandre Pantoja (UFC 331),MMA,,INSTANT CLASSIC 🍿 | Joshua Van vs. Alexandre Pantoja | UFC 331 Mini Fight Highlights,Ar1E6RBEDEM,https://www.youtube.com/watch?v=Ar1E6RBEDEM,UFC on Paramount+,UCS-uZIRjDlmyYHw2jUyCxzQ,Ugws0-R7Id2KaVbgfEV4AaABAg,https://www.youtube.com/watch?v=Ar1E6RBEDEM&lc=Ugws0-R7Id2KaVbgfEV4AaABAg,"Amazing fight. Van is one of the best pure fighters. Hell of a boxer, quick jabs, uppercuts, and amazing defense to get out of the grappling.",@allenle2371,,97,
YT000917,Raul Rosas Jr vs Ricky Turcios (UFC Vegas 121),MMA,,Raul Rosas Jr vs Ricky Turcios | FULL FIGHT | UFC Vegas 121,Li9Ge7oDxWM,https://www.youtube.com/watch?v=Li9Ge7oDxWM,UFC,UCvgfXK4nTYKudb0rFR6noLA,UgxS3O7maZjSPHJps1h4AaABAg,https://www.youtube.com/watch?v=Li9Ge7oDxWM&lc=UgxS3O7maZjSPHJps1h4AaABAg,All class and sportsmanship from Raul. Turcios is a tool.,@khoi_tran,,107,4
YT000918,Raul Rosas Jr vs Ricky Turcios (UFC Vegas 121),MMA,,Raul Rosas Jr vs Ricky Turcios | FULL FIGHT | UFC Vegas 121,Li9Ge7oDxWM,https://www.youtube.com/watch?v=Li9Ge7oDxWM,UFC,UCvgfXK4nTYKudb0rFR6noLA,Ugy-SHYjG5d81l5QIlZ4AaABAg,https://www.youtube.com/watch?v=Li9Ge7oDxWM&lc=Ugy-SHYjG5d81l5QIlZ4AaABAg,"As soon as dude said fuck you and didnt touch gloves i wanted him to lose badly. Youre a professional, act like it. Fight hard, be mean, hate your opponent, but do t be a disrespectful fuck. Good match.",@anthonysantos3629,,20,1
YT000919,Raul Rosas Jr vs Ricky Turcios (UFC Vegas 121),MMA,,Raul Rosas Jr vs Ricky Turcios | FULL FIGHT | UFC Vegas 121,Li9Ge7oDxWM,https://www.youtube.com/watch?v=Li9Ge7oDxWM,UFC,UCvgfXK4nTYKudb0rFR6noLA,Ugx0q__QbWScXUousiN4AaABAg,https://www.youtube.com/watch?v=Li9Ge7oDxWM&lc=Ugx0q__QbWScXUousiN4AaABAg,Best ground grappling match I've seen in a while.,@natedoggstyle,,19,
YT000920,Raul Rosas Jr vs Ricky Turcios (UFC Vegas 121),MMA,,Raul Rosas Jr vs Ricky Turcios | FULL FIGHT | UFC Vegas 121,Li9Ge7oDxWM,https://www.youtube.com/watch?v=Li9Ge7oDxWM,UFC,UCvgfXK4nTYKudb0rFR6noLA,Ugy0qL5ZPY5hKj4EN2N4AaABAg,https://www.youtube.com/watch?v=Li9Ge7oDxWM&lc=Ugy0qL5ZPY5hKj4EN2N4AaABAg,Rosas got that neck guarding chin! NO FAIR 😂,@Twitteo,,29,1
YT000921,Raul Rosas Jr vs Ricky Turcios (UFC Vegas 121),MMA,,Raul Rosas Jr vs Ricky Turcios | FULL FIGHT | UFC Vegas 121,Li9Ge7oDxWM,https://www.youtube.com/watch?v=Li9Ge7oDxWM,UFC,UCvgfXK4nTYKudb0rFR6noLA,UgxyGhw1-BvPU-aqzTt4AaABAg,https://www.youtube.com/watch?v=Li9Ge7oDxWM&lc=UgxyGhw1-BvPU-aqzTt4AaABAg,How many 12 to 6 elbows to the back of the head until a point is taken? Apparently more than 14....,@InTheWoodsToday,,65,4
YT000922,Raul Rosas Jr vs Ricky Turcios (UFC Vegas 121),MMA,,Raul Rosas Jr vs Ricky Turcios | FULL FIGHT | UFC Vegas 121,Li9Ge7oDxWM,https://www.youtube.com/watch?v=Li9Ge7oDxWM,UFC,UCvgfXK4nTYKudb0rFR6noLA,UgzCKuU570QdbgZhXRF4AaABAg,https://www.youtube.com/watch?v=Li9Ge7oDxWM&lc=UgzCKuU570QdbgZhXRF4AaABAg,Raul Rosas Jr. Grappling is great to see!  mixing striking and ground work!  I can tell when I see Great MMA Grapplers with Great power And Wrestler abilities! Like Matt Hughes or Ben Askren,@andylee7953,,7,
YT000923,Raul Rosas Jr vs Ricky Turcios (UFC Vegas 121),MMA,,Raul Rosas Jr vs Ricky Turcios | FULL FIGHT | UFC Vegas 121,Li9Ge7oDxWM,https://www.youtube.com/watch?v=Li9Ge7oDxWM,UFC,UCvgfXK4nTYKudb0rFR6noLA,UgwUxCYhKUQCi-4aSqd4AaABAg,https://www.youtube.com/watch?v=Li9Ge7oDxWM&lc=UgwUxCYhKUQCi-4aSqd4AaABAg,No puedes ir de flipao por la vida llamandote ricky turcios 😂😂,@-parra-8565,,7,
YT000924,Raul Rosas Jr vs Ricky Turcios (UFC Vegas 121),MMA,,Raul Rosas Jr vs Ricky Turcios | FULL FIGHT | UFC Vegas 121,Li9Ge7oDxWM,https://www.youtube.com/watch?v=Li9Ge7oDxWM,UFC,UCvgfXK4nTYKudb0rFR6noLA,Ugyy1ciQMG7tL3JuTQB4AaABAg,https://www.youtube.com/watch?v=Li9Ge7oDxWM&lc=Ugyy1ciQMG7tL3JuTQB4AaABAg,Kicking his hand in beginning costed him lmao,@SamLi-e8s,,4,
YT000925,Raul Rosas Jr vs Ricky Turcios (UFC Vegas 121),MMA,,Raul Rosas Jr vs Ricky Turcios | FULL FIGHT | UFC Vegas 121,Li9Ge7oDxWM,https://www.youtube.com/watch?v=Li9Ge7oDxWM,UFC,UCvgfXK4nTYKudb0rFR6noLA,UgxNG6bJkvUA2JWA7IZ4AaABAg,https://www.youtube.com/watch?v=Li9Ge7oDxWM&lc=UgxNG6bJkvUA2JWA7IZ4AaABAg,"This kid has done what he claimed and more!!! WOW!! Lol I hope he keeps up the hard work, it’s showing!! 👍",@joshmajor8662,,6,
YT000926,Raul Rosas Jr vs Ricky Turcios (UFC Vegas 121),MMA,,Raul Rosas Jr vs Ricky Turcios | FULL FIGHT | UFC Vegas 121,Li9Ge7oDxWM,https://www.youtube.com/watch?v=Li9Ge7oDxWM,UFC,UCvgfXK4nTYKudb0rFR6noLA,UgxbSRZl9mKEP4hA3Td4AaABAg,https://www.youtube.com/watch?v=Li9Ge7oDxWM&lc=UgxbSRZl9mKEP4hA3Td4AaABAg,Rosas is a good and dangerous man.,@jrowlandj,,4,
YT000927,Raul Rosas Jr vs Ricky Turcios (UFC Vegas 121),MMA,,Raul Rosas Jr vs Ricky Turcios | FULL FIGHT | UFC Vegas 121,Li9Ge7oDxWM,https://www.youtube.com/watch?v=Li9Ge7oDxWM,UFC,UCvgfXK4nTYKudb0rFR6noLA,UgxwLoQsj_HnrRRS90p4AaABAg,https://www.youtube.com/watch?v=Li9Ge7oDxWM&lc=UgxwLoQsj_HnrRRS90p4AaABAg,"Psychiatrist to Turcios...

""Why so angry all the time?""",@TheWidowJenkins,, ,
YT000928,Raul Rosas Jr vs Ricky Turcios (UFC Vegas 121),MMA,,Raul Rosas Jr vs Ricky Turcios | FULL FIGHT | UFC Vegas 121,Li9Ge7oDxWM,https://www.youtube.com/watch?v=Li9Ge7oDxWM,UFC,UCvgfXK4nTYKudb0rFR6noLA,Ugz4WPwRRZce8MMmcoZ4AaABAg,https://www.youtube.com/watch?v=Li9Ge7oDxWM&lc=Ugz4WPwRRZce8MMmcoZ4AaABAg,who talked the talk vs who walked the walk,@WhiteChocoLateThree,,2,
YT000929,Raul Rosas Jr vs Ricky Turcios (UFC Vegas 121),MMA,,Raul Rosas Jr vs Ricky Turcios | FULL FIGHT | UFC Vegas 121,Li9Ge7oDxWM,https://www.youtube.com/watch?v=Li9Ge7oDxWM,UFC,UCvgfXK4nTYKudb0rFR6noLA,UgwuCtmd7eKmMz3Fz-F4AaABAg,https://www.youtube.com/watch?v=Li9Ge7oDxWM&lc=UgwuCtmd7eKmMz3Fz-F4AaABAg,Успех бойца впрямую связано с тренерской работой ... Не помешало бы показать тренеров Росама ...,@elenasemenovnakharitonova7429,,3,
YT000930,Raul Rosas Jr vs Ricky Turcios (UFC Vegas 121),MMA,,Raul Rosas Jr vs Ricky Turcios | FULL FIGHT | UFC Vegas 121,Li9Ge7oDxWM,https://www.youtube.com/watch?v=Li9Ge7oDxWM,UFC,UCvgfXK4nTYKudb0rFR6noLA,Ugy9xuM1FfMRWJZtEFh4AaABAg,https://www.youtube.com/watch?v=Li9Ge7oDxWM&lc=Ugy9xuM1FfMRWJZtEFh4AaABAg,Wow great fight,@gadsabbah8381,,13,
YT000931,Raul Rosas Jr vs Ricky Turcios (UFC Vegas 121),MMA,,Raul Rosas Jr vs Ricky Turcios | FULL FIGHT | UFC Vegas 121,Li9Ge7oDxWM,https://www.youtube.com/watch?v=Li9Ge7oDxWM,UFC,UCvgfXK4nTYKudb0rFR6noLA,UgxFoCnXur9WkjWHSBB4AaABAg,https://www.youtube.com/watch?v=Li9Ge7oDxWM&lc=UgxFoCnXur9WkjWHSBB4AaABAg,Chi-wi-wiiiiiiiii!!,@ElyusAalfs,,19,
YT000932,Raul Rosas Jr vs Ricky Turcios (UFC Vegas 121),MMA,,Raul Rosas Jr vs Ricky Turcios | FULL FIGHT | UFC Vegas 121,Li9Ge7oDxWM,https://www.youtube.com/watch?v=Li9Ge7oDxWM,UFC,UCvgfXK4nTYKudb0rFR6noLA,UgwlQ5X93vce1u6mupV4AaABAg,https://www.youtube.com/watch?v=Li9Ge7oDxWM&lc=UgwlQ5X93vce1u6mupV4AaABAg,I would say he smothered him to the point he has to give his back 😂,@TashiSangpo,,1,
YT000933,Wang Cong vs Tracy Cortez (UFC 332),MMA,,Wang Cong vs Tracy Cortez | FULL FIGHT | UFC 332,A09GMoVm9S8,https://www.youtube.com/watch?v=A09GMoVm9S8,UFC,UCvgfXK4nTYKudb0rFR6noLA,UgwQQonnN4i4kf7xglt4AaABAg,https://www.youtube.com/watch?v=A09GMoVm9S8&lc=UgwQQonnN4i4kf7xglt4AaABAg,why is this fight no joke one if the most interesting I have seen,@thorstenhanskarlhallhanspe3663,,3,
YT000934,Wang Cong vs Tracy Cortez (UFC 332),MMA,,Wang Cong vs Tracy Cortez | FULL FIGHT | UFC 332,A09GMoVm9S8,https://www.youtube.com/watch?v=A09GMoVm9S8,UFC,UCvgfXK4nTYKudb0rFR6noLA,UgwgBRMrcy6LTtMoUVl4AaABAg,https://www.youtube.com/watch?v=A09GMoVm9S8&lc=UgwgBRMrcy6LTtMoUVl4AaABAg,Great fight between these two ladies 👊🔥👊,@VONDavis-r6c,,11,
YT000935,Wang Cong vs Tracy Cortez (UFC 332),MMA,,Wang Cong vs Tracy Cortez | FULL FIGHT | UFC 332,A09GMoVm9S8,https://www.youtube.com/watch?v=A09GMoVm9S8,UFC,UCvgfXK4nTYKudb0rFR6noLA,Ugyq8r0vJhgCT6HQAGJ4AaABAg,https://www.youtube.com/watch?v=A09GMoVm9S8&lc=Ugyq8r0vJhgCT6HQAGJ4AaABAg,"""I love the kind of woman who can kick my ass.""

Spike vs Electra",@KurtsKats,,6,
YT000936,Wang Cong vs Tracy Cortez (UFC 332),MMA,,Wang Cong vs Tracy Cortez | FULL FIGHT | UFC 332,A09GMoVm9S8,https://www.youtube.com/watch?v=A09GMoVm9S8,UFC,UCvgfXK4nTYKudb0rFR6noLA,UgyostMotzfbsxf6Ip94AaABAg,https://www.youtube.com/watch?v=A09GMoVm9S8&lc=UgyostMotzfbsxf6Ip94AaABAg,Man I don’t get the Tracy hype she mid,@gabinoperez873,,15,
YT000937,Wang Cong vs Tracy Cortez (UFC 332),MMA,,Wang Cong vs Tracy Cortez | FULL FIGHT | UFC 332,A09GMoVm9S8,https://www.youtube.com/watch?v=A09GMoVm9S8,UFC,UCvgfXK4nTYKudb0rFR6noLA,UgyUt8uXglERaDgzU5x4AaABAg,https://www.youtube.com/watch?v=A09GMoVm9S8&lc=UgyUt8uXglERaDgzU5x4AaABAg,Everybody Wang Cong tonight.,@danielfernandez2799,,3,
YT000938,Wang Cong vs Tracy Cortez (UFC 332),MMA,,Wang Cong vs Tracy Cortez | FULL FIGHT | UFC 332,A09GMoVm9S8,https://www.youtube.com/watch?v=A09GMoVm9S8,UFC,UCvgfXK4nTYKudb0rFR6noLA,UgwRWC_IFwnq5IvDagZ4AaABAg,https://www.youtube.com/watch?v=A09GMoVm9S8&lc=UgwRWC_IFwnq5IvDagZ4AaABAg,Love to see it,@xavierguevara3121,,2,
YT000939,Wang Cong vs Tracy Cortez (UFC 332),MMA,,Wang Cong vs Tracy Cortez | FULL FIGHT | UFC 332,A09GMoVm9S8,https://www.youtube.com/watch?v=A09GMoVm9S8,UFC,UCvgfXK4nTYKudb0rFR6noLA,UgyjudRBae_ZKbFxiPZ4AaABAg,https://www.youtube.com/watch?v=A09GMoVm9S8&lc=UgyjudRBae_ZKbFxiPZ4AaABAg,Good,@GandharvSharma-mma,,1,
YT000940,Wang Cong vs Tracy Cortez (UFC 332),MMA,,Wang Cong vs Tracy Cortez | FULL FIGHT | UFC 332,A09GMoVm9S8,https://www.youtube.com/watch?v=A09GMoVm9S8,UFC,UCvgfXK4nTYKudb0rFR6noLA,Ugwnm5G23JVPxmneLkx4AaABAg,https://www.youtube.com/watch?v=A09GMoVm9S8&lc=Ugwnm5G23JVPxmneLkx4AaABAg,They gave her a ts btw 😭😭😭,@MataryzOfficial,,7,1
YT000941,Wang Cong vs Tracy Cortez (UFC 332),MMA,,Wang Cong vs Tracy Cortez | FULL FIGHT | UFC 332,A09GMoVm9S8,https://www.youtube.com/watch?v=A09GMoVm9S8,UFC,UCvgfXK4nTYKudb0rFR6noLA,UgwEDxHz6SWZcOH6eYl4AaABAg,https://www.youtube.com/watch?v=A09GMoVm9S8&lc=UgwEDxHz6SWZcOH6eYl4AaABAg,"Bro this thumbnail of Cortez makes her look so chopped it ain't even funny...
Why they do her like that 🤷‍♂️",@johncperez5493,,3,1
YT000942,Wang Cong vs Tracy Cortez (UFC 332),MMA,,Wang Cong vs Tracy Cortez | FULL FIGHT | UFC 332,A09GMoVm9S8,https://www.youtube.com/watch?v=A09GMoVm9S8,UFC,UCvgfXK4nTYKudb0rFR6noLA,UgwPrcxv32xoASjpUkt4AaABAg,https://www.youtube.com/watch?v=A09GMoVm9S8&lc=UgwPrcxv32xoASjpUkt4AaABAg,Cortez is a Beast,@fflow263,, ,
YT000943,Wang Cong vs Tracy Cortez (UFC 332),MMA,,Wang Cong vs Tracy Cortez | FULL FIGHT | UFC 332,A09GMoVm9S8,https://www.youtube.com/watch?v=A09GMoVm9S8,UFC,UCvgfXK4nTYKudb0rFR6noLA,Ugw-XEBYOgL19O9b5J14AaABAg,https://www.youtube.com/watch?v=A09GMoVm9S8&lc=Ugw-XEBYOgL19O9b5J14AaABAg,Wang is a Shining STAR⭐️,@TripleDubMafia,, ,
YT000944,Wang Cong vs Tracy Cortez (UFC 332),MMA,,Wang Cong vs Tracy Cortez | FULL FIGHT | UFC 332,A09GMoVm9S8,https://www.youtube.com/watch?v=A09GMoVm9S8,UFC,UCvgfXK4nTYKudb0rFR6noLA,Ugxtybxobfxcq4xEMFF4AaABAg,https://www.youtube.com/watch?v=A09GMoVm9S8&lc=Ugxtybxobfxcq4xEMFF4AaABAg,"Sometimes the most unexpected things end up reaching us exactly when we need them. I wasn’t searching for another fitness book when I came across The Forgotten Method of Body Transformation by Andrew Parker. I was just going through the motions and feeling frustrated with myself. Something about the book made me step back and look at the patterns I had been repeating for years. It helped me understand that changing your body also means changing the habits and mindset behind it. If you’ve been feeling stuck too, maybe The Forgotten Method of Body Transformation will give you that same perspective.",@FranceBrecia,,27,
YT000945,Wang Cong vs Tracy Cortez (UFC 332),MMA,,Wang Cong vs Tracy Cortez | FULL FIGHT | UFC 332,A09GMoVm9S8,https://www.youtube.com/watch?v=A09GMoVm9S8,UFC,UCvgfXK4nTYKudb0rFR6noLA,UgyibZq9Cg39MOGGepp4AaABAg,https://www.youtube.com/watch?v=A09GMoVm9S8&lc=UgyibZq9Cg39MOGGepp4AaABAg,Funny how we’re supposed to act like we care about this main event lmao 😂 “this is the moment you’ve all been waiting for” yeah right,@vc.066,, ,
YT000946,Wang Cong vs Tracy Cortez (UFC 332),MMA,,Wang Cong vs Tracy Cortez | FULL FIGHT | UFC 332,A09GMoVm9S8,https://www.youtube.com/watch?v=A09GMoVm9S8,UFC,UCvgfXK4nTYKudb0rFR6noLA,UgzCoAP-WvDq_Y-K-u94AaABAg,https://www.youtube.com/watch?v=A09GMoVm9S8&lc=UgzCoAP-WvDq_Y-K-u94AaABAg,Shame on Tracy for thinking she could stand and strike with Cong. 😂,@The_Isaiahnator,, ,
YT000947,Wang Cong vs Tracy Cortez (UFC 332),MMA,,Wang Cong vs Tracy Cortez | FULL FIGHT | UFC 332,A09GMoVm9S8,https://www.youtube.com/watch?v=A09GMoVm9S8,UFC,UCvgfXK4nTYKudb0rFR6noLA,Ugzw-XPDuD-i298Nz9l4AaABAg,https://www.youtube.com/watch?v=A09GMoVm9S8&lc=Ugzw-XPDuD-i298Nz9l4AaABAg,Tracy Cortez ate wontons like a all-you-can eat buffet,@MrBlondophile,, ,
YT000948,Wang Cong vs Tracy Cortez (UFC 332),MMA,,Wang Cong vs Tracy Cortez | FULL FIGHT | UFC 332,A09GMoVm9S8,https://www.youtube.com/watch?v=A09GMoVm9S8,UFC,UCvgfXK4nTYKudb0rFR6noLA,UgxAfJw68jsRtwq467V4AaABAg,https://www.youtube.com/watch?v=A09GMoVm9S8&lc=UgxAfJw68jsRtwq467V4AaABAg,We know why we clicked on this video!,@BestBuzzHoneyBees,,42,5
YT000949,Manon Fiorot vs Alexa Grasso (Noche UFC),MMA,,UNANIMOUS DEC 😤 | Manon Fiorot vs. Alexa Grasso | Noche UFC Mini Fight Highlights,5iKM3jESoc4,https://www.youtube.com/watch?v=5iKM3jESoc4,UFC on Paramount+,UCS-uZIRjDlmyYHw2jUyCxzQ,Ugwr8UZlVl3Hlmve1Lx4AaABAg,https://www.youtube.com/watch?v=5iKM3jESoc4&lc=Ugwr8UZlVl3Hlmve1Lx4AaABAg,"Not quite sure how Fiorot could have thought she won that find, as her reaction to the decisions implied.",@Algingautr,,293,26
YT000950,Manon Fiorot vs Alexa Grasso (Noche UFC),MMA,,UNANIMOUS DEC 😤 | Manon Fiorot vs. Alexa Grasso | Noche UFC Mini Fight Highlights,5iKM3jESoc4,https://www.youtube.com/watch?v=5iKM3jESoc4,UFC on Paramount+,UCS-uZIRjDlmyYHw2jUyCxzQ,Ugw5SPlQhIdRq8IFG394AaABAg,https://www.youtube.com/watch?v=5iKM3jESoc4&lc=Ugw5SPlQhIdRq8IFG394AaABAg,Grasso boxing is super sharp.❤,@XXxCHRISxXX,,208,4
YT000951,Manon Fiorot vs Alexa Grasso (Noche UFC),MMA,,UNANIMOUS DEC 😤 | Manon Fiorot vs. Alexa Grasso | Noche UFC Mini Fight Highlights,5iKM3jESoc4,https://www.youtube.com/watch?v=5iKM3jESoc4,UFC on Paramount+,UCS-uZIRjDlmyYHw2jUyCxzQ,UgzhjqEDbBp5VPMi0mF4AaABAg,https://www.youtube.com/watch?v=5iKM3jESoc4&lc=UgzhjqEDbBp5VPMi0mF4AaABAg,"Grasso came to fight.

Manon did recover nicely in R3, but too late to get the win.

Fun fight.",@michaelsinger4638,,121,1
YT000952,Manon Fiorot vs Alexa Grasso (Noche UFC),MMA,,UNANIMOUS DEC 😤 | Manon Fiorot vs. Alexa Grasso | Noche UFC Mini Fight Highlights,5iKM3jESoc4,https://www.youtube.com/watch?v=5iKM3jESoc4,UFC on Paramount+,UCS-uZIRjDlmyYHw2jUyCxzQ,UgwIhFxYOgrlZnRonkd4AaABAg,https://www.youtube.com/watch?v=5iKM3jESoc4&lc=UgwIhFxYOgrlZnRonkd4AaABAg,"All the guys who say girl fights are boring can’t say shit because the fight before with Blaydes was so boring and garbage, then Grasso comes out in war mode and starts getting after it throwing more power shots in the first minute than the heavyweights in 3 rounds. Guerrera!",@Ridge-Bound,,51,3
YT000953,Manon Fiorot vs Alexa Grasso (Noche UFC),MMA,,UNANIMOUS DEC 😤 | Manon Fiorot vs. Alexa Grasso | Noche UFC Mini Fight Highlights,5iKM3jESoc4,https://www.youtube.com/watch?v=5iKM3jESoc4,UFC on Paramount+,UCS-uZIRjDlmyYHw2jUyCxzQ,Ugw4qsy1G_WrArZ6YA14AaABAg,https://www.youtube.com/watch?v=5iKM3jESoc4&lc=Ugw4qsy1G_WrArZ6YA14AaABAg,"NGL I thought Manon was going to run over Alexa, what a pleasant surprise to have seen Alexa take it to Manon, great match by both!!!!",@RurouniKenshinShinta,,79,5
YT000954,Manon Fiorot vs Alexa Grasso (Noche UFC),MMA,,UNANIMOUS DEC 😤 | Manon Fiorot vs. Alexa Grasso | Noche UFC Mini Fight Highlights,5iKM3jESoc4,https://www.youtube.com/watch?v=5iKM3jESoc4,UFC on Paramount+,UCS-uZIRjDlmyYHw2jUyCxzQ,UgzJffhjtDv4EryRIkV4AaABAg,https://www.youtube.com/watch?v=5iKM3jESoc4&lc=UgzJffhjtDv4EryRIkV4AaABAg,"Grasso's boxing is super sharp, not only her punches but her defense also.",@memolano100,,81,1
YT000955,Manon Fiorot vs Alexa Grasso (Noche UFC),MMA,,UNANIMOUS DEC 😤 | Manon Fiorot vs. Alexa Grasso | Noche UFC Mini Fight Highlights,5iKM3jESoc4,https://www.youtube.com/watch?v=5iKM3jESoc4,UFC on Paramount+,UCS-uZIRjDlmyYHw2jUyCxzQ,UgyuI1pujou2y_F3W5F4AaABAg,https://www.youtube.com/watch?v=5iKM3jESoc4&lc=UgyuI1pujou2y_F3W5F4AaABAg,2:54 I appreciate the ref here,@Williameg27,,41,
YT000956,Manon Fiorot vs Alexa Grasso (Noche UFC),MMA,,UNANIMOUS DEC 😤 | Manon Fiorot vs. Alexa Grasso | Noche UFC Mini Fight Highlights,5iKM3jESoc4,https://www.youtube.com/watch?v=5iKM3jESoc4,UFC on Paramount+,UCS-uZIRjDlmyYHw2jUyCxzQ,UgyueDCvpd7RIcvfDyd4AaABAg,https://www.youtube.com/watch?v=5iKM3jESoc4&lc=UgyueDCvpd7RIcvfDyd4AaABAg,Muy buena exhibición de Alexa!! VIVA MÉXICO 🇲🇽🇲🇽🇲🇽,@MsSincara2,,14,
YT000957,Manon Fiorot vs Alexa Grasso (Noche UFC),MMA,,UNANIMOUS DEC 😤 | Manon Fiorot vs. Alexa Grasso | Noche UFC Mini Fight Highlights,5iKM3jESoc4,https://www.youtube.com/watch?v=5iKM3jESoc4,UFC on Paramount+,UCS-uZIRjDlmyYHw2jUyCxzQ,UgxmIdfCPd_duAqtNt54AaABAg,https://www.youtube.com/watch?v=5iKM3jESoc4&lc=UgxmIdfCPd_duAqtNt54AaABAg,These 2 will fight again but it will be either for a belt or a main event making it 5 rounds. These ladies came to fight.,@Stranzua,,15,1
YT000958,Manon Fiorot vs Alexa Grasso (Noche UFC),MMA,,UNANIMOUS DEC 😤 | Manon Fiorot vs. Alexa Grasso | Noche UFC Mini Fight Highlights,5iKM3jESoc4,https://www.youtube.com/watch?v=5iKM3jESoc4,UFC on Paramount+,UCS-uZIRjDlmyYHw2jUyCxzQ,Ugwm3Akh77XvF3h7z3t4AaABAg,https://www.youtube.com/watch?v=5iKM3jESoc4&lc=Ugwm3Akh77XvF3h7z3t4AaABAg,Grasso took the momentum right away and kept it all the way through the second round.  This is the 2nd time Manon has been caught flat footed by an elite striker in the first round,@bluebird1212-f1b,,9,
YT000959,Manon Fiorot vs Alexa Grasso (Noche UFC),MMA,,UNANIMOUS DEC 😤 | Manon Fiorot vs. Alexa Grasso | Noche UFC Mini Fight Highlights,5iKM3jESoc4,https://www.youtube.com/watch?v=5iKM3jESoc4,UFC on Paramount+,UCS-uZIRjDlmyYHw2jUyCxzQ,UgzIGN5k6IYc83BrnLR4AaABAg,https://www.youtube.com/watch?v=5iKM3jESoc4&lc=UgzIGN5k6IYc83BrnLR4AaABAg,Alexa deberia usar mas las patadas eso la hace  mucho mas peligrosa aparte del boxeo,@Esteban-d4h,,28,2
YT000960,Manon Fiorot vs Alexa Grasso (Noche UFC),MMA,,UNANIMOUS DEC 😤 | Manon Fiorot vs. Alexa Grasso | Noche UFC Mini Fight Highlights,5iKM3jESoc4,https://www.youtube.com/watch?v=5iKM3jESoc4,UFC on Paramount+,UCS-uZIRjDlmyYHw2jUyCxzQ,UgzB7rLVUnlD7JW-wrd4AaABAg,https://www.youtube.com/watch?v=5iKM3jESoc4&lc=UgzB7rLVUnlD7JW-wrd4AaABAg,Super stoked for Alexa,@taxfree4603,,57,
YT000961,Manon Fiorot vs Alexa Grasso (Noche UFC),MMA,,UNANIMOUS DEC 😤 | Manon Fiorot vs. Alexa Grasso | Noche UFC Mini Fight Highlights,5iKM3jESoc4,https://www.youtube.com/watch?v=5iKM3jESoc4,UFC on Paramount+,UCS-uZIRjDlmyYHw2jUyCxzQ,UgzR2Vtea--TEbP_ifR4AaABAg,https://www.youtube.com/watch?v=5iKM3jESoc4&lc=UgzR2Vtea--TEbP_ifR4AaABAg,Fiorot is so much bigger and heavier at normal weight than Grasso and Grasso still outclassed her......just wow!,@yonceydelatorre3802,,21,8
YT000962,Manon Fiorot vs Alexa Grasso (Noche UFC),MMA,,UNANIMOUS DEC 😤 | Manon Fiorot vs. Alexa Grasso | Noche UFC Mini Fight Highlights,5iKM3jESoc4,https://www.youtube.com/watch?v=5iKM3jESoc4,UFC on Paramount+,UCS-uZIRjDlmyYHw2jUyCxzQ,UgxyhBjd6H8t-JBwUMJ4AaABAg,https://www.youtube.com/watch?v=5iKM3jESoc4&lc=UgxyhBjd6H8t-JBwUMJ4AaABAg,I LOVE me some Grasso but I just wish she would update her game plan.,@payneicecold3000,,42,7
YT000963,Manon Fiorot vs Alexa Grasso (Noche UFC),MMA,,UNANIMOUS DEC 😤 | Manon Fiorot vs. Alexa Grasso | Noche UFC Mini Fight Highlights,5iKM3jESoc4,https://www.youtube.com/watch?v=5iKM3jESoc4,UFC on Paramount+,UCS-uZIRjDlmyYHw2jUyCxzQ,Ugzr2Cxj81Uo-xk4HCp4AaABAg,https://www.youtube.com/watch?v=5iKM3jESoc4&lc=Ugzr2Cxj81Uo-xk4HCp4AaABAg,Grosso really should've punched Fiorot in the Adam's apple,@kevinbuchanan67,,7,
YT000964,Manon Fiorot vs Alexa Grasso (Noche UFC),MMA,,UNANIMOUS DEC 😤 | Manon Fiorot vs. Alexa Grasso | Noche UFC Mini Fight Highlights,5iKM3jESoc4,https://www.youtube.com/watch?v=5iKM3jESoc4,UFC on Paramount+,UCS-uZIRjDlmyYHw2jUyCxzQ,UgxSj92zKEZqyKJq5ER4AaABAg,https://www.youtube.com/watch?v=5iKM3jESoc4&lc=UgxSj92zKEZqyKJq5ER4AaABAg,Que viva Alexa Grasso la mejor peleadora latina la admiro desde Venezuela 👍,@ivanbraulia,,26,
YT000965,Natalia Silva vs Rose Namajunas (UFC 332),MMA,,Natalia Silva vs Rose Namajunas | FULL FIGHT | UFC 332,ZejN0UzIfKE,https://www.youtube.com/watch?v=ZejN0UzIfKE,UFC,UCvgfXK4nTYKudb0rFR6noLA,Ugy02OhFK_k4Qzp0HId4AaABAg,https://www.youtube.com/watch?v=ZejN0UzIfKE&lc=Ugy02OhFK_k4Qzp0HId4AaABAg,Best shadow boxing fight I ever seen,@legallyblind1357,,75,
YT000966,Natalia Silva vs Rose Namajunas (UFC 332),MMA,,Natalia Silva vs Rose Namajunas | FULL FIGHT | UFC 332,ZejN0UzIfKE,https://www.youtube.com/watch?v=ZejN0UzIfKE,UFC,UCvgfXK4nTYKudb0rFR6noLA,Ugy-OsGo7m78ZVDeRUh4AaABAg,https://www.youtube.com/watch?v=ZejN0UzIfKE&lc=Ugy-OsGo7m78ZVDeRUh4AaABAg,This fight looked like sparring.,@eroq43,,53,1
YT000967,Natalia Silva vs Rose Namajunas (UFC 332),MMA,,Natalia Silva vs Rose Namajunas | FULL FIGHT | UFC 332,ZejN0UzIfKE,https://www.youtube.com/watch?v=ZejN0UzIfKE,UFC,UCvgfXK4nTYKudb0rFR6noLA,Ugxcibq97rjvSqVB0r54AaABAg,https://www.youtube.com/watch?v=ZejN0UzIfKE&lc=Ugxcibq97rjvSqVB0r54AaABAg,They should've picked a different fight 😂 this is like Antipromotion,@Evil_Angelica,,51,1
YT000968,Natalia Silva vs Rose Namajunas (UFC 332),MMA,,Natalia Silva vs Rose Namajunas | FULL FIGHT | UFC 332,ZejN0UzIfKE,https://www.youtube.com/watch?v=ZejN0UzIfKE,UFC,UCvgfXK4nTYKudb0rFR6noLA,UgwGNWzjezEOKHgAhGl4AaABAg,https://www.youtube.com/watch?v=ZejN0UzIfKE&lc=UgwGNWzjezEOKHgAhGl4AaABAg,Did they make a deal not to hurt each other pre fight?,@micahbodha6129,,23,
YT000969,Natalia Silva vs Rose Namajunas (UFC 332),MMA,,Natalia Silva vs Rose Namajunas | FULL FIGHT | UFC 332,ZejN0UzIfKE,https://www.youtube.com/watch?v=ZejN0UzIfKE,UFC,UCvgfXK4nTYKudb0rFR6noLA,UgwQZBBGSQqrc6KkRst4AaABAg,https://www.youtube.com/watch?v=ZejN0UzIfKE&lc=UgwQZBBGSQqrc6KkRst4AaABAg,Crazy too cause I thought rose won this fight,@MMAscientist,,27,
YT000970,Natalia Silva vs Rose Namajunas (UFC 332),MMA,,Natalia Silva vs Rose Namajunas | FULL FIGHT | UFC 332,ZejN0UzIfKE,https://www.youtube.com/watch?v=ZejN0UzIfKE,UFC,UCvgfXK4nTYKudb0rFR6noLA,UgzprUWTK2NzxFttl794AaABAg,https://www.youtube.com/watch?v=ZejN0UzIfKE&lc=UgzprUWTK2NzxFttl794AaABAg,They both should have lost. I want my 15 minutes back.,@j.edwardmcwilliams6495,,24,2
YT000971,Natalia Silva vs Rose Namajunas (UFC 332),MMA,,Natalia Silva vs Rose Namajunas | FULL FIGHT | UFC 332,ZejN0UzIfKE,https://www.youtube.com/watch?v=ZejN0UzIfKE,UFC,UCvgfXK4nTYKudb0rFR6noLA,UgznqId5JyPw2PcTObV4AaABAg,https://www.youtube.com/watch?v=ZejN0UzIfKE&lc=UgznqId5JyPw2PcTObV4AaABAg,"Rose won the fight, this is a bad fight to promote for silva",@kruleee,,20,
YT000972,Natalia Silva vs Rose Namajunas (UFC 332),MMA,,Natalia Silva vs Rose Namajunas | FULL FIGHT | UFC 332,ZejN0UzIfKE,https://www.youtube.com/watch?v=ZejN0UzIfKE,UFC,UCvgfXK4nTYKudb0rFR6noLA,UgyEG4QnUkPrMc1Mf154AaABAg,https://www.youtube.com/watch?v=ZejN0UzIfKE&lc=UgyEG4QnUkPrMc1Mf154AaABAg,rose won this,@gamma738,,17,
YT000973,Natalia Silva vs Rose Namajunas (UFC 332),MMA,,Natalia Silva vs Rose Namajunas | FULL FIGHT | UFC 332,ZejN0UzIfKE,https://www.youtube.com/watch?v=ZejN0UzIfKE,UFC,UCvgfXK4nTYKudb0rFR6noLA,UgzbcTZFxcJRNu3ivop4AaABAg,https://www.youtube.com/watch?v=ZejN0UzIfKE&lc=UgzbcTZFxcJRNu3ivop4AaABAg,Another Robbery...,@707Milan,,17,
YT000974,Natalia Silva vs Rose Namajunas (UFC 332),MMA,,Natalia Silva vs Rose Namajunas | FULL FIGHT | UFC 332,ZejN0UzIfKE,https://www.youtube.com/watch?v=ZejN0UzIfKE,UFC,UCvgfXK4nTYKudb0rFR6noLA,UgwEQEmPGRJajS7F4W54AaABAg,https://www.youtube.com/watch?v=ZejN0UzIfKE&lc=UgwEQEmPGRJajS7F4W54AaABAg,Sharaf is the main character of the ufc after last night...,@oktover3031,,4,
YT000975,Natalia Silva vs Rose Namajunas (UFC 332),MMA,,Natalia Silva vs Rose Namajunas | FULL FIGHT | UFC 332,ZejN0UzIfKE,https://www.youtube.com/watch?v=ZejN0UzIfKE,UFC,UCvgfXK4nTYKudb0rFR6noLA,UgyIcvjp5FzkKWuo2gN4AaABAg,https://www.youtube.com/watch?v=ZejN0UzIfKE&lc=UgyIcvjp5FzkKWuo2gN4AaABAg,"I'll say it. I'm not a fan of hearing the corner constantly yelling out instructions or atta girls/boys to their fighters, I find extremely annoying especially when you hear it over the announcers. Also, Rose was robbed.",@anthonyjuarez7543,,12,5
YT000976,Natalia Silva vs Rose Namajunas (UFC 332),MMA,,Natalia Silva vs Rose Namajunas | FULL FIGHT | UFC 332,ZejN0UzIfKE,https://www.youtube.com/watch?v=ZejN0UzIfKE,UFC,UCvgfXK4nTYKudb0rFR6noLA,Ugz8bWzbVSyJPOfnU1d4AaABAg,https://www.youtube.com/watch?v=ZejN0UzIfKE&lc=Ugz8bWzbVSyJPOfnU1d4AaABAg,"If you're trying to promote Silva, you picked the wrong fight. Rose won that fight.",@papaschuette,,30,
YT000977,Natalia Silva vs Rose Namajunas (UFC 332),MMA,,Natalia Silva vs Rose Namajunas | FULL FIGHT | UFC 332,ZejN0UzIfKE,https://www.youtube.com/watch?v=ZejN0UzIfKE,UFC,UCvgfXK4nTYKudb0rFR6noLA,UgzsUo8y5k_VLyt9Wmp4AaABAg,https://www.youtube.com/watch?v=ZejN0UzIfKE&lc=UgzsUo8y5k_VLyt9Wmp4AaABAg,Should've been 29-28 Rose..,@BrandonKMMA,,22,
YT000978,Natalia Silva vs Rose Namajunas (UFC 332),MMA,,Natalia Silva vs Rose Namajunas | FULL FIGHT | UFC 332,ZejN0UzIfKE,https://www.youtube.com/watch?v=ZejN0UzIfKE,UFC,UCvgfXK4nTYKudb0rFR6noLA,UgwWMk-8XG7sGkaeXJh4AaABAg,https://www.youtube.com/watch?v=ZejN0UzIfKE&lc=UgwWMk-8XG7sGkaeXJh4AaABAg,It’s insane how underrated book called The Draveny Method by Paul Draveny still is. Anyone serious about peak testosterone should’ve read this already.,@zarhaq,,73,
YT000979,Natalia Silva vs Rose Namajunas (UFC 332),MMA,,Natalia Silva vs Rose Namajunas | FULL FIGHT | UFC 332,ZejN0UzIfKE,https://www.youtube.com/watch?v=ZejN0UzIfKE,UFC,UCvgfXK4nTYKudb0rFR6noLA,UgyLcBFW_mfLNoLlgH54AaABAg,https://www.youtube.com/watch?v=ZejN0UzIfKE&lc=UgyLcBFW_mfLNoLlgH54AaABAg,UFC 332?,@ActionJacksonForever,,4,
YT000980,Natalia Silva vs Rose Namajunas (UFC 332),MMA,,Natalia Silva vs Rose Namajunas | FULL FIGHT | UFC 332,ZejN0UzIfKE,https://www.youtube.com/watch?v=ZejN0UzIfKE,UFC,UCvgfXK4nTYKudb0rFR6noLA,Ugz7wHyjpkjaOlqv5S14AaABAg,https://www.youtube.com/watch?v=ZejN0UzIfKE&lc=Ugz7wHyjpkjaOlqv5S14AaABAg,"Sylva is the moste overrated fighter I have seen.  She has one strategy: defense.  She never, ever engages and her wins are like a steal every time.  It borke my heart against Grasso.  At the end of the fight, she was basically running away from her refusing to engage capitalizing on points she had made.  I don't get why she has the oppportunity of championship fights.",@PYLongval,,6,
YT000981,Spain vs Argentina (2026 FIFA World Cup Final),Football,2026-07-19,Spain vs Argentina Highlights 🌎🏆 2026 FIFA World Cup™ | Final,x-cpRHf4xd4,https://www.youtube.com/watch?v=x-cpRHf4xd4,FOX Sports,UCwNqHDsnBCKT-olwJwIFyfg,UgxP9n_WCGPgfycziI94AaABAg,https://www.youtube.com/watch?v=x-cpRHf4xd4&lc=UgxP9n_WCGPgfycziI94AaABAg,"Goal scorers get all the glory, but it was Spain's defense that won them this World Cup. Allowing only one goal against in the entire tournament is remarkable.",@KP-jv1go,,518,10
YT000982,Spain vs Argentina (2026 FIFA World Cup Final),Football,2026-07-19,Spain vs Argentina Highlights 🌎🏆 2026 FIFA World Cup™ | Final,x-cpRHf4xd4,https://www.youtube.com/watch?v=x-cpRHf4xd4,FOX Sports,UCwNqHDsnBCKT-olwJwIFyfg,UgyZWK38p-soCco90cJ4AaABAg,https://www.youtube.com/watch?v=x-cpRHf4xd4&lc=UgyZWK38p-soCco90cJ4AaABAg,The better team won. Congrats to Spain! 🇪🇸,@Joe-i7z3x,,4K,71
YT000983,Spain vs Argentina (2026 FIFA World Cup Final),Football,2026-07-19,Spain vs Argentina Highlights 🌎🏆 2026 FIFA World Cup™ | Final,x-cpRHf4xd4,https://www.youtube.com/watch?v=x-cpRHf4xd4,FOX Sports,UCwNqHDsnBCKT-olwJwIFyfg,Ugx1h5umehabuum-gI94AaABAg,https://www.youtube.com/watch?v=x-cpRHf4xd4&lc=Ugx1h5umehabuum-gI94AaABAg,"Hats off to Spain, the best team won this World Cup. Argentina’s luck ran out against an elite disciplined opponent.",@caynehampton1878,,671,35
YT000984,Spain vs Argentina (2026 FIFA World Cup Final),Football,2026-07-19,Spain vs Argentina Highlights 🌎🏆 2026 FIFA World Cup™ | Final,x-cpRHf4xd4,https://www.youtube.com/watch?v=x-cpRHf4xd4,FOX Sports,UCwNqHDsnBCKT-olwJwIFyfg,UgwGAulW_UCPjH_PQ2J4AaABAg,https://www.youtube.com/watch?v=x-cpRHf4xd4&lc=UgwGAulW_UCPjH_PQ2J4AaABAg,"I'm very happy for the Spaniard people and Spain!
🇪🇸",@kartikrajsingh1895,,7,
YT000985,United States vs Australia (2026 FIFA World Cup),Football,,United States vs Australia Extended Highlights 🌎🏆 2026 FIFA World Cup™,1gMiT5r-K7Q,https://www.youtube.com/watch?v=1gMiT5r-K7Q,FOX Sports,UCwNqHDsnBCKT-olwJwIFyfg,Ugyocn3CGyK5ZWkoaQ94AaABAg,https://www.youtube.com/watch?v=1gMiT5r-K7Q&lc=Ugyocn3CGyK5ZWkoaQ94AaABAg,"Proud of this U.S. team and I'm a Germany fan. Great performances in their first World Cup games. Top notch, keep it up!",@ricantaino8474,,145,3
YT000986,United States vs Australia (2026 FIFA World Cup),Football,,United States vs Australia Extended Highlights 🌎🏆 2026 FIFA World Cup™,1gMiT5r-K7Q,https://www.youtube.com/watch?v=1gMiT5r-K7Q,FOX Sports,UCwNqHDsnBCKT-olwJwIFyfg,UgxQMW7OOIKDF49Uib54AaABAg,https://www.youtube.com/watch?v=1gMiT5r-K7Q&lc=UgxQMW7OOIKDF49Uib54AaABAg,Bad finishing by US in 2nd half. Have to do better if they want to go far in this WC,@tiotito31,,19,
YT000987,United States vs Australia (2026 FIFA World Cup),Football,,United States vs Australia Extended Highlights 🌎🏆 2026 FIFA World Cup™,1gMiT5r-K7Q,https://www.youtube.com/watch?v=1gMiT5r-K7Q,FOX Sports,UCwNqHDsnBCKT-olwJwIFyfg,UgycHiYKAIAQiFgdF294AaABAg,https://www.youtube.com/watch?v=1gMiT5r-K7Q&lc=UgycHiYKAIAQiFgdF294AaABAg,Love seeing Russell Crowe leading the US team.,@garyi.1360,,8,
YT000988,United States vs Australia (2026 FIFA World Cup),Football,,United States vs Australia Extended Highlights 🌎🏆 2026 FIFA World Cup™,1gMiT5r-K7Q,https://www.youtube.com/watch?v=1gMiT5r-K7Q,FOX Sports,UCwNqHDsnBCKT-olwJwIFyfg,UgxeU84TDs17XmlyIrx4AaABAg,https://www.youtube.com/watch?v=1gMiT5r-K7Q&lc=UgxeU84TDs17XmlyIrx4AaABAg,USA 🇺🇸 is looking good. Clutchy to qualify for the round of 32 in the first 2 games,@goodmunny7993,,65,
YT000989,Mexico vs South Korea (2026 FIFA World Cup),Football,,Mexico vs South Korea Extended Highlights 🌎🏆 2026 FIFA World Cup™,F1sMvm6D-0Y,https://www.youtube.com/watch?v=F1sMvm6D-0Y,FOX Sports,UCwNqHDsnBCKT-olwJwIFyfg,UgxPff6JSeKPy-ZJl0F4AaABAg,https://www.youtube.com/watch?v=F1sMvm6D-0Y&lc=UgxPff6JSeKPy-ZJl0F4AaABAg,"Love both teams, wish it was a tie but Mexico capitalized on South Korea 's major mistake 🇲🇽❤🇰🇷",@SugaKookie14,,162,2
YT000990,Mexico vs South Korea (2026 FIFA World Cup),Football,,Mexico vs South Korea Extended Highlights 🌎🏆 2026 FIFA World Cup™,F1sMvm6D-0Y,https://www.youtube.com/watch?v=F1sMvm6D-0Y,FOX Sports,UCwNqHDsnBCKT-olwJwIFyfg,UgzlARmeN1P1Orqup5J4AaABAg,https://www.youtube.com/watch?v=F1sMvm6D-0Y&lc=UgzlARmeN1P1Orqup5J4AaABAg,"Honestly it looked like neither Mexico or South Korea was really trying their best to win, after that South Africa and Czech tied.",@mteagleworld,,537,34
YT000991,Mexico vs South Korea (2026 FIFA World Cup),Football,,Mexico vs South Korea Extended Highlights 🌎🏆 2026 FIFA World Cup™,F1sMvm6D-0Y,https://www.youtube.com/watch?v=F1sMvm6D-0Y,FOX Sports,UCwNqHDsnBCKT-olwJwIFyfg,Ugwc1VLsPlYD_7MjKHN4AaABAg,https://www.youtube.com/watch?v=F1sMvm6D-0Y&lc=Ugwc1VLsPlYD_7MjKHN4AaABAg,"from an SK fan, massive respect to Mexico and wish them the best in the rest of the tournament",@AspLode,,7,
YT000992,Mexico vs South Korea (2026 FIFA World Cup),Football,,Mexico vs South Korea Extended Highlights 🌎🏆 2026 FIFA World Cup™,F1sMvm6D-0Y,https://www.youtube.com/watch?v=F1sMvm6D-0Y,FOX Sports,UCwNqHDsnBCKT-olwJwIFyfg,UgySC3iot5i1PZMkTNF4AaABAg,https://www.youtube.com/watch?v=F1sMvm6D-0Y&lc=UgySC3iot5i1PZMkTNF4AaABAg,"First of all, Huge congratulations to Mexico! As a Korean, Mexico totally deserved the win; they definitely earned it.",@bongyongchoi8057,,1,
YT000993,Portugal vs Uzbekistan (2026 FIFA World Cup),Football,,Portugal vs Uzbekistan Extended Highlights 🌎🏆 2026 FIFA World Cup™,jqgn-kY0rFA,https://www.youtube.com/watch?v=jqgn-kY0rFA,FOX Sports,UCwNqHDsnBCKT-olwJwIFyfg,UgzBOrY0FzB5ezbkYzl4AaABAg,https://www.youtube.com/watch?v=jqgn-kY0rFA&lc=UgzBOrY0FzB5ezbkYzl4AaABAg,They learned from their last game. Use your striker instead of playing defense the whole time. 👌🏽,@Anxious_joke05,,845,28
YT000994,Portugal vs Uzbekistan (2026 FIFA World Cup),Football,,Portugal vs Uzbekistan Extended Highlights 🌎🏆 2026 FIFA World Cup™,jqgn-kY0rFA,https://www.youtube.com/watch?v=jqgn-kY0rFA,FOX Sports,UCwNqHDsnBCKT-olwJwIFyfg,UgwHRg1FEPzwvwpvcjx4AaABAg,https://www.youtube.com/watch?v=jqgn-kY0rFA&lc=UgwHRg1FEPzwvwpvcjx4AaABAg,That second goal tricked everyone! We all expected CR7 to take it; genius!,@WarrioroftheWest7,,55,
YT000995,Portugal vs Uzbekistan (2026 FIFA World Cup),Football,,Portugal vs Uzbekistan Extended Highlights 🌎🏆 2026 FIFA World Cup™,jqgn-kY0rFA,https://www.youtube.com/watch?v=jqgn-kY0rFA,FOX Sports,UCwNqHDsnBCKT-olwJwIFyfg,UgwoTM0GbwZB6VLGzPN4AaABAg,https://www.youtube.com/watch?v=jqgn-kY0rFA&lc=UgwoTM0GbwZB6VLGzPN4AaABAg,"it's great to see that Ronaldo is still doing well even as he ages, and this is coming from a Messi fan 🔥",@1neo.z,,1.1K,45
YT000996,Portugal vs Uzbekistan (2026 FIFA World Cup),Football,,Portugal vs Uzbekistan Extended Highlights 🌎🏆 2026 FIFA World Cup™,jqgn-kY0rFA,https://www.youtube.com/watch?v=jqgn-kY0rFA,FOX Sports,UCwNqHDsnBCKT-olwJwIFyfg,UgxkF95EOA_Zu0ZvTIN4AaABAg,https://www.youtube.com/watch?v=jqgn-kY0rFA&lc=UgxkF95EOA_Zu0ZvTIN4AaABAg,"Seeing the whole stadium hit the SUIIII with Ronaldo is so cool to watch, I can't even imagine how cool it is to be there in person. Anyone who said this WC was going to be lame or boring has never been more wrong",@adamlorentz8569,,7,
YT000997,Argentina vs Egypt (2026 FIFA World Cup Round of 16),Football,,Argentina vs Egypt Highlights 🌎🏆 2026 FIFA World Cup™ | Round of 16,XO3x8vm0Ijc,https://www.youtube.com/watch?v=XO3x8vm0Ijc,FOX Sports,UCwNqHDsnBCKT-olwJwIFyfg,UgzE7Bc8UlFMwVU-8Bh4AaABAg,https://www.youtube.com/watch?v=XO3x8vm0Ijc&lc=UgzE7Bc8UlFMwVU-8Bh4AaABAg,Egypt’s disallowed goal was A RIDICULOUS misuse of VAR,@arveyilleszender5809,,1.7K,63
YT000998,Argentina vs Egypt (2026 FIFA World Cup Round of 16),Football,,Argentina vs Egypt Highlights 🌎🏆 2026 FIFA World Cup™ | Round of 16,XO3x8vm0Ijc,https://www.youtube.com/watch?v=XO3x8vm0Ijc,FOX Sports,UCwNqHDsnBCKT-olwJwIFyfg,Ugz-z0IHmmT4CGFqRDt4AaABAg,https://www.youtube.com/watch?v=XO3x8vm0Ijc&lc=Ugz-z0IHmmT4CGFqRDt4AaABAg,Respect Egypt you guys played well,@Koolboyyyyyyyyyanthony,,5.1K,102
YT000999,Argentina vs Egypt (2026 FIFA World Cup Round of 16),Football,,Argentina vs Egypt Highlights 🌎🏆 2026 FIFA World Cup™ | Round of 16,XO3x8vm0Ijc,https://www.youtube.com/watch?v=XO3x8vm0Ijc,FOX Sports,UCwNqHDsnBCKT-olwJwIFyfg,UgwsNSzS2m8-ie0xFNF4AaABAg,https://www.youtube.com/watch?v=XO3x8vm0Ijc&lc=UgwsNSzS2m8-ie0xFNF4AaABAg,Egyptian goalkeeper is phenomenal!!,@shendong4363,,1.2K,18
YT001000,Argentina vs Egypt (2026 FIFA World Cup Round of 16),Football,,Argentina vs Egypt Highlights 🌎🏆 2026 FIFA World Cup™ | Round of 16,XO3x8vm0Ijc,https://www.youtube.com/watch?v=XO3x8vm0Ijc,FOX Sports,UCwNqHDsnBCKT-olwJwIFyfg,UgzWiZCVOYkRC2enQO94AaABAg,https://www.youtube.com/watch?v=XO3x8vm0Ijc&lc=UgzWiZCVOYkRC2enQO94AaABAg,This is the game that started the controversy against Argentina. And true they did turn into villains after this match,@Wontstopscreaming,,10,
